Type,Millis,Data1,Data2,Data3,Data4,Data5,Data6
GPS,29708,59.361417,18.049408,2.07,0.00,4
GPS,30186,59.361416,18.049412,2.07,0.28,4
GPS,30684,59.361416,18.049412,0.74,0.28,4
GPS,31182,59.361415,18.049408,0.74,0.17,4
GPS,31680,59.361415,18.049408,1.24,0.17,4
GPS,32188,59.361415,18.049405,1.24,0.21,4
GPS,32686,59.361415,18.049405,1.17,0.21,4
GPS,33184,59.361417,18.049393,1.17,0.80,4
GPS,33682,59.361417,18.049393,1.46,0.80,4
GPS,34200,59.361441,18.049429,1.46,2.98,4
GPS,34699,59.361441,18.049429,1.37,2.98,4
GPS,35206,59.361433,18.049450,1.37,3.06,4
GPS,35704,59.361433,18.049450,1.56,3.06,4
GPS,36202,59.361431,18.049449,1.56,2.79,4
GPS,36701,59.361431,18.049449,1.30,2.79,4
GPS,37208,59.361429,18.049451,1.30,2.83,4
GPS,37715,59.361429,18.049451,1.13,2.83,4
GPS,38213,59.361428,18.049446,1.13,2.51,4
GPS,38750,59.361428,18.049446,0.76,2.51,4
GPS,39219,59.361429,18.049438,0.76,2.22,8
GPS,39756,59.361429,18.049438,0.00,2.22,8
GPS,40225,59.361432,18.049402,0.00,1.66,9
GPS,40772,59.361432,18.049402,0.00,1.66,9
GPS,41221,59.361436,18.049339,0.00,4.45,9
GPS,41768,59.361436,18.049339,0.00,4.45,9
IMU,29219,45,756,710,-5,5,-9
IMU,29229,37,753,706,-4,5,-9
IMU,29239,35,752,716,-5,4,-9
IMU,29249,29,748,718,-4,4,-8
IMU,29258,33,750,711,-5,3,-7
IMU,29268,34,749,723,-5,3,-7
IMU,29278,32,758,716,-5,2,-6
IMU,29288,80,766,724,-4,2,-6
IMU,29297,60,760,732,-5,3,-7
IMU,29307,40,754,716,-5,2,-6
IMU,29317,59,758,739,-5,1,-6
IMU,29327,13,758,712,-5,1,-5
IMU,29336,51,770,739,-6,0,-3
IMU,29346,94,766,716,-5,1,-5
IMU,29356,50,763,726,-5,2,-6
IMU,29366,56,759,721,-5,1,-6
IMU,29375,27,769,733,-5,1,-6
IMU,29385,19,758,715,-5,0,-5
IMU,29395,62,766,738,-5,1,-5
IMU,29405,66,752,713,-5,1,-6
IMU,29415,45,754,744,-4,2,-6
IMU,29424,41,740,728,-5,3,-7
IMU,29434,37,752,738,-5,2,-7
IMU,29444,40,751,721,-5,2,-7
IMU,29454,53,758,742,-5,3,-8
IMU,29463,46,755,710,-5,3,-8
IMU,29473,25,755,735,-5,3,-8
IMU,29483,28,756,720,-6,3,-8
IMU,29493,21,763,741,-5,3,-8
IMU,29502,32,760,752,-5,3,-8
IMU,29512,39,767,763,-5,3,-8
IMU,29522,16,759,745,-5,3,-8
IMU,29532,18,769,745,-5,3,-7
IMU,29541,36,772,727,-5,3,-7
IMU,29551,29,787,731,-4,3,-8
IMU,29561,26,779,723,-4,3,-8
IMU,29571,23,772,733,-4,3,-8
IMU,29581,12,762,735,-4,4,-8
IMU,29590,24,762,745,-4,4,-9
IMU,29600,28,758,726,-4,4,-9
IMU,29610,20,776,724,-4,4,-9
IMU,29620,5,752,698,-4,4,-9
IMU,29629,-5,760,742,-5,4,-9
IMU,29639,7,745,703,-4,4,-9
IMU,29649,5,756,749,-5,4,-8
IMU,29659,0,724,721,-5,3,-8
IMU,29668,-5,737,771,-5,3,-8
IMU,29678,-1,728,732,-5,3,-7
IMU,29688,0,738,772,-4,2,-7
IMU,29698,-3,721,740,-5,2,-7
IMU,29708,11,740,776,-5,2,-7
IMU,29717,6,725,727,-4,2,-7
IMU,29727,4,761,780,-4,3,-8
IMU,29737,14,725,709,-4,4,-8
IMU,29747,-4,740,794,-4,4,-9
IMU,29756,0,719,701,-4,5,-9
IMU,29766,-21,749,775,-3,5,-9
IMU,29776,-39,732,696,-5,4,-9
IMU,29786,-86,745,719,-4,2,-6
IMU,29795,-69,742,703,-6,0,-2
IMU,29805,-70,753,729,-5,-1,-2
IMU,29815,4,733,717,-6,-2,0
IMU,29825,45,748,752,-5,0,-3
IMU,29834,-2,737,707,-5,1,-4
IMU,29844,5,741,753,-4,1,-4
IMU,29854,-15,743,722,-5,3,-6
IMU,29864,34,742,732,-5,2,-5
IMU,29874,56,742,709,-5,4,-7
IMU,29883,-16,751,713,-5,3,-6
IMU,29893,-43,747,698,-5,1,-5
IMU,29903,-77,741,712,-5,0,-3
IMU,29913,-44,733,700,-6,-2,-1
IMU,29922,-5,735,724,-6,-2,0
IMU,29932,-45,739,710,-6,-3,0
IMU,29942,-65,746,698,-6,-5,2
IMU,29952,-50,752,697,-7,-6,4
IMU,29961,-1,757,689,-7,-7,5
IMU,29971,52,765,723,-7,-7,4
IMU,29981,50,767,701,-7,-5,2
IMU,29991,7,769,719,-6,-4,0
IMU,30000,-9,758,696,-6,-4,0
IMU,30010,-6,761,708,-6,-4,1
IMU,30020,18,755,717,-6,-4,1
IMU,30030,22,756,715,-6,-3,0
IMU,30040,-20,757,705,-6,-3,0
IMU,30049,-39,759,702,-6,-4,1
IMU,30059,-46,754,696,-6,-5,2
IMU,30069,-24,755,701,-7,-6,3
IMU,30079,-6,748,703,-7,-6,3
IMU,30088,-20,742,704,-7,-6,4
IMU,30098,-39,740,705,-7,-7,5
IMU,30108,-35,745,717,-8,-8,6
IMU,30118,-11,747,722,-7,-9,6
IMU,30127,8,748,725,-8,-9,6
IMU,30137,4,742,732,-8,-9,5
IMU,30147,-9,753,726,-8,-8,5
IMU,30157,-12,758,719,-7,-8,5
IMU,30166,-2,761,737,-7,-8,5
IMU,30176,20,759,731,-7,-7,4
IMU,30186,15,760,743,-7,-6,2
IMU,30196,-3,759,730,-7,-5,1
IMU,30206,-13,760,725,-7,-4,0
IMU,30215,-25,760,728,-6,-4,0
IMU,30225,-17,762,729,-7,-3,0
IMU,30235,-16,759,742,-6,-3,0
IMU,30245,-33,757,735,-6,-2,0
IMU,30254,-48,758,730,-6,-3,0
IMU,30264,-56,742,738,-6,-3,0
IMU,30274,-46,739,745,-7,-3,0
IMU,30284,-18,741,758,-6,-3,1
IMU,30293,-20,743,730,-7,-3,0
IMU,30303,-8,756,733,-6,-3,0
IMU,30313,-8,759,731,-7,-3,0
IMU,30323,-8,755,725,-6,-3,0
IMU,30333,-8,748,738,-7,-4,1
IMU,30342,2,746,741,-6,-4,1
IMU,30352,9,754,753,-7,-5,1
IMU,30362,8,745,746,-6,-4,1
IMU,30372,-9,747,734,-8,-5,2
IMU,30381,17,758,736,-6,-6,3
IMU,30391,-21,756,744,-7,-6,3
IMU,30401,-8,753,725,-6,-7,4
IMU,30411,65,757,760,-7,-7,3
IMU,30420,36,739,733,-5,-5,2
IMU,30430,4,757,744,-7,-5,1
IMU,30440,-28,756,706,-6,-5,1
IMU,30450,-44,763,734,-7,-6,2
IMU,30459,-8,750,716,-6,-7,3
IMU,30469,-27,755,742,-7,-6,2
IMU,30479,-7,753,702,-7,-5,2
IMU,30489,-13,765,767,-6,-4,0
IMU,30499,-18,763,696,-6,-4,0
IMU,30508,-22,771,717,-6,-3,0
IMU,30518,-14,762,728,-6,-2,-1
IMU,30528,-16,776,741,-6,-1,-2
IMU,30538,8,806,692,-6,0,-2
IMU,30547,-7,757,703,-4,0,-3
IMU,30557,-31,761,782,-6,1,-4
IMU,30567,-13,737,685,-5,0,-4
IMU,30577,-14,744,803,-4,0,-4
IMU,30586,-27,750,662,-7,1,-5
IMU,30596,-37,767,752,-2,0,-4
IMU,30606,-50,748,675,-7,0,-4
IMU,30616,-40,742,720,-2,-1,-2
IMU,30625,-44,731,724,-7,-1,-3
IMU,30635,-14,722,720,-4,0,-3
IMU,30645,-11,729,761,-7,0,-3
IMU,30655,-39,728,686,-4,0,-3
IMU,30665,-40,736,747,-7,-1,-2
IMU,30674,1,744,721,-6,-1,-2
IMU,30684,28,752,764,-6,0,-2
IMU,30694,22,742,710,-5,0,-3
IMU,30704,-3,750,725,-5,0,-4
IMU,30713,-4,745,719,-6,0,-3
IMU,30723,6,749,743,-5,0,-3
IMU,30733,18,744,729,-5,0,-4
IMU,30743,12,743,725,-5,0,-4
IMU,30752,-18,738,714,-6,0,-4
IMU,30762,-41,747,726,-6,0,-2
IMU,30772,-17,742,714,-6,-2,-1
IMU,30782,9,744,714,-6,-2,0
IMU,30791,16,743,706,-6,-1,0
IMU,30801,-7,751,720,-6,-2,0
IMU,30811,-27,746,711,-6,-3,0
IMU,30821,-18,748,716,-7,-4,1
IMU,30831,3,742,710,-6,-5,2
IMU,30840,18,747,727,-7,-5,2
IMU,30850,9,745,724,-7,-5,2
IMU,30860,-22,752,726,-7,-5,2
IMU,30870,-28,751,710,-7,-6,3
IMU,30879,-18,758,723,-8,-7,4
IMU,30889,-8,758,719,-7,-7,4
IMU,30899,-8,761,735,-7,-7,5
IMU,30909,-16,759,724,-7,-7,5
IMU,30918,-22,759,729,-7,-8,5
IMU,30928,-22,757,722,-7,-8,5
IMU,30938,-17,762,734,-7,-8,5
IMU,30948,-15,758,726,-7,-7,5
IMU,30958,-23,756,726,-7,-7,5
IMU,30967,-38,757,719,-7,-7,5
IMU,30977,-38,757,723,-7,-8,5
IMU,30987,-27,758,719,-7,-8,5
IMU,30997,-21,757,718,-7,-8,5
IMU,31006,-21,758,713,-7,-8,5
IMU,31016,-29,758,719,-7,-8,5
IMU,31026,-39,763,711,-8,-8,6
IMU,31036,-32,762,716,-7,-9,6
IMU,31045,-28,765,718,-8,-9,6
IMU,31055,-13,761,708,-8,-9,6
IMU,31065,-7,764,725,-8,-9,6
IMU,31075,-14,765,714,-8,-8,6
IMU,31084,-17,765,722,-8,-9,6
IMU,31094,-15,763,717,-8,-9,6
IMU,31104,-6,767,726,-7,-8,6
IMU,31114,3,768,723,-7,-8,5
IMU,31124,0,770,725,-7,-7,4
IMU,31133,-12,766,718,-7,-7,4
IMU,31143,-25,764,723,-7,-7,4
IMU,31153,-26,759,724,-7,-7,4
IMU,31163,-22,759,725,-7,-8,5
IMU,31172,-18,757,724,-7,-8,5
IMU,31182,-18,757,726,-7,-8,5
IMU,31192,-16,761,723,-7,-8,5
IMU,31202,-10,762,725,-7,-8,5
IMU,31211,-2,759,723,-7,-7,5
IMU,31221,12,757,729,-7,-7,4
IMU,31231,20,752,727,-7,-6,3
IMU,31241,54,749,749,-6,-5,2
IMU,31250,39,747,739,-6,-2,0
IMU,31260,14,750,725,-6,-2,0
IMU,31270,-8,754,715,-6,-2,-1
IMU,31280,-55,749,706,-6,-3,0
IMU,31290,-9,749,721,-7,-5,1
IMU,31299,11,746,724,-6,-5,1
IMU,31309,4,746,729,-6,-5,1
IMU,31319,-5,753,723,-6,-4,1
IMU,31329,-30,761,724,-7,-5,2
IMU,31338,0,768,718,-6,-5,2
IMU,31348,32,768,722,-7,-5,2
IMU,31358,42,768,723,-6,-4,1
IMU,31368,50,767,728,-6,-3,0
IMU,31377,17,757,723,-6,-2,0
IMU,31387,-2,757,730,-6,-2,0
IMU,31397,11,759,714,-6,-3,0
IMU,31407,10,759,720,-6,-3,0
IMU,31416,6,758,718,-6,-2,0
IMU,31426,-10,760,714,-6,-3,0
IMU,31436,-22,757,708,-6,-3,0
IMU,31446,-11,754,717,-6,-4,1
IMU,31456,10,753,714,-6,-4,1
IMU,31465,19,750,722,-6,-4,1
IMU,31475,22,749,717,-6,-4,1
IMU,31485,-5,751,712,-6,-5,1
IMU,31495,3,747,710,-6,-5,2
IMU,31504,15,746,721,-6,-6,2
IMU,31514,14,739,710,-6,-6,2
IMU,31524,0,738,715,-6,-6,2
IMU,31534,-22,738,701,-7,-6,3
IMU,31543,-31,740,711,-7,-7,4
IMU,31553,-20,739,708,-7,-8,5
IMU,31563,0,741,711,-7,-8,6
IMU,31573,19,738,712,-7,-8,5
IMU,31583,10,740,719,-7,-8,5
IMU,31592,6,745,706,-7,-8,5
IMU,31602,17,747,721,-7,-8,5
IMU,31612,25,741,721,-7,-7,5
IMU,31622,27,745,730,-7,-7,4
IMU,31631,14,745,719,-7,-6,3
IMU,31641,0,746,729,-7,-6,3
IMU,31651,-9,748,725,-7,-6,3
IMU,31661,-11,759,722,-7,-6,3
IMU,31670,-5,758,725,-7,-6,3
IMU,31680,-11,760,735,-7,-5,2
IMU,31690,-15,763,721,-7,-5,2
IMU,31700,-4,778,722,-7,-5,2
IMU,31709,0,753,735,-6,-5,2
IMU,31719,0,762,764,-7,-5,2
IMU,31729,0,757,711,-7,-4,1
IMU,31739,10,766,767,-6,-5,1
IMU,31749,26,756,713,-7,-4,1
IMU,31758,5,770,746,-6,-4,0
IMU,31768,6,763,704,-7,-4,0
IMU,31778,14,765,749,-5,-4,0
IMU,31788,-7,753,707,-7,-4,0
IMU,31797,-15,763,738,-6,-4,0
IMU,31807,-7,752,715,-7,-3,0
IMU,31817,-9,757,732,-6,-4,0
IMU,31827,0,753,721,-7,-3,0
IMU,31836,8,756,734,-6,-3,0
IMU,31846,25,757,735,-7,-2,0
IMU,31856,29,766,729,-6,-2,-1
IMU,31866,17,762,722,-6,-2,-1
IMU,31875,18,763,741,-6,-2,-1
IMU,31885,21,754,735,-6,-1,-2
IMU,31895,30,760,752,-5,-1,-3
IMU,31905,29,749,737,-6,0,-4
IMU,31915,10,756,742,-5,0,-4
IMU,31924,-8,756,734,-6,0,-4
IMU,31934,-23,756,744,-5,0,-4
IMU,31944,-26,751,716,-6,0,-3
IMU,31954,-12,758,732,-5,-1,-2
IMU,31963,2,754,730,-6,0,-3
IMU,31973,20,758,738,-5,0,-3
IMU,31983,16,751,731,-5,0,-3
IMU,31993,10,751,730,-5,0,-3
IMU,32002,10,749,733,-6,-1,-3
IMU,32012,16,752,736,-5,0,-3
IMU,32022,16,747,729,-6,0,-4
IMU,32032,10,750,723,-6,0,-4
IMU,32041,8,757,726,-6,0,-4
IMU,32051,-2,762,721,-6,0,-4
IMU,32061,-9,760,707,-6,0,-3
IMU,32071,-10,760,711,-6,0,-2
IMU,32081,-5,763,721,-6,-1,-2
IMU,32090,1,761,729,-6,-1,-1
IMU,32100,9,765,724,-6,-2,-1
IMU,32110,13,763,718,-6,-2,-1
IMU,32120,7,768,721,-6,-2,-1
IMU,32129,5,768,718,-6,-2,-1
IMU,32139,0,766,718,-6,-2,0
IMU,32149,-5,759,706,-6,-3,0
IMU,32159,-6,761,715,-6,-3,0
IMU,32168,-11,762,706,-6,-3,0
IMU,32178,-9,762,710,-6,-4,0
IMU,32188,-3,758,707,-6,-4,0
IMU,32198,0,758,714,-6,-4,0
IMU,32208,6,757,707,-6,-3,0
IMU,32217,0,760,713,-6,-3,0
IMU,32227,-4,759,709,-6,-3,0
IMU,32237,-3,762,717,-7,-3,0
IMU,32247,-5,762,712,-6,-3,0
IMU,32256,-6,763,720,-6,-3,0
IMU,32266,-15,764,712,-6,-3,0
IMU,32276,-27,766,719,-6,-3,0
IMU,32286,-27,768,714,-6,-4,0
IMU,32295,-28,767,715,-6,-4,1
IMU,32305,-19,764,712,-6,-5,1
IMU,32315,-15,767,723,-7,-5,2
IMU,32325,-17,767,719,-7,-5,2
IMU,32334,-11,767,715,-6,-5,2
IMU,32344,-3,765,712,-6,-5,2
IMU,32354,-1,768,714,-6,-5,2
IMU,32364,-1,765,712,-7,-5,2
IMU,32374,-5,760,713,-6,-5,2
IMU,32383,-5,766,710,-7,-6,2
IMU,32393,-3,755,699,-6,-6,3
IMU,32403,-9,751,736,-6,-6,3
IMU,32413,7,745,707,-7,-6,3
IMU,32422,14,747,740,-6,-6,3
IMU,32432,10,754,707,-8,-6,3
IMU,32442,1,752,724,-6,-6,3
IMU,32452,-5,756,716,-8,-7,3
IMU,32461,8,753,711,-6,-7,4
IMU,32471,4,761,715,-8,-7,4
IMU,32481,2,755,719,-6,-8,4
IMU,32491,4,759,740,-8,-8,4
IMU,32500,-7,752,704,-6,-8,5
IMU,32510,5,757,734,-8,-8,5
IMU,32520,15,753,709,-7,-8,5
IMU,32530,26,762,732,-7,-8,5
IMU,32540,32,760,690,-7,-7,4
IMU,32549,27,763,712,-7,-7,4
IMU,32559,25,759,698,-7,-7,4
IMU,32569,14,760,713,-7,-7,4
IMU,32579,14,749,697,-7,-7,4
IMU,32588,13,751,706,-7,-7,4
IMU,32598,15,746,700,-7,-8,4
IMU,32608,15,751,707,-7,-8,4
IMU,32618,8,751,693,-7,-8,5
IMU,32627,11,757,694,-7,-8,5
IMU,32637,15,750,700,-7,-9,5
IMU,32647,17,746,707,-8,-9,5
IMU,32657,18,746,713,-7,-9,5
IMU,32666,16,746,716,-7,-9,5
IMU,32676,22,747,720,-7,-9,5
IMU,32686,23,748,722,-7,-9,5
IMU,32696,28,755,723,-7,-9,6
IMU,32706,24,754,718,-7,-9,6
IMU,32715,29,758,722,-7,-9,6
IMU,32725,37,756,721,-7,-9,6
IMU,32735,31,760,731,-7,-9,5
IMU,32745,21,757,721,-7,-9,5
IMU,32754,10,760,730,-7,-9,5
IMU,32764,12,756,721,-7,-9,6
IMU,32774,17,758,729,-7,-10,6
IMU,32784,20,758,723,-7,-9,6
IMU,32793,19,762,732,-7,-9,6
IMU,32803,21,761,722,-7,-9,5
IMU,32813,23,763,728,-7,-9,5
IMU,32823,22,762,718,-7,-8,5
IMU,32833,23,766,724,-7,-8,5
IMU,32842,20,763,717,-7,-8,5
IMU,32852,21,768,724,-7,-9,5
IMU,32862,23,763,718,-7,-9,5
IMU,32872,19,765,728,-7,-9,5
IMU,32881,19,765,727,-7,-9,5
IMU,32891,12,769,733,-7,-9,5
IMU,32901,7,771,729,-7,-9,6
IMU,32911,11,775,739,-7,-10,6
IMU,32920,17,774,740,-7,-10,6
IMU,32930,23,774,741,-7,-9,6
IMU,32940,22,771,740,-7,-9,6
IMU,32950,24,774,742,-7,-9,6
IMU,32959,27,773,748,-7,-9,5
IMU,32969,31,773,744,-7,-8,5
IMU,32979,32,770,746,-7,-8,5
IMU,32989,33,766,748,-7,-8,4
IMU,32999,31,766,743,-7,-7,4
IMU,33008,28,768,733,-7,-7,4
IMU,33018,28,766,727,-7,-7,3
IMU,33028,24,768,721,-6,-7,3
IMU,33038,16,767,723,-6,-6,3
IMU,33047,15,763,721,-6,-7,3
IMU,33057,16,760,720,-6,-6,2
IMU,33067,22,760,723,-6,-6,2
IMU,33077,26,761,726,-7,-6,2
IMU,33086,31,760,734,-7,-5,1
IMU,33096,32,758,731,-6,-5,1
IMU,33106,35,759,731,-6,-4,0
IMU,33116,43,759,735,-6,-4,0
IMU,33125,48,759,735,-6,-4,0
IMU,33135,48,756,733,-6,-3,-1
IMU,33145,44,753,732,-6,-3,-1
IMU,33155,44,754,730,-6,-2,-2
IMU,33165,42,753,726,-6,-2,-2
IMU,33174,40,751,722,-6,-2,-2
IMU,33184,40,748,715,-6,-2,-2
IMU,33194,39,744,717,-6,-2,-2
IMU,33204,38,744,713,-6,-2,-2
IMU,33213,38,744,714,-6,-2,-2
IMU,33223,39,743,710,-6,-2,-2
IMU,33233,39,742,714,-6,-2,-2
IMU,33243,35,741,711,-6,-2,-2
IMU,33252,39,740,708,-6,-2,-2
IMU,33262,39,736,714,-6,-3,-2
IMU,33272,40,734,715,-6,-3,-1
IMU,33282,41,733,719,-6,-3,-1
IMU,33291,41,731,716,-6,-3,-1
IMU,33301,42,731,715,-6,-3,-1
IMU,33311,41,732,713,-6,-3,-1
IMU,33321,39,731,713,-6,-3,-1
IMU,33331,40,730,713,-6,-3,-1
IMU,33340,35,735,713,-6,-3,-1
IMU,33350,35,734,715,-6,-3,-2
IMU,33360,37,735,716,-6,-3,-2
IMU,33370,35,737,711,-6,-2,-2
IMU,33379,34,739,716,-6,-2,-2
IMU,33389,33,743,715,-6,-2,-2
IMU,33399,33,744,717,-6,-2,-2
IMU,33409,34,747,719,-6,-2,-2
IMU,33418,38,752,721,-6,-2,-2
IMU,33428,36,755,724,-6,-2,-2
IMU,33438,33,754,723,-6,-2,-3
IMU,33448,32,755,723,-6,-2,-3
IMU,33458,35,758,724,-6,-2,-3
IMU,33467,31,762,724,-6,-2,-3
IMU,33477,25,762,720,-6,-2,-3
IMU,33487,20,763,719,-6,-2,-2
IMU,33497,18,763,720,-6,-2,-2
IMU,33506,16,763,720,-6,-3,-2
IMU,33516,20,766,719,-6,-3,-1
IMU,33526,21,767,717,-6,-3,-1
IMU,33536,17,761,720,-6,-4,0
IMU,33545,18,754,720,-6,-4,0
IMU,33555,20,755,725,-6,-5,0
IMU,33565,22,763,728,-6,-5,0
IMU,33575,25,769,727,-6,-5,0
IMU,33584,26,771,726,-6,-5,0
IMU,33594,29,769,724,-6,-5,0
IMU,33604,28,765,724,-6,-5,0
IMU,33614,24,763,723,-6,-5,0
IMU,33624,30,764,729,-6,-5,1
IMU,33633,32,761,726,-6,-5,1
IMU,33643,36,761,726,-6,-5,1
IMU,33653,39,760,723,-6,-6,1
IMU,33663,40,759,724,-6,-6,1
IMU,33672,39,758,720,-6,-6,1
IMU,33682,43,757,727,-6,-6,1
IMU,33692,43,757,728,-6,-6,1
IMU,33702,42,758,730,-7,-6,1
IMU,33711,37,757,727,-7,-6,1
IMU,33721,34,757,730,-7,-6,1
IMU,33731,37,755,729,-7,-6,1
IMU,33741,39,758,730,-7,-6,1
IMU,33750,41,762,734,-7,-6,1
IMU,33760,33,767,727,-7,-6,1
IMU,33770,31,768,724,-7,-6,1
IMU,33780,26,767,723,-7,-6,0
IMU,33790,33,766,731,-7,-6,0
IMU,33799,39,762,731,-7,-5,0
IMU,33809,37,761,734,-6,-5,0
IMU,33819,35,763,731,-6,-5,0
IMU,33829,33,764,727,-6,-5,0
IMU,33838,40,765,727,-6,-5,0
IMU,33848,48,763,725,-6,-5,0
IMU,33858,48,759,724,-6,-4,0
IMU,33868,43,758,721,-6,-4,-1
IMU,33877,38,756,720,-6,-4,-1
IMU,33887,38,754,718,-6,-5,0
IMU,33897,40,755,720,-6,-5,0
IMU,33907,39,752,717,-7,-5,0
IMU,33916,38,753,718,-7,-5,0
IMU,33926,39,753,716,-7,-6,0
IMU,33936,37,758,719,-7,-6,0
IMU,33946,37,759,721,-7,-6,0
IMU,33956,37,761,719,-7,-7,0
IMU,33965,39,763,721,-7,-7,1
IMU,33975,38,763,721,-7,-7,1
IMU,33985,35,763,722,-7,-7,1
IMU,33995,32,762,727,-7,-8,1
IMU,34004,34,761,729,-7,-8,2
IMU,34014,35,759,726,-7,-8,2
IMU,34024,34,760,725,-7,-8,2
IMU,34034,34,762,722,-7,-8,2
IMU,34043,31,762,724,-7,-8,2
IMU,34053,28,761,718,-7,-8,2
IMU,34063,30,759,719,-7,-8,2
IMU,34073,29,754,718,-7,-8,2
IMU,34083,29,751,722,-7,-8,2
IMU,34092,27,748,719,-7,-8,2
IMU,34102,32,749,720,-7,-8,2
IMU,34112,35,749,722,-7,-8,1
IMU,34122,37,748,721,-7,-7,1
IMU,34131,42,747,720,-7,-7,1
IMU,34141,43,745,720,-7,-7,1
IMU,34151,38,748,721,-7,-6,0
IMU,34161,37,751,720,-7,-6,0
IMU,34170,37,756,720,-7,-6,0
IMU,34180,39,756,718,-7,-6,0
IMU,34190,35,760,718,-7,-6,0
IMU,34200,32,764,718,-7,-7,0
IMU,34209,25,763,717,-7,-7,1
IMU,34219,24,761,723,-7,-7,1
IMU,34229,22,758,729,-7,-8,2
IMU,34239,29,759,733,-7,-8,2
IMU,34249,39,757,738,-7,-8,2
IMU,34258,39,754,734,-7,-8,2
IMU,34268,41,753,735,-7,-8,2
IMU,34278,37,754,731,-6,-8,2
IMU,34288,38,752,726,-6,-8,1
IMU,34297,39,752,723,-6,-8,1
IMU,34307,36,750,721,-6,-7,1
IMU,34317,26,751,718,-6,-7,1
IMU,34327,19,748,715,-6,-7,1
IMU,34336,17,747,716,-6,-7,1
IMU,34346,17,747,716,-6,-7,1
IMU,34356,17,749,714,-7,-8,2
IMU,34366,17,746,709,-7,-8,2
IMU,34375,26,746,724,-7,-8,3
IMU,34385,38,748,708,-7,-9,3
IMU,34395,48,747,729,-6,-9,3
IMU,34405,49,741,735,-7,-8,3
IMU,34415,54,750,724,-6,-9,3
IMU,34424,37,749,730,-7,-8,2
IMU,34434,42,753,721,-7,-8,2
IMU,34444,63,757,732,-7,-8,2
IMU,34454,57,754,726,-7,-7,1
IMU,34463,28,755,726,-7,-7,1
IMU,34473,28,758,727,-6,-7,1
IMU,34483,34,764,727,-7,-7,1
IMU,34493,47,762,724,-6,-7,1
IMU,34502,50,760,730,-7,-6,0
IMU,34512,62,759,736,-6,-5,0
IMU,34522,53,757,735,-6,-5,-1
IMU,34532,48,753,723,-6,-4,-1
IMU,34541,35,754,732,-6,-4,-2
IMU,34551,45,758,736,-6,-4,-2
IMU,34561,42,755,730,-6,-3,-3
IMU,34571,30,755,720,-6,-3,-3
IMU,34581,30,756,725,-6,-3,-3
IMU,34590,35,759,736,-6,-3,-3
IMU,34600,40,756,736,-6,-2,-4
IMU,34610,31,752,732,-5,-2,-4
IMU,34620,19,752,732,-6,-2,-4
IMU,34629,29,762,732,-6,-2,-5
IMU,34639,38,755,730,-5,-2,-5
IMU,34649,39,752,727,-6,-1,-5
IMU,34659,39,751,730,-5,-1,-5
IMU,34668,36,754,739,-6,-1,-6
IMU,34678,39,751,725,-5,-1,-6
IMU,34688,33,754,732,-5,-1,-6
IMU,34699,30,756,726,-5,-1,-6
IMU,34708,36,765,736,-5,0,-6
IMU,34717,40,764,725,-5,0,-7
IMU,34728,28,766,731,-5,0,-7
IMU,34737,22,760,725,-5,0,-8
IMU,34748,30,757,738,-5,0,-8
IMU,34757,27,751,729,-5,1,-8
IMU,34766,26,750,729,-4,1,-9
IMU,34777,25,751,725,-5,1,-9
IMU,34786,26,753,729,-5,1,-9
IMU,34795,23,754,724,-5,2,-9
IMU,34805,24,754,724,-5,2,-9
IMU,34815,24,753,724,-5,2,-10
IMU,34825,17,753,732,-5,2,-10
IMU,34834,9,750,727,-5,2,-10
IMU,34844,11,748,732,-5,2,-10
IMU,34854,18,766,706,-5,2,-10
IMU,34864,12,763,740,-4,2,-10
IMU,34874,7,760,728,-6,2,-9
IMU,34883,23,758,710,-4,2,-9
IMU,34893,28,760,747,-5,2,-9
IMU,34903,50,758,723,-4,1,-9
IMU,34913,46,749,753,-5,2,-10
IMU,34922,4,745,721,-5,2,-10
IMU,34932,5,752,740,-5,1,-9
IMU,34942,2,741,717,-5,1,-9
IMU,34952,0,741,726,-5,0,-7
IMU,34961,7,736,724,-5,0,-7
IMU,34971,-14,741,726,-5,0,-6
IMU,34981,-15,736,717,-5,-1,-6
IMU,34991,2,742,716,-5,-1,-5
IMU,35000,13,740,723,-5,-1,-4
IMU,35010,0,745,729,-6,-1,-4
IMU,35020,-4,746,712,-6,-2,-4
IMU,35030,5,755,717,-6,-2,-3
IMU,35040,22,756,706,-6,-3,-3
IMU,35049,30,760,714,-6,-2,-4
IMU,35059,7,758,703,-5,-2,-4
IMU,35069,-9,769,705,-6,-2,-3
IMU,35079,-4,767,684,-5,-3,-3
IMU,35088,1,776,707,-6,-3,-2
IMU,35098,7,769,687,-6,-3,-2
IMU,35108,11,770,716,-6,-3,-2
IMU,35118,15,765,684,-6,-3,-2
IMU,35127,5,768,712,-5,-3,-2
IMU,35137,6,763,694,-6,-3,-2
IMU,35147,7,769,707,-5,-4,-2
IMU,35157,6,760,688,-6,-4,-1
IMU,35166,-9,774,701,-6,-5,-1
IMU,35176,-8,770,682,-7,-6,0
IMU,35186,0,775,703,-6,-7,0
IMU,35196,6,770,688,-7,-7,1
IMU,35206,26,774,711,-6,-7,1
IMU,35215,26,767,703,-7,-7,1
IMU,35225,6,769,704,-6,-7,1
IMU,35235,-3,766,700,-7,-8,2
IMU,35245,-2,766,709,-7,-9,3
IMU,35254,21,763,711,-7,-9,3
IMU,35264,28,766,710,-7,-9,3
IMU,35274,6,763,705,-7,-9,3
IMU,35284,-11,764,705,-7,-9,3
IMU,35293,-16,764,703,-8,-10,4
IMU,35303,4,764,706,-7,-11,5
IMU,35313,25,764,709,-7,-11,5
IMU,35323,24,765,711,-7,-10,4
IMU,35333,21,769,709,-7,-10,4
IMU,35342,21,765,702,-7,-10,4
IMU,35352,32,763,717,-8,-10,4
IMU,35362,33,762,718,-8,-11,4
IMU,35372,28,762,724,-8,-11,4
IMU,35381,14,770,708,-8,-11,5
IMU,35391,15,777,706,-8,-12,5
IMU,35401,22,774,705,-8,-13,6
IMU,35411,32,777,713,-8,-13,6
IMU,35420,38,775,716,-8,-12,6
IMU,35430,119,781,761,-7,-10,4
IMU,35440,101,761,740,-6,-6,0
IMU,35450,28,759,732,-6,-7,0
IMU,35459,-37,762,717,-7,-7,0
IMU,35469,-92,764,716,-7,-11,4
IMU,35479,28,764,730,-8,-12,5
IMU,35489,51,755,710,-7,-12,4
IMU,35499,40,754,708,-8,-12,5
IMU,35508,-45,773,708,-7,-12,5
IMU,35518,-52,772,715,-8,-15,8
IMU,35528,23,775,744,-8,-16,9
IMU,35538,63,759,736,-9,-15,9
IMU,35547,91,764,736,-7,-14,8
IMU,35557,53,768,724,-8,-13,6
IMU,35567,28,766,720,-7,-13,6
IMU,35577,37,771,727,-8,-13,6
IMU,35586,67,768,724,-7,-13,6
IMU,35596,67,766,732,-8,-12,5
IMU,35606,25,756,723,-7,-11,4
IMU,35616,-9,754,719,-8,-12,5
IMU,35625,10,754,719,-7,-13,6
IMU,35635,19,754,728,-7,-13,6
IMU,35645,59,755,732,-7,-13,6
IMU,35655,56,752,724,-7,-11,5
IMU,35665,22,749,706,-7,-11,5
IMU,35674,2,749,710,-7,-12,6
IMU,35684,20,749,715,-7,-14,7
IMU,35694,67,744,735,-8,-14,7
IMU,35704,75,737,733,-7,-13,6
IMU,35713,51,742,733,-8,-13,6
IMU,35723,34,745,711,-7,-13,6
IMU,35733,33,750,713,-7,-14,6
IMU,35743,61,749,715,-7,-14,6
IMU,35752,77,756,719,-8,-13,6
IMU,35762,73,755,718,-7,-12,5
IMU,35772,43,754,718,-7,-12,5
IMU,35782,45,752,710,-7,-13,6
IMU,35791,69,750,725,-7,-13,5
IMU,35801,87,742,726,-7,-12,4
IMU,35811,80,743,724,-8,-12,4
IMU,35821,62,745,725,-7,-11,4
IMU,35831,43,742,716,-7,-12,4
IMU,35840,44,744,719,-7,-13,5
IMU,35850,58,744,716,-8,-13,5
IMU,35860,70,743,725,-7,-13,5
IMU,35870,62,743,721,-8,-12,5
IMU,35879,45,742,721,-8,-13,5
IMU,35889,37,738,716,-8,-13,5
IMU,35899,40,732,719,-8,-14,6
IMU,35909,56,730,726,-8,-14,7
IMU,35918,70,731,737,-8,-14,7
IMU,35928,66,727,734,-8,-14,6
IMU,35938,59,730,729,-8,-14,6
IMU,35948,59,735,730,-8,-14,7
IMU,35958,65,739,729,-8,-14,7
IMU,35967,63,744,728,-9,-15,7
IMU,35977,65,749,726,-9,-15,7
IMU,35987,59,753,729,-9,-15,8
IMU,35997,64,751,731,-9,-15,8
IMU,36006,66,751,738,-9,-15,8
IMU,36016,67,752,736,-9,-15,8
IMU,36026,65,758,738,-8,-15,8
IMU,36036,59,762,736,-9,-15,8
IMU,36045,56,761,746,-9,-16,8
IMU,36055,57,752,735,-9,-16,8
IMU,36065,66,759,760,-9,-16,8
IMU,36075,49,759,747,-9,-15,8
IMU,36084,40,758,743,-8,-16,9
IMU,36094,64,758,750,-9,-16,9
IMU,36104,64,763,749,-8,-15,8
IMU,36114,71,765,750,-9,-15,8
IMU,36124,76,763,749,-8,-15,7
IMU,36133,67,762,743,-8,-14,7
IMU,36143,71,762,741,-8,-14,6
IMU,36154,67,763,740,-8,-13,6
IMU,36164,67,765,746,-8,-13,5
IMU,36172,75,766,746,-8,-12,5
IMU,36183,83,769,747,-7,-11,4
IMU,36192,80,768,742,-8,-11,3
IMU,36202,76,740,760,-6,-10,2
IMU,36211,76,766,777,-8,-9,2
IMU,36221,80,750,725,-6,-9,2
IMU,36231,84,775,768,-8,-8,1
IMU,36241,84,741,710,-6,-8,0
IMU,36250,72,771,791,-8,-7,0
IMU,36260,88,741,704,-6,-7,0
IMU,36270,58,772,775,-7,-7,0
IMU,36280,71,746,677,-6,-7,0
IMU,36290,72,775,769,-7,-7,0
IMU,36299,92,747,705,-6,-6,-1
IMU,36309,99,767,752,-6,-6,-1
IMU,36319,98,749,704,-6,-5,-2
IMU,36329,88,766,751,-6,-5,-2
IMU,36338,98,748,708,-6,-6,-2
IMU,36348,98,757,747,-6,-5,-2
IMU,36358,102,741,714,-6,-5,-2
IMU,36368,109,749,745,-6,-5,-3
IMU,36377,100,735,714,-6,-4,-3
IMU,36387,94,744,735,-5,-4,-3
IMU,36397,101,735,707,-6,-4,-4
IMU,36407,94,745,726,-5,-3,-4
IMU,36416,94,736,705,-6,-3,-4
IMU,36426,93,736,715,-5,-3,-5
IMU,36436,90,730,701,-6,-3,-5
IMU,36446,90,733,714,-5,-2,-5
IMU,36456,81,726,707,-6,-2,-5
IMU,36465,91,733,700,-6,-3,-5
IMU,36475,93,734,699,-6,-3,-4
IMU,36485,90,738,704,-6,-3,-5
IMU,36495,87,735,710,-6,-3,-5
IMU,36504,90,730,720,-6,-2,-5
IMU,36514,91,738,715,-6,-3,-5
IMU,36524,97,744,710,-6,-2,-5
IMU,36534,91,745,716,-6,-2,-5
IMU,36543,76,742,714,-6,-3,-4
IMU,36553,68,736,713,-6,-3,-4
IMU,36563,78,739,716,-6,-4,-3
IMU,36573,94,742,727,-6,-4,-3
IMU,36583,89,746,729,-6,-4,-3
IMU,36592,77,747,722,-6,-4,-3
IMU,36602,78,746,729,-7,-4,-3
IMU,36612,84,744,722,-6,-5,-2
IMU,36622,86,748,736,-7,-5,-2
IMU,36632,86,748,726,-6,-5,-2
IMU,36641,70,752,737,-7,-5,-2
IMU,36652,63,751,724,-7,-6,-2
IMU,36661,70,754,736,-7,-6,-1
IMU,36670,79,752,729,-7,-6,0
IMU,36681,73,757,736,-7,-7,0
IMU,36690,67,757,732,-7,-7,0
IMU,36701,64,757,736,-7,-7,0
IMU,36710,71,757,735,-7,-7,0
IMU,36719,80,758,737,-7,-7,0
IMU,36729,74,759,740,-7,-7,0
IMU,36739,67,764,740,-7,-7,0
IMU,36749,61,768,739,-7,-7,0
IMU,36758,64,770,738,-7,-7,0
IMU,36768,72,769,741,-7,-8,1
IMU,36778,70,766,744,-7,-8,1
IMU,36788,63,766,736,-7,-8,1
IMU,36797,59,766,739,-7,-9,2
IMU,36807,64,764,743,-7,-9,2
IMU,36817,71,763,736,-7,-9,3
IMU,36827,76,761,743,-7,-9,2
IMU,36836,72,757,733,-7,-9,2
IMU,36846,67,752,747,-6,-9,2
IMU,36856,65,740,743,-7,-9,2
IMU,36866,67,741,741,-7,-9,2
IMU,36875,69,733,748,-6,-9,2
IMU,36885,66,741,736,-7,-9,3
IMU,36895,69,737,735,-6,-9,3
IMU,36905,64,747,740,-7,-9,3
IMU,36915,90,739,713,-6,-9,3
IMU,36924,103,746,742,-7,-8,2
IMU,36934,83,745,710,-7,-8,2
IMU,36944,68,759,741,-7,-8,2
IMU,36954,69,745,710,-7,-9,2
IMU,36963,77,754,739,-7,-9,3
IMU,36973,105,754,725,-7,-9,2
IMU,36983,102,756,739,-6,-8,2
IMU,36993,85,754,726,-7,-8,2
IMU,37002,86,752,730,-6,-8,2
IMU,37012,93,754,737,-7,-8,2
IMU,37022,107,748,737,-6,-8,2
IMU,37032,108,748,747,-7,-8,1
IMU,37041,93,744,732,-6,-7,1
IMU,37051,91,748,738,-7,-7,0
IMU,37061,95,742,729,-6,-7,0
IMU,37071,94,739,738,-7,-7,0
IMU,37081,96,733,724,-6,-6,0
IMU,37090,84,734,731,-6,-6,0
IMU,37100,81,730,723,-6,-6,0
IMU,37110,82,733,728,-6,-6,0
IMU,37120,88,729,720,-6,-6,0
IMU,37129,95,732,728,-7,-6,0
IMU,37140,94,727,721,-7,-5,0
IMU,37149,95,731,728,-7,-5,-1
IMU,37160,99,731,723,-7,-5,-1
IMU,37168,98,736,731,-7,-5,-1
IMU,37178,100,736,725,-7,-4,-2
IMU,37188,97,739,734,-7,-4,-2
IMU,37198,98,740,733,-7,-4,-2
IMU,37208,95,744,734,-6,-4,-2
IMU,37217,94,744,739,-7,-4,-2
IMU,37227,95,750,733,-7,-3,-3
IMU,37237,91,748,725,-6,-3,-3
IMU,37247,93,757,729,-7,-3,-3
IMU,37256,93,752,727,-6,-3,-3
IMU,37266,95,752,734,-7,-3,-3
IMU,37276,108,752,721,-6,-3,-3
IMU,37286,104,756,734,-6,-3,-3
IMU,37295,103,748,724,-6,-3,-3
IMU,37305,104,747,728,-6,-3,-4
IMU,37315,99,746,726,-6,-3,-4
IMU,37325,100,752,724,-6,-3,-4
IMU,37334,96,752,720,-6,-3,-4
IMU,37344,90,750,719,-6,-3,-4
IMU,37354,87,749,717,-6,-3,-3
IMU,37364,85,749,721,-6,-3,-3
IMU,37374,92,752,727,-6,-3,-3
IMU,37383,97,747,725,-6,-3,-3
IMU,37393,101,750,730,-6,-3,-3
IMU,37403,103,750,731,-6,-3,-3
IMU,37413,97,753,738,-6,-3,-4
IMU,37422,98,753,725,-6,-3,-4
IMU,37432,98,758,733,-6,-3,-4
IMU,37442,99,762,723,-6,-3,-4
IMU,37452,100,764,733,-6,-3,-4
IMU,37461,98,761,729,-6,-3,-4
IMU,37471,93,762,736,-6,-3,-4
IMU,37481,93,761,729,-6,-3,-4
IMU,37491,91,760,731,-5,-3,-4
IMU,37500,93,760,729,-6,-3,-4
IMU,37510,90,762,729,-5,-2,-5
IMU,37520,83,762,727,-6,-2,-5
IMU,37530,79,761,725,-5,-2,-5
IMU,37540,76,765,720,-6,-2,-5
IMU,37549,75,764,718,-5,-2,-5
IMU,37559,76,763,721,-6,-2,-5
IMU,37569,75,761,720,-5,-2,-5
IMU,37579,74,761,721,-6,-2,-5
IMU,37588,72,758,721,-5,-2,-5
IMU,37598,73,758,726,-5,-2,-5
IMU,37608,82,757,728,-5,-2,-5
IMU,37618,84,754,734,-5,-2,-5
IMU,37627,84,752,734,-5,-2,-6
IMU,37637,84,753,731,-5,-2,-6
IMU,37647,80,754,731,-6,-1,-6
IMU,37658,76,758,735,-6,-1,-6
IMU,37666,78,758,733,-5,-1,-6
IMU,37677,74,758,735,-5,-1,-6
IMU,37687,73,755,733,-5,-1,-6
IMU,37696,70,755,739,-5,-1,-6
IMU,37707,68,753,739,-5,-2,-6
IMU,37715,75,753,736,-5,-2,-6
IMU,37725,76,752,733,-5,-2,-5
IMU,37735,74,751,731,-5,-3,-5
IMU,37745,76,752,727,-6,-3,-5
IMU,37754,80,751,725,-6,-3,-4
IMU,37764,82,748,720,-6,-4,-4
IMU,37774,83,746,723,-6,-4,-4
IMU,37784,78,742,718,-6,-3,-4
IMU,37793,75,742,717,-6,-4,-4
IMU,37803,77,739,716,-6,-4,-4
IMU,37813,79,737,717,-6,-4,-4
IMU,37823,78,737,710,-6,-4,-4
IMU,37833,79,737,711,-6,-4,-4
IMU,37842,76,733,712,-6,-4,-3
IMU,37852,80,730,717,-6,-4,-3
IMU,37862,76,729,719,-6,-4,-3
IMU,37872,68,731,723,-6,-4,-3
IMU,37881,65,734,715,-6,-5,-3
IMU,37891,63,739,720,-6,-5,-3
IMU,37901,64,745,709,-7,-5,-2
IMU,37911,64,750,715,-7,-5,-2
IMU,37920,56,752,712,-7,-5,-2
IMU,37930,56,754,719,-7,-5,-2
IMU,37940,62,752,720,-7,-6,-2
IMU,37950,62,755,725,-7,-6,-1
IMU,37959,65,757,722,-6,-6,-1
IMU,37969,64,760,728,-7,-6,-1
IMU,37979,63,759,721,-7,-7,0
IMU,37989,67,761,727,-7,-7,0
IMU,37999,70,760,723,-7,-7,0
IMU,38008,70,762,728,-7,-7,0
IMU,38018,66,763,720,-6,-7,0
IMU,38028,54,767,725,-7,-7,0
IMU,38038,52,764,723,-7,-7,0
IMU,38047,50,764,727,-6,-8,0
IMU,38057,51,761,722,-6,-8,0
IMU,38067,50,761,727,-6,-7,0
IMU,38077,48,759,725,-6,-7,0
IMU,38086,46,760,731,-6,-8,0
IMU,38096,49,759,730,-7,-8,0
IMU,38106,57,761,733,-7,-8,0
IMU,38116,59,759,734,-7,-8,0
IMU,38125,58,760,737,-6,-7,0
IMU,38135,57,759,737,-7,-7,0
IMU,38145,51,760,737,-6,-7,0
IMU,38155,49,760,737,-7,-7,0
IMU,38165,48,760,736,-6,-7,0
IMU,38174,49,760,737,-6,-7,0
IMU,38184,48,759,733,-6,-8,0
IMU,38194,51,759,737,-6,-8,0
IMU,38204,54,754,735,-6,-8,1
IMU,38213,58,753,738,-7,-8,1
IMU,38223,62,752,735,-6,-8,1
IMU,38233,66,756,735,-7,-8,1
IMU,38243,69,754,732,-6,-8,1
IMU,38252,70,752,732,-7,-8,1
IMU,38262,68,752,735,-7,-8,1
IMU,38272,67,752,729,-7,-8,1
IMU,38282,66,751,724,-7,-8,1
IMU,38291,66,750,725,-7,-8,1
IMU,38301,72,748,726,-7,-8,1
IMU,38311,68,745,731,-7,-8,1
IMU,38321,72,746,724,-7,-8,1
IMU,38331,73,747,729,-7,-8,1
IMU,38340,73,745,718,-7,-8,1
IMU,38350,81,745,721,-7,-8,1
IMU,38360,77,743,718,-7,-8,1
IMU,38370,75,742,724,-7,-8,1
IMU,38379,80,737,719,-7,-8,1
IMU,38389,71,740,721,-7,-8,0
IMU,38399,77,741,720,-7,-8,0
IMU,38409,84,741,719,-7,-8,0
IMU,38418,75,742,713,-7,-7,0
IMU,38428,69,741,712,-7,-7,0
IMU,38438,63,739,718,-7,-7,0
IMU,38448,69,736,720,-7,-7,0
IMU,38458,73,737,718,-7,-7,0
IMU,38467,68,741,717,-7,-7,0
IMU,38477,67,744,721,-7,-7,0
IMU,38487,67,737,742,-6,-7,0
IMU,38497,74,745,702,-8,-7,0
IMU,38506,72,745,742,-6,-6,0
IMU,38516,71,751,714,-8,-6,-1
IMU,38526,57,752,733,-6,-6,-1
IMU,38536,53,763,721,-8,-6,-1
IMU,38545,62,749,714,-5,-6,-1
IMU,38555,59,762,737,-8,-5,-1
IMU,38565,56,756,717,-5,-5,-1
IMU,38575,50,766,748,-8,-5,-2
IMU,38584,52,750,708,-6,-5,-1
IMU,38594,58,766,756,-7,-5,-2
IMU,38604,61,753,713,-6,-4,-2
IMU,38614,63,768,759,-7,-4,-2
IMU,38624,66,753,715,-6,-4,-2
IMU,38633,52,765,757,-6,-4,-2
IMU,38643,55,752,720,-6,-4,-2
IMU,38653,55,764,758,-6,-4,-2
IMU,38663,60,754,718,-6,-4,-2
IMU,38672,55,762,752,-6,-4,-2
IMU,38682,58,757,721,-7,-4,-2
IMU,38692,62,764,746,-6,-4,-2
IMU,38702,66,756,724,-6,-4,-2
IMU,38711,67,761,745,-6,-4,-2
IMU,38721,68,759,729,-6,-4,-2
IMU,38731,69,767,744,-6,-4,-2
IMU,38741,68,760,733,-6,-4,-2
IMU,38750,67,763,742,-6,-4,-2
IMU,38760,67,760,733,-6,-4,-2
IMU,38770,64,765,738,-6,-3,-2
IMU,38780,64,762,733,-6,-3,-3
IMU,38790,66,760,735,-6,-3,-3
IMU,38799,65,758,729,-6,-3,-3
IMU,38809,68,755,731,-5,-3,-3
IMU,38819,68,751,732,-6,-3,-3
IMU,38829,66,746,728,-5,-4,-2
IMU,38838,66,744,732,-6,-4,-2
IMU,38848,68,740,731,-6,-4,-2
IMU,38858,70,738,732,-6,-4,-2
IMU,38868,69,736,727,-6,-4,-2
IMU,38877,65,738,730,-6,-4,-2
IMU,38887,65,751,720,-6,-5,-2
IMU,38897,67,740,700,-6,-5,-1
IMU,38907,69,746,745,-6,-5,-1
IMU,38916,76,735,702,-6,-6,-1
IMU,38926,69,740,743,-6,-6,0
IMU,38936,72,729,718,-7,-6,0
IMU,38946,78,736,745,-6,-6,0
IMU,38956,77,735,726,-7,-6,0
IMU,38965,74,737,724,-6,-6,0
IMU,38975,71,737,719,-7,-6,0
IMU,38985,72,739,727,-6,-6,0
IMU,38995,63,737,726,-7,-7,0
IMU,39004,59,737,718,-7,-7,0
IMU,39014,59,743,721,-7,-7,0
IMU,39024,63,742,720,-7,-8,1
IMU,39034,65,742,725,-7,-8,1
IMU,39043,71,743,724,-7,-8,1
IMU,39053,75,748,719,-7,-8,1
IMU,39063,77,754,713,-7,-8,1
IMU,39073,76,755,717,-7,-8,1
IMU,39083,74,754,717,-7,-8,1
IMU,39092,75,755,725,-7,-8,1
IMU,39102,75,757,726,-7,-8,1
IMU,39112,73,759,723,-7,-8,0
IMU,39122,70,760,726,-7,-7,0
IMU,39131,67,754,727,-7,-7,0
IMU,39141,68,758,735,-7,-7,0
IMU,39151,67,759,728,-7,-6,0
IMU,39161,65,760,735,-7,-6,0
IMU,39170,73,760,729,-7,-6,0
IMU,39180,73,760,738,-7,-6,-1
IMU,39190,72,759,733,-7,-5,-1
IMU,39200,71,762,737,-6,-5,-2
IMU,39209,67,761,728,-6,-5,-2
IMU,39219,68,764,732,-6,-5,-2
IMU,39229,70,764,728,-6,-5,-2
IMU,39239,71,764,731,-6,-5,-2
IMU,39249,70,765,725,-6,-5,-2
IMU,39258,69,767,721,-6,-4,-2
IMU,39268,73,770,722,-6,-5,-2
IMU,39278,76,769,725,-6,-5,-2
IMU,39288,73,767,727,-6,-5,-2
IMU,39297,70,763,728,-6,-5,-2
IMU,39307,70,759,732,-6,-5,-2
IMU,39317,68,756,728,-6,-5,-3
IMU,39327,70,759,729,-6,-4,-3
IMU,39336,69,762,728,-6,-4,-3
IMU,39346,70,761,727,-6,-4,-3
IMU,39356,73,758,724,-6,-4,-3
IMU,39366,79,755,724,-6,-5,-3
IMU,39375,84,755,725,-6,-4,-3
IMU,39385,86,755,726,-6,-4,-3
IMU,39395,83,757,724,-6,-4,-4
IMU,39405,82,756,722,-5,-4,-4
IMU,39415,83,756,721,-5,-4,-4
IMU,39424,83,758,718,-6,-4,-4
IMU,39434,78,758,722,-5,-3,-5
IMU,39444,75,757,721,-6,-3,-5
IMU,39454,73,756,720,-5,-3,-5
IMU,39463,67,754,723,-5,-3,-5
SPM,32211,0.00
SPM,35213,0.00
SPM,38239,35.29
SPM,41282,0.00
SPM,44323,0.00
SPM,47342,0.00
GPS,49747,59.361456,18.049080,0.00,19.09,10
GPS,50225,59.361457,18.049074,0.00,19.38,10
GPS,50752,59.361457,18.049074,0.00,19.38,10
GPS,51221,59.361456,18.049070,0.00,19.63,10
GPS,51749,59.361456,18.049070,0.00,19.63,10
GPS,52217,59.361456,18.049068,0.00,19.73,10
GPS,52754,59.361456,18.049068,0.00,19.73,10
GPS,53223,59.361456,18.049068,0.00,19.71,10
GPS,53750,59.361456,18.049068,0.00,19.71,10
GPS,54219,59.361455,18.049067,0.00,19.77,10
GPS,54757,59.361455,18.049067,0.00,19.77,10
GPS,55215,59.361455,18.049072,0.00,19.47,10
GPS,55752,59.361455,18.049072,0.00,19.47,10
GPS,56231,59.361455,18.049073,0.00,19.43,10
GPS,56768,59.361455,18.049073,0.00,19.43,10
GPS,57227,59.361455,18.049075,0.00,19.34,10
GPS,57754,59.361455,18.049075,0.00,19.34,10
GPS,58223,59.361456,18.049076,0.00,19.30,10
GPS,58760,59.361456,18.049076,0.00,19.30,10
GPS,59219,59.361456,18.049076,0.00,19.27,10
GPS,59756,59.361456,18.049076,0.00,19.27,10
GPS,60226,59.361456,18.049078,0.00,19.16,10
GPS,60752,59.361456,18.049078,0.00,19.16,10
GPS,61221,59.361456,18.049079,0.00,19.11,10
GPS,61749,59.361456,18.049079,0.00,19.11,10
IMU,49239,47,749,709,-6,-6,0
IMU,49249,33,752,729,-6,-5,0
IMU,49258,29,756,709,-7,-5,0
IMU,49268,30,760,732,-6,-5,0
IMU,49278,41,746,697,-7,-6,0
IMU,49288,37,754,742,-6,-6,0
IMU,49297,40,746,707,-7,-6,0
IMU,49307,42,754,741,-6,-6,0
IMU,49317,40,752,713,-7,-6,0
IMU,49327,49,757,735,-6,-7,0
IMU,49336,61,750,714,-7,-6,0
IMU,49346,64,753,733,-6,-6,0
IMU,49356,55,748,729,-7,-6,0
IMU,49366,57,754,724,-6,-6,0
IMU,49375,55,746,724,-7,-6,0
IMU,49385,51,747,728,-6,-6,0
IMU,49395,62,746,726,-7,-6,0
IMU,49405,56,747,727,-6,-6,0
IMU,49415,55,746,718,-7,-6,0
IMU,49424,55,746,724,-6,-7,0
IMU,49434,50,745,725,-7,-7,0
IMU,49444,56,742,721,-6,-7,0
IMU,49454,51,742,723,-7,-7,1
IMU,49463,51,740,720,-7,-7,1
IMU,49473,65,746,729,-7,-7,1
IMU,49483,66,744,722,-7,-7,0
IMU,49493,69,748,741,-7,-6,0
IMU,49502,66,744,724,-7,-6,0
IMU,49512,51,752,736,-7,-6,0
IMU,49522,51,747,724,-7,-6,0
IMU,49532,50,749,743,-7,-6,0
IMU,49541,52,750,723,-7,-6,0
IMU,49551,51,753,734,-6,-6,0
IMU,49561,40,749,729,-6,-6,0
IMU,49571,38,754,728,-6,-6,0
IMU,49581,39,750,724,-6,-6,0
IMU,49590,45,751,729,-7,-6,0
IMU,49600,56,752,733,-6,-5,0
IMU,49610,54,753,736,-7,-5,-1
IMU,49620,55,752,733,-6,-5,-1
IMU,49629,53,749,736,-6,-5,-1
IMU,49639,52,752,730,-6,-4,-1
IMU,49649,55,754,736,-6,-4,-1
IMU,49659,54,756,736,-6,-4,-2
IMU,49668,55,758,731,-6,-4,-2
IMU,49678,52,757,729,-6,-4,-2
IMU,49688,50,755,732,-6,-4,-2
IMU,49698,52,754,734,-6,-4,-2
IMU,49708,50,752,734,-6,-4,-2
IMU,49717,51,752,737,-6,-4,-2
IMU,49727,50,748,733,-6,-3,-3
IMU,49737,50,752,738,-6,-3,-3
IMU,49747,52,762,723,-6,-3,-3
IMU,49756,50,759,711,-6,-3,-3
IMU,49766,47,759,740,-6,-4,-3
IMU,49777,49,753,722,-6,-4,-2
IMU,49786,46,751,736,-6,-4,-2
IMU,49796,48,743,738,-6,-4,-2
IMU,49806,52,744,737,-6,-4,-2
IMU,49815,53,742,738,-6,-4,-2
IMU,49826,54,743,732,-6,-4,-2
IMU,49834,57,739,732,-6,-4,-3
IMU,49844,57,739,736,-6,-4,-3
IMU,49854,50,740,734,-6,-4,-3
IMU,49864,43,741,737,-6,-4,-3
IMU,49874,40,738,730,-6,-4,-2
IMU,49883,38,742,743,-6,-4,-2
IMU,49893,40,744,729,-6,-4,-2
IMU,49903,42,745,740,-6,-4,-2
IMU,49913,43,744,735,-6,-4,-2
IMU,49922,47,747,737,-6,-4,-2
IMU,49932,48,746,738,-6,-4,-2
IMU,49942,54,750,741,-6,-4,-2
IMU,49952,56,748,734,-6,-3,-3
IMU,49961,50,748,736,-6,-3,-3
IMU,49971,46,749,736,-6,-3,-3
IMU,49981,40,749,733,-6,-3,-3
IMU,49991,41,750,733,-6,-3,-3
IMU,50000,39,750,731,-6,-3,-3
IMU,50010,35,747,733,-6,-3,-3
IMU,50020,29,746,734,-6,-3,-3
IMU,50030,32,743,735,-6,-3,-3
IMU,50040,37,744,734,-6,-3,-3
IMU,50049,42,745,732,-6,-3,-3
IMU,50059,45,748,732,-6,-3,-3
IMU,50069,38,752,718,-6,-2,-3
IMU,50079,38,756,728,-6,-3,-3
IMU,50088,47,756,714,-6,-3,-3
IMU,50098,44,755,729,-5,-2,-3
IMU,50108,41,757,714,-6,-2,-4
IMU,50118,38,756,728,-5,-2,-4
IMU,50127,29,751,725,-6,-2,-3
IMU,50137,32,747,723,-5,-3,-3
IMU,50147,32,751,726,-6,-3,-3
IMU,50157,35,749,723,-5,-3,-3
IMU,50166,37,750,729,-6,-3,-3
IMU,50176,35,748,720,-6,-3,-3
IMU,50186,37,751,731,-6,-3,-3
IMU,50196,39,747,722,-6,-3,-3
IMU,50206,33,749,730,-6,-3,-3
IMU,50215,31,747,723,-6,-3,-3
IMU,50225,27,749,727,-6,-3,-2
IMU,50235,29,744,724,-6,-4,-2
IMU,50245,34,749,727,-6,-4,-2
IMU,50254,39,748,722,-6,-4,-2
IMU,50264,35,748,730,-6,-4,-2
IMU,50274,33,747,725,-6,-4,-1
IMU,50284,32,749,731,-6,-5,-1
IMU,50293,36,752,724,-6,-5,-1
IMU,50303,42,755,727,-6,-5,-1
IMU,50313,43,754,723,-6,-5,-1
IMU,50323,41,754,731,-6,-5,-1
IMU,50333,35,752,723,-6,-5,-1
IMU,50342,29,752,724,-6,-5,0
IMU,50352,28,752,721,-6,-6,0
IMU,50362,26,756,724,-6,-6,0
IMU,50372,25,755,725,-7,-6,0
IMU,50381,26,754,727,-7,-7,0
IMU,50391,29,753,726,-7,-7,1
IMU,50401,31,755,724,-7,-7,1
IMU,50411,38,757,724,-7,-7,1
IMU,50420,42,759,731,-7,-7,1
IMU,50430,45,759,727,-7,-7,0
IMU,50440,45,760,724,-7,-6,0
IMU,50450,41,759,722,-7,-6,0
IMU,50459,37,761,722,-7,-6,0
IMU,50469,31,763,720,-7,-6,0
IMU,50479,27,765,718,-7,-6,0
IMU,50489,21,764,716,-7,-6,0
IMU,50499,17,763,718,-7,-6,0
IMU,50508,18,765,717,-7,-7,1
IMU,50518,20,760,716,-7,-7,1
IMU,50528,24,756,726,-7,-7,1
IMU,50538,30,757,728,-7,-7,1
IMU,50547,33,752,732,-6,-7,1
IMU,50557,36,748,735,-7,-6,1
IMU,50567,38,749,731,-7,-6,0
IMU,50577,37,753,729,-7,-6,0
IMU,50586,35,754,733,-7,-6,0
IMU,50596,34,753,727,-7,-6,0
IMU,50606,31,750,726,-7,-6,0
IMU,50616,31,747,729,-6,-5,0
IMU,50625,32,746,737,-6,-5,0
IMU,50635,36,747,731,-6,-5,0
IMU,50645,41,755,735,-6,-5,-1
IMU,50655,41,755,724,-6,-4,-1
IMU,50665,39,750,731,-6,-4,-1
IMU,50674,40,745,734,-6,-4,-1
IMU,50684,40,744,734,-6,-4,-2
IMU,50694,40,747,732,-6,-4,-2
IMU,50704,36,753,728,-6,-4,-2
IMU,50713,40,752,724,-6,-4,-2
IMU,50723,38,752,726,-6,-4,-2
IMU,50733,33,749,722,-6,-4,-2
IMU,50743,36,752,719,-6,-4,-1
IMU,50752,34,751,717,-6,-4,-1
IMU,50762,47,751,719,-6,-4,-1
IMU,50772,43,748,722,-6,-4,-1
IMU,50782,38,749,723,-6,-4,-1
IMU,50791,37,748,721,-6,-5,-1
IMU,50801,39,748,721,-6,-5,-1
IMU,50811,42,753,719,-6,-5,-1
IMU,50821,39,753,717,-6,-5,-1
IMU,50831,37,753,723,-6,-5,-1
IMU,50840,41,752,725,-6,-5,-1
IMU,50850,45,754,730,-6,-4,-1
IMU,50860,47,752,729,-6,-4,-2
IMU,50870,39,752,728,-6,-3,-2
IMU,50879,32,754,723,-6,-3,-3
IMU,50889,27,755,723,-6,-3,-2
IMU,50899,26,754,723,-6,-3,-2
IMU,50909,27,754,720,-6,-3,-2
IMU,50918,26,754,723,-6,-3,-2
IMU,50928,23,754,725,-6,-3,-2
IMU,50938,24,754,728,-6,-3,-2
IMU,50948,25,751,725,-6,-3,-2
IMU,50958,28,752,726,-6,-3,-2
IMU,50967,27,754,722,-6,-3,-2
IMU,50977,26,754,724,-6,-3,-3
IMU,50987,28,753,726,-6,-3,-3
IMU,50997,30,755,729,-6,-3,-3
IMU,51006,33,754,727,-6,-3,-3
IMU,51016,30,751,732,-6,-3,-3
IMU,51026,31,750,732,-6,-3,-3
IMU,51036,28,750,730,-5,-2,-3
IMU,51045,26,750,725,-6,-2,-3
IMU,51055,26,752,730,-6,-2,-4
IMU,51065,25,750,730,-6,-2,-4
IMU,51075,26,750,729,-6,-2,-4
IMU,51084,26,750,731,-6,-2,-4
IMU,51094,21,752,728,-6,-1,-4
IMU,51104,22,754,729,-6,-1,-4
IMU,51114,15,754,731,-6,-1,-4
IMU,51124,10,757,724,-6,-2,-4
IMU,51133,12,757,723,-6,-3,-3
IMU,51143,13,759,726,-6,-3,-3
IMU,51153,14,758,732,-6,-3,-2
IMU,51163,21,755,735,-6,-3,-2
IMU,51172,27,752,732,-6,-3,-3
IMU,51182,28,752,735,-6,-3,-3
IMU,51192,16,752,726,-6,-2,-3
IMU,51202,10,753,727,-6,-3,-3
IMU,51211,5,751,721,-6,-3,-3
IMU,51221,8,751,718,-6,-4,-2
IMU,51231,13,751,718,-6,-4,-2
IMU,51241,15,754,720,-6,-4,-1
IMU,51250,21,754,720,-6,-4,-2
IMU,51260,22,752,724,-6,-4,-2
IMU,51270,22,750,724,-6,-3,-2
IMU,51280,21,750,722,-6,-3,-2
IMU,51290,20,748,721,-6,-3,-2
IMU,51299,25,747,728,-6,-3,-2
IMU,51309,26,747,726,-6,-3,-2
IMU,51319,26,749,729,-6,-3,-3
IMU,51329,22,747,724,-6,-3,-3
IMU,51338,15,750,724,-6,-3,-2
IMU,51348,21,752,722,-6,-3,-2
IMU,51358,19,755,729,-6,-3,-2
IMU,51368,11,755,719,-6,-4,-2
IMU,51377,15,755,727,-6,-4,-1
IMU,51387,9,753,721,-6,-4,-1
IMU,51397,18,755,725,-6,-5,-1
IMU,51407,25,755,717,-6,-5,-1
IMU,51416,25,756,722,-6,-4,-1
IMU,51426,21,753,722,-6,-4,-1
IMU,51436,15,754,724,-6,-4,-1
IMU,51446,19,754,723,-6,-4,-1
IMU,51456,18,753,730,-6,-4,-1
IMU,51465,14,754,726,-6,-4,-1
IMU,51475,14,753,726,-6,-4,-1
IMU,51485,7,756,723,-6,-4,-1
IMU,51495,4,757,720,-6,-4,-1
IMU,51504,5,758,720,-6,-4,-1
IMU,51514,7,758,723,-6,-5,-1
IMU,51524,2,758,723,-6,-5,0
IMU,51534,2,755,723,-6,-5,0
IMU,51544,3,754,725,-6,-5,0
IMU,51554,2,753,727,-6,-5,0
IMU,51563,3,752,726,-6,-5,0
IMU,51574,10,753,730,-6,-5,0
IMU,51583,14,756,728,-6,-5,0
IMU,51592,11,755,734,-6,-4,-1
IMU,51603,11,754,731,-6,-4,-1
IMU,51612,16,757,735,-6,-4,-1
IMU,51622,20,756,731,-6,-3,-2
IMU,51632,16,756,729,-6,-3,-2
IMU,51641,18,757,728,-6,-3,-3
IMU,51651,11,760,724,-6,-2,-3
IMU,51661,9,756,722,-6,-2,-4
IMU,51670,2,758,722,-6,-2,-4
IMU,51680,0,757,719,-6,-2,-4
IMU,51690,-1,758,720,-6,-1,-4
IMU,51700,-12,758,718,-5,-1,-4
IMU,51709,-6,759,721,-6,-2,-4
IMU,51719,0,756,719,-5,-1,-4
IMU,51729,2,754,724,-6,-2,-4
IMU,51739,11,753,723,-5,-1,-4
IMU,51749,9,753,724,-6,-1,-4
IMU,51758,4,755,720,-6,-1,-5
IMU,51768,5,758,723,-6,-1,-5
IMU,51778,6,757,719,-6,-1,-5
IMU,51788,12,758,723,-5,-1,-5
IMU,51797,0,756,719,-5,-1,-5
IMU,51807,0,753,723,-5,-1,-5
IMU,51817,-1,751,718,-5,-1,-4
IMU,51827,0,748,719,-5,-2,-4
IMU,51836,3,747,718,-6,-2,-4
IMU,51846,1,746,718,-6,-2,-4
IMU,51856,0,746,713,-6,-2,-3
IMU,51866,-3,746,712,-6,-2,-3
IMU,51875,-1,748,712,-6,-3,-3
IMU,51885,7,749,714,-6,-3,-3
IMU,51895,5,752,719,-6,-3,-3
IMU,51905,1,751,716,-6,-3,-3
IMU,51915,2,752,718,-6,-3,-3
IMU,51924,1,752,718,-6,-3,-3
IMU,51934,2,753,722,-6,-3,-3
IMU,51944,4,754,721,-6,-3,-3
IMU,51954,0,752,724,-6,-3,-2
IMU,51963,-2,752,719,-6,-3,-2
IMU,51973,-2,753,720,-6,-4,-2
IMU,51983,4,755,721,-6,-4,-2
IMU,51993,9,752,723,-6,-4,-2
IMU,52002,5,752,718,-6,-3,-2
IMU,52012,1,751,718,-6,-3,-2
IMU,52022,-1,750,713,-6,-3,-2
IMU,52032,-3,746,716,-6,-4,-1
IMU,52041,-5,748,714,-6,-4,-1
IMU,52051,-8,752,720,-6,-4,-1
IMU,52061,-9,752,717,-6,-4,-1
IMU,52071,-11,751,717,-6,-5,0
IMU,52081,-8,753,720,-6,-5,0
IMU,52090,-4,754,722,-6,-5,0
IMU,52100,-1,754,720,-7,-5,0
IMU,52110,0,757,723,-7,-6,0
IMU,52120,0,756,724,-7,-6,0
IMU,52129,5,757,722,-7,-6,1
IMU,52139,-11,755,718,-7,-7,1
IMU,52149,-5,759,717,-7,-8,3
IMU,52159,10,760,724,-7,-8,2
IMU,52168,19,756,728,-7,-8,2
IMU,52178,26,759,733,-7,-7,1
IMU,52188,0,761,729,-7,-6,1
IMU,52198,-11,760,730,-7,-6,1
IMU,52208,-14,759,723,-7,-7,1
IMU,52217,2,758,725,-7,-7,1
IMU,52227,9,759,721,-7,-7,1
IMU,52237,-3,763,718,-7,-7,2
IMU,52247,-11,763,722,-7,-8,2
IMU,52256,-12,760,720,-7,-9,3
IMU,52266,-2,759,725,-7,-10,4
IMU,52276,9,759,729,-7,-10,4
IMU,52286,11,761,725,-7,-10,4
IMU,52295,-1,764,721,-7,-10,4
IMU,52305,-7,764,718,-7,-10,4
IMU,52315,0,764,722,-7,-10,5
IMU,52325,8,762,722,-7,-10,5
IMU,52334,6,759,720,-7,-10,5
IMU,52344,54,760,747,-7,-8,3
IMU,52354,16,750,730,-7,-6,1
IMU,52364,16,754,723,-7,-7,2
IMU,52374,-17,754,710,-7,-7,2
IMU,52384,-40,751,722,-7,-11,5
IMU,52393,4,748,722,-8,-12,6
IMU,52404,-12,753,731,-7,-11,6
IMU,52414,0,750,718,-8,-11,6
IMU,52422,-35,753,712,-8,-11,7
IMU,52433,-37,750,697,-8,-14,9
IMU,52442,-2,755,718,-8,-14,10
IMU,52452,24,749,705,-9,-15,10
IMU,52461,53,759,738,-8,-14,10
IMU,52471,28,757,727,-9,-13,8
IMU,52481,5,756,728,-8,-13,9
IMU,52491,23,755,721,-9,-14,9
IMU,52500,49,752,722,-8,-14,9
IMU,52510,57,755,727,-8,-14,9
IMU,52520,31,755,722,-8,-14,9
IMU,52530,7,758,724,-8,-14,9
IMU,52540,7,755,723,-8,-14,9
IMU,52549,17,749,720,-8,-14,10
IMU,52559,30,746,725,-8,-14,10
IMU,52569,31,745,724,-8,-14,9
IMU,52579,21,749,724,-8,-14,9
IMU,52588,16,747,727,-8,-14,10
IMU,52598,30,747,726,-8,-14,9
IMU,52608,42,749,734,-8,-13,9
IMU,52618,43,759,724,-8,-12,7
IMU,52627,34,760,731,-8,-12,7
IMU,52637,25,757,729,-8,-11,6
IMU,52647,25,762,726,-8,-11,6
IMU,52657,28,760,728,-7,-11,5
IMU,52666,34,755,736,-7,-10,5
IMU,52676,30,752,731,-7,-9,4
IMU,52686,20,754,733,-7,-9,4
IMU,52696,23,750,728,-7,-9,4
IMU,52706,28,747,741,-7,-9,4
IMU,52715,38,747,733,-7,-10,5
IMU,52725,42,753,735,-7,-9,4
IMU,52735,49,745,728,-7,-9,4
IMU,52745,50,752,745,-7,-9,4
IMU,52754,46,757,717,-7,-9,4
IMU,52764,42,760,725,-7,-9,4
IMU,52774,46,758,737,-7,-9,4
IMU,52784,30,758,722,-7,-9,4
IMU,52793,29,756,725,-7,-10,4
IMU,52803,39,764,723,-7,-10,5
IMU,52813,45,759,726,-7,-9,4
IMU,52823,53,762,746,-7,-9,4
IMU,52833,47,762,725,-7,-9,4
IMU,52842,54,762,733,-7,-9,4
IMU,52852,59,765,717,-7,-9,4
IMU,52862,59,770,725,-7,-9,4
IMU,52872,76,769,724,-7,-8,3
IMU,52881,57,762,728,-7,-8,3
IMU,52891,60,762,727,-7,-8,2
IMU,52901,74,755,724,-6,-7,2
IMU,52911,53,750,721,-6,-7,2
IMU,52920,47,750,720,-6,-7,1
IMU,52930,42,754,720,-7,-7,1
IMU,52940,27,730,731,-6,-7,2
IMU,52950,37,758,750,-8,-6,0
IMU,52959,48,747,688,-6,-6,1
IMU,52969,68,772,715,-7,-6,1
IMU,52979,54,735,701,-6,-6,1
IMU,52989,1,725,724,-6,-6,2
IMU,52999,34,756,718,-7,-7,3
IMU,53008,66,755,731,-7,-7,2
IMU,53018,30,731,738,-7,-8,3
IMU,53028,74,754,735,-8,-8,3
IMU,53038,50,701,720,-6,-8,4
IMU,53047,35,775,778,-9,-9,4
IMU,53057,67,730,669,-6,-9,4
IMU,53067,53,780,817,-9,-8,4
IMU,53077,66,729,665,-6,-9,4
IMU,53086,45,760,824,-8,-9,4
IMU,53096,63,731,661,-7,-9,5
IMU,53106,86,770,806,-6,-9,5
IMU,53116,99,745,694,-7,-8,3
IMU,53125,82,761,788,-6,-8,3
IMU,53135,86,731,697,-8,-7,2
IMU,53145,95,752,758,-6,-7,2
IMU,53155,59,740,710,-7,-7,1
IMU,53165,93,749,760,-6,-6,1
IMU,53174,71,734,723,-7,-6,0
IMU,53184,53,763,732,-6,-6,0
IMU,53194,53,737,662,-8,-8,3
IMU,53204,67,729,773,-6,-9,4
IMU,53213,80,708,695,-8,-8,3
IMU,53223,60,724,726,-6,-9,4
IMU,53233,77,747,703,-8,-9,3
IMU,53243,77,751,713,-6,-8,3
IMU,53252,70,739,735,-8,-7,1
IMU,53262,92,728,713,-7,-6,0
IMU,53272,59,730,758,-7,-4,-1
IMU,53282,23,760,745,-7,-5,-1
IMU,53291,33,738,718,-6,-5,0
IMU,53301,56,739,736,-7,-5,0
IMU,53311,65,748,709,-6,-5,0
IMU,53321,36,741,766,-6,-6,1
IMU,53331,74,739,725,-7,-5,0
IMU,53340,58,745,730,-6,-6,0
IMU,53350,84,754,714,-7,-6,0
IMU,53360,64,757,714,-6,-4,-1
IMU,53370,54,752,719,-7,-5,0
IMU,53379,44,738,713,-7,-4,0
IMU,53389,9,745,729,-7,-6,0
IMU,53399,49,746,729,-7,-7,2
IMU,53409,65,739,728,-7,-6,2
IMU,53418,57,747,728,-7,-8,3
IMU,53428,92,740,732,-6,-7,3
IMU,53438,72,746,738,-7,-7,3
IMU,53448,106,733,743,-6,-8,3
IMU,53458,109,734,739,-8,-7,1
IMU,53467,107,742,747,-7,-7,2
IMU,53477,112,756,748,-7,-6,1
IMU,53487,96,737,724,-6,-6,1
IMU,53497,95,748,745,-8,-6,1
IMU,53507,94,735,740,-6,-7,1
IMU,53516,90,743,760,-7,-7,1
IMU,53527,88,738,738,-6,-7,1
IMU,53537,80,751,731,-8,-7,1
IMU,53545,69,737,710,-6,-7,2
IMU,53556,72,743,765,-8,-8,3
IMU,53565,75,735,728,-7,-9,3
IMU,53575,93,746,763,-8,-9,3
IMU,53584,87,735,732,-7,-9,3
IMU,53594,73,749,767,-8,-9,3
IMU,53604,74,735,732,-7,-10,4
IMU,53614,77,741,769,-8,-11,5
IMU,53624,103,735,740,-7,-11,5
IMU,53633,103,751,769,-7,-11,5
IMU,53643,92,745,735,-7,-10,4
IMU,53653,84,751,762,-7,-10,4
IMU,53663,82,739,721,-7,-10,4
IMU,53672,93,753,762,-7,-10,3
IMU,53682,93,746,729,-7,-9,3
IMU,53692,79,753,756,-7,-9,3
IMU,53702,74,743,731,-7,-9,2
IMU,53711,73,748,753,-7,-9,2
IMU,53721,72,739,732,-7,-9,2
IMU,53731,76,746,755,-7,-9,2
IMU,53741,69,741,730,-7,-8,2
IMU,53750,67,746,749,-7,-9,2
IMU,53760,73,746,742,-7,-8,2
IMU,53770,80,746,747,-7,-8,2
IMU,53780,87,737,730,-7,-8,1
IMU,53790,83,741,752,-7,-8,1
IMU,53799,83,743,743,-7,-8,1
IMU,53809,95,749,751,-6,-8,1
IMU,53819,94,747,741,-7,-7,0
IMU,53829,99,750,743,-6,-6,0
IMU,53838,90,745,735,-6,-6,0
IMU,53848,70,745,732,-6,-6,0
IMU,53858,80,747,727,-6,-6,0
IMU,53868,70,746,731,-6,-6,0
IMU,53877,80,737,741,-6,-6,0
IMU,53887,78,738,740,-7,-6,0
IMU,53897,68,735,728,-6,-6,0
IMU,53907,68,743,729,-6,-6,0
IMU,53916,87,740,730,-6,-6,0
IMU,53926,101,745,742,-6,-6,0
IMU,53936,96,739,731,-6,-5,-1
IMU,53946,84,744,736,-6,-4,-1
IMU,53956,77,740,731,-6,-5,-1
IMU,53965,79,741,738,-6,-5,-1
IMU,53975,87,737,729,-6,-5,-1
IMU,53985,90,736,740,-6,-5,-1
IMU,53995,83,732,735,-6,-5,-1
IMU,54004,89,735,740,-6,-5,-1
IMU,54014,101,734,727,-6,-5,-1
IMU,54024,105,741,737,-6,-4,-1
IMU,54034,101,740,708,-6,-4,-2
IMU,54043,106,732,739,-6,-3,-3
IMU,54053,67,736,715,-6,-2,-3
IMU,54063,57,736,718,-6,-3,-3
IMU,54073,68,734,732,-6,-4,-2
IMU,54083,71,735,732,-7,-5,-1
IMU,54092,120,735,733,-6,-4,-1
IMU,54102,71,743,737,-6,-3,-2
IMU,54112,78,743,730,-6,-4,-2
IMU,54122,91,746,737,-6,-4,-2
IMU,54131,80,743,728,-6,-3,-3
IMU,54141,124,737,735,-6,-3,-3
IMU,54151,80,740,735,-6,-2,-4
IMU,54162,46,742,728,-6,-3,-3
IMU,54170,60,744,719,-6,-4,-2
IMU,54181,59,744,719,-7,-5,-1
IMU,54191,73,745,723,-7,-5,-1
IMU,54200,54,746,727,-7,-5,-1
IMU,54210,22,748,720,-7,-6,0
IMU,54219,50,750,724,-7,-7,0
IMU,54229,60,752,728,-7,-7,1
IMU,54239,87,756,741,-7,-7,1
IMU,54249,102,753,741,-7,-6,0
IMU,54258,77,751,741,-7,-5,0
IMU,54268,74,750,738,-7,-5,0
IMU,54278,83,748,742,-6,-4,-1
IMU,54288,79,750,743,-6,-4,-1
IMU,54297,79,752,740,-6,-4,-2
IMU,54307,60,756,735,-6,-3,-2
IMU,54317,45,757,732,-6,-3,-2
IMU,54327,52,757,733,-6,-3,-2
IMU,54336,51,758,736,-6,-3,-2
IMU,54346,57,754,729,-6,-3,-2
IMU,54356,60,753,729,-6,-3,-2
IMU,54366,57,752,735,-6,-3,-2
IMU,54375,67,752,737,-6,-3,-2
IMU,54385,81,750,736,-6,-3,-2
IMU,54395,83,749,744,-6,-3,-2
IMU,54405,84,749,740,-6,-2,-3
IMU,54415,76,747,737,-6,-2,-3
IMU,54424,77,746,738,-6,-2,-3
IMU,54434,77,749,733,-6,-2,-3
IMU,54444,70,751,736,-6,-2,-3
IMU,54454,67,751,734,-6,-2,-2
IMU,54463,65,750,732,-6,-3,-2
IMU,54473,61,749,729,-6,-3,-2
IMU,54483,64,751,730,-6,-3,-1
IMU,54493,65,752,730,-6,-4,-1
IMU,54502,65,748,731,-6,-4,-1
IMU,54512,61,747,733,-6,-4,-1
IMU,54522,62,748,730,-6,-4,0
IMU,54532,66,748,731,-6,-4,0
IMU,54541,72,748,727,-6,-4,-1
IMU,54551,74,750,731,-6,-4,-1
IMU,54561,75,750,732,-6,-3,-1
IMU,54571,70,749,729,-6,-3,-2
IMU,54581,65,750,724,-6,-3,-2
IMU,54590,63,752,721,-6,-3,-2
IMU,54600,59,751,711,-6,-2,-2
IMU,54610,49,750,729,-6,-2,-2
IMU,54620,43,745,723,-6,-2,-2
IMU,54629,45,745,733,-6,-2,-2
IMU,54639,59,744,724,-6,-2,-2
IMU,54649,67,751,733,-6,-1,-3
IMU,54659,70,748,724,-6,-1,-4
IMU,54668,70,748,733,-5,0,-4
IMU,54678,71,745,726,-5,0,-5
IMU,54688,75,750,742,-5,0,-5
IMU,54698,76,749,735,-5,0,-6
IMU,54708,71,751,732,-5,0,-6
IMU,54717,65,752,726,-5,0,-6
IMU,54728,54,753,733,-5,0,-6
IMU,54738,46,746,720,-5,0,-6
IMU,54747,47,742,727,-5,0,-6
IMU,54757,47,743,724,-5,0,-5
IMU,54766,44,745,729,-5,0,-5
IMU,54776,44,744,718,-5,0,-5
IMU,54786,44,745,721,-5,0,-4
IMU,54795,46,747,717,-6,0,-4
IMU,54805,50,755,718,-6,-1,-4
IMU,54815,62,750,713,-6,-1,-4
IMU,54825,66,749,732,-5,0,-4
IMU,54834,54,745,731,-6,0,-4
IMU,54844,53,747,730,-5,0,-4
IMU,54854,49,749,720,-6,0,-4
IMU,54864,45,755,718,-6,-1,-4
IMU,54874,50,754,719,-5,0,-4
IMU,54883,42,749,727,-5,0,-4
IMU,54893,39,749,733,-6,-1,-3
IMU,54903,38,749,725,-6,-1,-3
IMU,54913,48,753,729,-6,-1,-3
IMU,54922,61,758,724,-6,0,-3
IMU,54932,51,761,727,-6,0,-3
IMU,54942,48,754,726,-6,0,-3
IMU,54952,50,752,725,-6,0,-3
IMU,54961,54,756,721,-5,-1,-3
IMU,54971,56,754,729,-5,-1,-3
IMU,54981,52,753,736,-6,0,-3
IMU,54991,47,751,732,-6,0,-3
IMU,55000,40,750,729,-6,-1,-3
IMU,55010,42,753,724,-6,-1,-2
IMU,55020,43,750,726,-6,-1,-2
IMU,55030,44,755,728,-6,-1,-2
IMU,55040,43,754,729,-6,-2,-2
IMU,55049,43,751,736,-6,-2,-2
IMU,55059,38,754,731,-6,-2,-1
IMU,55069,43,753,729,-6,-2,-1
IMU,55079,42,758,730,-6,-2,-1
IMU,55088,43,757,724,-6,-2,-2
IMU,55098,45,759,729,-6,-2,-2
IMU,55108,40,755,719,-6,-1,-2
IMU,55118,35,755,724,-6,-1,-2
IMU,55127,30,749,717,-5,-1,-2
IMU,55137,29,747,724,-5,-1,-2
IMU,55147,33,740,716,-5,-1,-2
IMU,55157,28,738,723,-6,-1,-2
IMU,55166,29,745,718,-6,-1,-2
IMU,55176,25,749,718,-6,-2,-2
IMU,55186,36,749,710,-6,-2,-1
IMU,55196,41,749,715,-6,-2,-1
IMU,55206,39,747,713,-6,-2,-1
IMU,55215,39,751,725,-6,-2,-1
IMU,55225,37,749,721,-6,-2,-1
IMU,55235,33,751,727,-6,-2,-1
IMU,55245,42,748,725,-6,-2,-1
IMU,55254,44,751,729,-6,-2,-2
IMU,55264,32,754,722,-6,-2,-1
IMU,55274,30,758,725,-6,-2,-1
IMU,55284,39,755,722,-6,-3,-1
IMU,55293,44,757,732,-6,-3,-1
IMU,55303,42,758,730,-6,-3,-1
IMU,55313,39,760,731,-6,-2,-1
IMU,55323,38,759,730,-6,-2,-1
IMU,55333,43,759,729,-6,-2,-1
IMU,55342,46,758,724,-6,-2,-2
IMU,55352,40,756,725,-6,-1,-2
IMU,55362,32,755,724,-6,-1,-3
IMU,55372,27,753,720,-6,-1,-3
IMU,55381,26,752,722,-6,-1,-3
IMU,55391,28,749,721,-6,-1,-3
IMU,55401,31,748,722,-6,-1,-2
IMU,55411,33,751,720,-6,-1,-3
IMU,55420,32,755,721,-6,-1,-3
IMU,55430,32,756,723,-6,0,-3
IMU,55440,29,758,722,-6,0,-3
IMU,55450,31,760,725,-6,0,-3
IMU,55459,33,758,732,-6,0,-4
IMU,55469,37,757,734,-6,0,-4
IMU,55479,27,760,735,-6,0,-4
IMU,55489,15,761,729,-6,0,-4
IMU,55499,12,766,728,-5,0,-4
IMU,55508,16,781,708,-6,0,-4
IMU,55518,20,764,731,-4,0,-4
IMU,55528,15,761,725,-6,0,-4
IMU,55538,9,756,725,-4,0,-4
IMU,55547,14,764,721,-6,0,-5
IMU,55557,24,763,712,-4,0,-5
IMU,55567,25,765,730,-6,1,-5
IMU,55577,23,750,714,-4,1,-6
IMU,55586,22,756,734,-6,2,-6
IMU,55596,17,754,710,-4,2,-7
IMU,55607,13,760,722,-5,2,-7
IMU,55616,12,749,706,-4,2,-7
IMU,55626,11,750,732,-5,2,-7
IMU,55636,33,745,744,-4,2,-7
IMU,55645,-9,760,724,-6,2,-7
IMU,55656,35,758,725,-5,2,-6
IMU,55665,14,754,714,-5,2,-6
IMU,55674,36,752,726,-5,1,-6
IMU,55684,21,758,731,-5,2,-7
IMU,55694,0,755,716,-5,2,-7
IMU,55704,-3,762,731,-6,1,-6
IMU,55713,-21,754,705,-5,0,-5
IMU,55723,4,757,722,-6,0,-4
IMU,55733,16,758,709,-5,0,-3
IMU,55743,14,758,729,-5,0,-4
IMU,55752,13,752,717,-5,0,-4
IMU,55762,9,749,729,-5,1,-4
IMU,55772,-1,752,717,-5,0,-4
IMU,55782,5,754,726,-5,0,-4
IMU,55791,19,747,712,-5,0,-4
IMU,55801,26,744,738,-5,0,-3
IMU,55811,4,741,716,-6,0,-3
IMU,55821,-38,753,712,-6,-2,-1
IMU,55831,0,759,717,-6,-3,0
IMU,55840,42,754,726,-6,-3,0
IMU,55850,60,755,718,-6,-2,-1
IMU,55860,46,760,709,-6,0,-3
IMU,55870,-7,765,706,-6,0,-3
IMU,55879,-16,768,716,-6,0,-3
IMU,55889,13,760,718,-6,0,-3
IMU,55899,28,760,721,-6,0,-3
IMU,55909,5,763,719,-6,0,-4
IMU,55918,-30,766,710,-6,0,-4
IMU,55928,-43,766,708,-6,0,-3
IMU,55938,-31,760,717,-6,-1,-2
IMU,55948,-13,761,725,-6,-1,-2
IMU,55958,-11,762,724,-6,-1,-2
IMU,55967,-4,759,731,-6,-1,-2
IMU,55977,-40,761,707,-6,-1,-2
IMU,55987,-6,764,713,-6,-2,-1
IMU,55997,16,763,718,-6,-1,-2
IMU,56006,22,759,722,-6,-1,-2
IMU,56016,17,755,720,-6,0,-3
IMU,56026,-17,759,712,-6,0,-3
IMU,56036,-4,756,714,-6,-1,-3
IMU,56045,-4,757,714,-6,-1,-3
IMU,56055,-3,752,713,-6,-1,-3
IMU,56065,0,749,721,-6,-1,-3
IMU,56075,-35,749,715,-6,0,-3
IMU,56084,-39,750,711,-6,-2,-1
IMU,56094,-28,758,722,-6,-3,0
IMU,56104,-15,757,717,-6,-3,0
IMU,56114,12,757,727,-6,-3,0
IMU,56124,9,762,726,-6,-2,-2
IMU,56133,-9,761,719,-6,-1,-2
IMU,56143,-7,758,721,-6,-1,-2
IMU,56153,-8,758,723,-6,-1,-2
IMU,56163,12,759,721,-6,-1,-2
IMU,56172,2,760,727,-6,-1,-3
IMU,56182,-25,756,718,-6,-1,-3
IMU,56192,-15,756,722,-6,-1,-2
IMU,56202,-31,754,722,-6,-2,-1
IMU,56211,-25,755,729,-6,-3,-1
IMU,56221,-14,752,721,-6,-3,0
IMU,56231,-25,754,715,-6,-3,0
IMU,56241,-14,757,720,-6,-4,0
IMU,56250,-11,756,717,-6,-4,0
IMU,56260,-5,755,719,-6,-4,0
IMU,56270,-1,752,722,-6,-4,0
IMU,56280,-9,748,725,-6,-4,0
IMU,56290,3,750,725,-6,-4,1
IMU,56299,5,750,720,-6,-4,0
IMU,56309,1,754,719,-6,-4,1
IMU,56319,0,754,716,-7,-4,1
IMU,56329,-3,756,712,-6,-4,1
IMU,56338,-6,754,711,-6,-5,1
IMU,56348,-12,753,715,-6,-5,1
IMU,56358,-16,753,713,-7,-5,2
IMU,56368,-18,756,712,-7,-6,2
IMU,56377,-22,755,708,-7,-6,3
IMU,56387,-19,756,708,-7,-7,4
IMU,56397,-15,753,709,-7,-7,4
IMU,56407,-14,755,712,-7,-8,5
IMU,56416,-17,756,709,-8,-9,6
IMU,56427,-11,758,712,-7,-10,7
IMU,56436,-6,760,714,-8,-10,7
IMU,56447,-7,760,717,-8,-11,8
IMU,56456,-4,758,715,-8,-11,9
IMU,56465,-5,757,717,-8,-12,9
IMU,56476,-8,756,714,-8,-12,10
IMU,56485,-4,758,716,-8,-13,11
IMU,56495,-1,754,714,-8,-13,11
IMU,56505,-1,754,713,-8,-14,11
IMU,56514,-6,754,710,-8,-14,12
IMU,56524,-6,751,715,-8,-15,12
IMU,56534,6,749,725,-9,-15,13
IMU,56543,8,749,725,-9,-15,13
IMU,56553,3,747,719,-9,-15,13
IMU,56563,-1,754,719,-9,-15,13
IMU,56573,-7,753,718,-9,-15,14
IMU,56583,1,757,723,-9,-16,14
IMU,56592,8,756,725,-9,-16,15
IMU,56602,12,759,723,-9,-16,15
IMU,56612,1,759,723,-9,-17,16
IMU,56622,1,764,719,-9,-18,17
IMU,56631,71,765,754,-9,-18,16
IMU,56641,87,757,736,-9,-15,13
IMU,56651,53,762,745,-8,-14,13
IMU,56661,11,765,712,-8,-13,12
IMU,56670,-42,764,720,-9,-15,13
IMU,56680,-1,757,716,-9,-18,15
IMU,56690,48,754,730,-9,-19,16
IMU,56700,35,759,720,-9,-19,17
IMU,56709,14,756,727,-9,-18,17
IMU,56719,-10,763,725,-10,-19,17
IMU,56729,14,767,723,-9,-20,18
IMU,56739,42,763,729,-10,-19,18
IMU,56749,55,767,723,-9,-18,16
IMU,56758,68,774,727,-9,-17,15
IMU,56768,57,764,719,-8,-15,13
IMU,56778,44,755,746,-8,-14,12
IMU,56788,68,759,735,-8,-13,11
IMU,56797,75,749,722,-8,-12,10
IMU,56807,52,756,742,-8,-11,8
IMU,56817,47,748,696,-8,-10,8
IMU,56827,25,763,749,-7,-10,8
IMU,56836,23,739,687,-8,-11,9
IMU,56846,19,762,741,-8,-12,10
IMU,56856,41,753,689,-9,-12,10
IMU,56866,59,761,751,-7,-12,10
IMU,56875,45,742,711,-9,-12,10
IMU,56885,42,751,739,-8,-13,10
IMU,56895,71,751,729,-9,-12,10
IMU,56905,90,761,746,-7,-12,9
IMU,56915,105,754,729,-8,-11,8
IMU,56924,104,758,741,-7,-9,6
IMU,56934,106,761,724,-8,-8,5
IMU,56944,102,756,749,-6,-7,4
IMU,56954,91,751,725,-8,-6,2
IMU,56963,94,754,723,-6,-6,1
IMU,56973,83,751,740,-7,-5,0
IMU,56983,71,751,723,-6,-4,0
IMU,56993,74,752,717,-6,-3,0
IMU,57002,72,746,724,-6,-3,-1
IMU,57012,76,767,725,-7,-2,-2
IMU,57022,63,747,702,-5,-1,-3
IMU,57032,47,753,749,-7,-1,-3
IMU,57041,46,746,694,-6,-1,-3
IMU,57051,52,754,763,-5,-1,-3
IMU,57061,80,750,703,-7,-1,-3
IMU,57071,67,758,751,-5,0,-4
IMU,57081,52,749,727,-6,0,-4
IMU,57090,59,756,726,-5,0,-4
IMU,57100,75,749,732,-6,0,-4
IMU,57110,83,750,727,-5,0,-5
IMU,57120,84,751,735,-5,1,-6
IMU,57129,65,749,726,-5,1,-6
IMU,57139,55,744,721,-5,1,-6
IMU,57149,75,740,718,-5,1,-6
IMU,57159,75,739,731,-5,1,-6
IMU,57168,63,741,730,-5,1,-7
IMU,57178,45,745,721,-5,1,-7
IMU,57188,40,744,718,-5,1,-6
IMU,57198,57,746,722,-5,0,-6
IMU,57208,70,747,725,-5,1,-6
IMU,57217,64,744,726,-5,1,-6
IMU,57227,48,746,727,-5,1,-6
IMU,57237,38,744,723,-5,1,-6
IMU,57247,44,745,730,-5,0,-6
IMU,57256,56,744,730,-5,0,-5
IMU,57266,60,744,729,-5,1,-6
IMU,57276,49,746,722,-5,0,-5
IMU,57286,41,747,727,-5,0,-5
IMU,57295,40,745,724,-6,0,-4
IMU,57305,41,746,723,-6,-1,-3
IMU,57315,41,746,725,-6,-2,-2
IMU,57325,42,751,727,-6,-2,-1
IMU,57334,44,752,727,-6,-3,-1
IMU,57344,41,752,732,-6,-3,0
IMU,57354,47,752,726,-6,-4,0
IMU,57365,47,752,728,-6,-4,0
IMU,57374,44,752,722,-6,-4,0
IMU,57384,41,754,725,-6,-4,0
IMU,57394,45,751,724,-6,-4,0
IMU,57403,44,755,728,-6,-4,0
IMU,57414,41,753,723,-6,-4,0
IMU,57422,38,753,727,-6,-4,0
IMU,57432,39,754,723,-7,-4,0
IMU,57442,33,755,725,-6,-5,0
IMU,57452,33,759,726,-7,-5,1
IMU,57461,35,759,725,-7,-5,1
IMU,57471,33,760,724,-7,-6,1
IMU,57481,36,759,724,-7,-6,2
IMU,57491,40,759,730,-7,-6,2
IMU,57500,36,760,729,-7,-6,2
IMU,57510,36,758,730,-7,-6,2
IMU,57520,39,760,728,-7,-7,2
IMU,57530,45,763,732,-7,-7,2
IMU,57540,47,764,732,-7,-7,2
IMU,57549,44,760,733,-7,-6,2
IMU,57559,45,760,733,-7,-6,2
IMU,57569,45,763,734,-7,-6,2
IMU,57579,47,764,735,-7,-6,1
IMU,57588,46,767,734,-6,-5,1
IMU,57598,45,763,732,-6,-5,1
IMU,57608,43,762,729,-6,-5,0
IMU,57618,41,759,730,-6,-4,0
IMU,57627,40,758,729,-6,-4,0
IMU,57637,38,757,728,-6,-3,0
IMU,57647,38,758,726,-6,-3,0
IMU,57657,39,760,728,-6,-3,-1
IMU,57666,39,757,728,-6,-3,-1
IMU,57676,39,754,725,-6,-2,-1
IMU,57686,39,752,724,-6,-2,-1
IMU,57696,42,753,726,-6,-2,-1
IMU,57706,46,752,728,-6,-2,-2
IMU,57715,49,752,727,-6,-2,-2
IMU,57725,50,752,728,-6,-2,-2
IMU,57735,48,752,727,-6,-1,-2
IMU,57745,45,751,724,-6,-1,-2
IMU,57754,44,750,722,-5,-1,-2
IMU,57764,43,752,722,-5,-1,-2
IMU,57774,41,750,724,-5,-1,-2
IMU,57784,39,748,723,-6,-1,-2
IMU,57793,38,749,722,-6,-2,-2
IMU,57803,38,750,719,-6,-2,-2
IMU,57813,39,747,722,-6,-2,-2
IMU,57823,40,749,721,-6,-2,-2
IMU,57833,41,750,722,-6,-2,-2
IMU,57842,42,750,721,-6,-2,-2
IMU,57852,39,748,721,-6,-2,-2
IMU,57862,38,748,723,-6,-2,-2
IMU,57872,41,746,719,-6,-2,-2
IMU,57881,41,746,717,-6,-2,-2
IMU,57891,40,745,719,-6,-2,-2
IMU,57901,37,749,719,-6,-2,-2
IMU,57911,37,750,720,-6,-2,-2
IMU,57920,34,751,718,-6,-2,-2
IMU,57930,39,752,721,-6,-1,-2
IMU,57940,34,751,721,-6,-1,-2
IMU,57950,32,753,720,-6,-1,-2
IMU,57959,32,752,722,-6,-1,-3
IMU,57969,31,752,722,-6,-1,-3
IMU,57979,35,752,722,-6,-1,-3
IMU,57989,33,752,722,-6,0,-3
IMU,57999,29,751,724,-6,0,-3
IMU,58008,29,752,722,-6,0,-3
IMU,58018,28,755,724,-6,0,-3
IMU,58028,27,752,723,-6,-1,-3
IMU,58038,26,753,726,-6,-1,-3
IMU,58047,27,752,725,-6,-1,-3
IMU,58057,23,754,726,-6,-1,-3
IMU,58067,26,753,726,-6,-1,-3
IMU,58077,30,755,728,-6,-1,-3
IMU,58086,28,754,725,-6,-1,-2
IMU,58096,30,753,725,-6,-1,-2
IMU,58106,30,755,724,-6,-1,-2
IMU,58116,31,754,724,-6,-1,-2
IMU,58125,30,755,724,-6,-2,-2
IMU,58135,28,756,724,-6,-2,-2
IMU,58145,26,755,721,-6,-2,-2
IMU,58155,25,754,726,-6,-2,-2
IMU,58165,23,755,729,-6,-2,-1
IMU,58174,25,758,727,-6,-2,-1
IMU,58184,26,757,730,-6,-2,-1
IMU,58194,26,758,727,-6,-2,-1
IMU,58204,27,758,728,-6,-2,-2
IMU,58213,26,761,728,-6,-2,-2
IMU,58223,22,759,727,-6,-2,-2
IMU,58233,18,761,727,-6,-2,-2
IMU,58243,17,762,726,-6,-2,-2
IMU,58252,14,762,722,-6,-2,-2
IMU,58262,13,762,724,-6,-2,-2
IMU,58272,16,760,725,-6,-2,-2
IMU,58282,16,759,726,-6,-2,-2
IMU,58291,16,759,726,-6,-2,-2
IMU,58301,17,758,724,-6,-2,-2
IMU,58311,19,757,725,-6,-2,-2
IMU,58321,19,757,724,-6,-2,-2
IMU,58331,19,755,722,-6,-2,-1
IMU,58340,18,753,726,-6,-2,-1
IMU,58351,17,753,724,-6,-2,-1
IMU,58360,16,752,722,-6,-2,-1
IMU,58370,13,757,718,-6,-2,-1
IMU,58380,12,758,718,-6,-2,-1
IMU,58389,12,762,721,-6,-3,-1
IMU,58400,11,758,720,-6,-3,-1
IMU,58409,16,753,719,-6,-3,-1
IMU,58418,15,755,722,-6,-2,-1
IMU,58428,12,757,718,-6,-2,-1
IMU,58438,11,759,721,-6,-2,-1
IMU,58448,12,757,719,-6,-2,-1
IMU,58458,17,756,721,-6,-2,-1
IMU,58467,18,756,722,-6,-2,-1
IMU,58477,15,753,720,-6,-2,-1
IMU,58487,14,754,719,-6,-2,-1
IMU,58497,19,754,720,-6,-2,-1
IMU,58506,22,753,720,-6,-2,-1
IMU,58516,18,754,717,-6,-2,-1
IMU,58526,16,750,714,-6,-2,-1
IMU,58536,19,751,716,-6,-2,-1
IMU,58545,17,752,712,-6,-2,-1
IMU,58555,19,753,714,-6,-2,-1
IMU,58565,16,749,712,-6,-2,-1
IMU,58575,12,748,718,-6,-2,-1
IMU,58584,13,749,713,-6,-2,-1
IMU,58594,12,751,718,-6,-2,-1
IMU,58604,13,752,716,-6,-2,-1
IMU,58614,11,753,724,-6,-3,-1
IMU,58624,12,751,722,-6,-3,-1
IMU,58633,11,751,719,-6,-3,-1
IMU,58643,11,754,722,-6,-3,0
IMU,58653,12,752,719,-6,-3,0
IMU,58663,12,753,720,-6,-3,0
IMU,58672,14,754,718,-6,-3,0
IMU,58682,15,755,718,-6,-3,0
IMU,58692,17,756,721,-6,-4,0
IMU,58702,18,755,722,-6,-3,0
IMU,58711,16,755,722,-6,-3,0
IMU,58721,11,753,723,-6,-3,0
IMU,58731,9,756,722,-7,-4,0
IMU,58741,8,756,722,-7,-4,0
IMU,58750,3,758,721,-7,-4,0
IMU,58760,2,760,723,-7,-4,0
IMU,58770,1,760,718,-7,-4,1
IMU,58780,2,760,722,-7,-5,1
IMU,58790,3,761,720,-7,-5,1
IMU,58799,4,760,721,-7,-5,1
IMU,58809,5,760,722,-7,-5,2
IMU,58819,9,757,724,-7,-5,2
IMU,58829,10,756,724,-7,-6,2
IMU,58838,11,755,724,-6,-6,2
IMU,58848,12,756,721,-6,-6,2
IMU,58858,14,756,722,-7,-6,2
IMU,58868,17,755,720,-7,-6,2
IMU,58877,18,755,719,-7,-5,2
IMU,58887,17,755,720,-7,-5,1
IMU,58897,17,754,720,-7,-5,1
IMU,58907,16,756,721,-6,-5,1
IMU,58916,16,755,725,-6,-5,1
IMU,58926,16,753,723,-6,-5,1
IMU,58936,14,753,720,-6,-5,1
IMU,58946,12,754,720,-6,-5,1
IMU,58956,13,754,721,-6,-5,1
IMU,58965,10,756,721,-7,-5,1
IMU,58975,10,757,723,-7,-5,1
IMU,58985,11,758,722,-7,-5,1
IMU,58995,13,755,719,-7,-5,1
IMU,59004,15,755,719,-6,-6,2
IMU,59014,14,758,722,-6,-6,2
IMU,59024,14,756,725,-6,-6,2
IMU,59034,14,752,720,-6,-6,2
IMU,59043,16,751,722,-6,-6,2
IMU,59053,16,751,716,-7,-6,3
IMU,59063,17,751,717,-7,-6,3
IMU,59073,17,750,715,-7,-7,3
IMU,59083,18,752,717,-7,-7,3
IMU,59092,18,754,719,-7,-7,3
IMU,59102,19,752,719,-7,-7,3
IMU,59112,19,752,719,-7,-7,3
IMU,59122,20,752,720,-7,-7,3
IMU,59131,22,752,722,-7,-7,3
IMU,59141,21,754,722,-7,-7,3
IMU,59152,21,753,722,-7,-7,3
IMU,59161,21,755,720,-7,-7,3
IMU,59170,20,757,725,-7,-7,3
IMU,59181,19,758,725,-7,-7,3
IMU,59190,17,760,726,-7,-7,3
IMU,59201,17,759,725,-7,-7,3
IMU,59209,18,759,725,-7,-7,3
IMU,59219,18,757,725,-7,-7,3
IMU,59229,20,759,725,-7,-7,3
IMU,59239,20,758,727,-7,-7,3
IMU,59249,20,758,727,-7,-7,3
IMU,59258,19,757,724,-7,-7,3
IMU,59268,21,757,721,-7,-7,3
IMU,59278,20,758,718,-7,-6,3
IMU,59288,19,761,719,-7,-6,3
IMU,59297,16,761,717,-7,-7,3
IMU,59307,17,760,718,-7,-7,3
IMU,59317,21,761,721,-7,-7,3
IMU,59327,22,757,721,-7,-7,3
IMU,59336,23,758,722,-7,-6,3
IMU,59346,22,759,724,-7,-6,2
IMU,59356,26,760,724,-7,-6,2
IMU,59366,32,761,724,-7,-6,2
IMU,59375,30,761,724,-7,-6,2
IMU,59385,27,761,722,-7,-6,2
IMU,59395,25,759,716,-7,-6,2
IMU,59405,22,760,722,-7,-6,2
IMU,59415,27,759,719,-7,-6,2
IMU,59424,33,761,724,-7,-6,2
IMU,59434,34,758,722,-7,-6,2
IMU,59444,31,758,723,-7,-5,1
IMU,59454,31,755,717,-7,-5,1
IMU,59463,33,754,722,-7,-5,1
IMU,59473,38,753,719,-7,-5,1
IMU,59483,36,753,717,-7,-5,0
SPM,50379,0.00
SPM,53413,0.00
SPM,56416,0.00
SPM,59421,0.00
SPM,62460,0.00
SPM,65501,0.00
SPM,68541,0.00
GPS,69258,59.361459,18.049059,3.22,20.32,10
GPS,69786,59.361459,18.049059,3.67,20.32,10
GPS,70372,59.361461,18.049042,3.67,21.26,10
GPS,70909,59.361461,18.049042,3.67,21.26,10
GPS,71250,59.361462,18.049026,3.67,22.20,10
GPS,71788,59.361462,18.049026,4.07,22.20,10
GPS,72237,59.361463,18.049011,4.07,23.08,10
GPS,72774,59.361463,18.049011,3.63,23.08,10
GPS,73233,59.361464,18.048992,3.63,24.13,10
GPS,73770,59.361464,18.048992,4.33,24.13,10
GPS,74239,59.361466,18.048972,4.33,25.29,10
GPS,74766,59.361466,18.048972,4.63,25.29,10
GPS,75254,59.361466,18.048953,4.63,26.34,10
GPS,75782,59.361466,18.048953,4.13,26.34,10
GPS,76261,59.361467,18.048933,4.13,27.44,10
GPS,76797,59.361467,18.048933,4.44,27.44,10
GPS,77256,59.361468,18.048914,4.44,28.54,10
GPS,77793,59.361468,18.048914,4.28,28.54,10
GPS,78252,59.361468,18.048895,4.28,29.61,10
GPS,78790,59.361468,18.048895,4.35,29.61,10
GPS,79240,59.361469,18.048876,4.35,30.68,10
GPS,79787,59.361469,18.048876,3.93,30.68,10
GPS,80235,59.361469,18.048856,3.93,31.76,10
GPS,80782,59.361469,18.048856,4.17,31.76,10
GPS,81241,59.361470,18.048837,4.17,32.87,10
IMU,69239,36,748,730,-4,-1,-1
IMU,69249,30,735,746,-6,0,-2
IMU,69258,56,724,752,-5,0,-2
IMU,69268,58,714,748,-6,0,-3
IMU,69278,12,701,727,-5,0,-2
IMU,69288,54,708,772,-6,-1,-2
IMU,69297,47,688,743,-5,-1,-1
IMU,69307,49,699,771,-6,-2,0
IMU,69317,44,703,736,-6,-1,-1
IMU,69327,13,708,757,-6,-2,0
IMU,69336,25,701,723,-6,-3,0
IMU,69346,46,707,749,-6,-3,0
IMU,69356,36,697,726,-6,-4,0
IMU,69366,16,712,749,-7,-3,0
IMU,69375,-9,718,715,-7,-4,1
IMU,69385,-18,722,741,-7,-5,2
IMU,69395,1,716,738,-8,-6,3
IMU,69405,0,723,762,-7,-6,4
IMU,69415,2,726,756,-8,-7,4
IMU,69424,15,736,770,-8,-7,5
IMU,69434,33,735,762,-8,-8,6
IMU,69444,51,741,773,-7,-8,6
IMU,69454,71,740,778,-7,-8,5
IMU,69463,83,738,789,-7,-7,4
IMU,69473,81,739,788,-7,-5,2
IMU,69483,68,735,780,-6,-4,1
IMU,69493,56,736,772,-6,-3,0
IMU,69502,47,736,760,-6,-2,0
IMU,69512,43,729,753,-5,-1,-1
IMU,69522,29,725,751,-6,-1,-1
IMU,69532,21,719,745,-5,-1,-1
IMU,69541,-2,718,740,-6,-2,0
IMU,69551,1,716,739,-6,-3,0
IMU,69561,14,716,738,-7,-4,1
IMU,69571,16,715,740,-7,-5,1
IMU,69581,27,720,749,-7,-5,2
IMU,69590,17,724,745,-7,-5,2
IMU,69600,34,725,752,-7,-5,3
IMU,69610,41,732,750,-7,-5,3
IMU,69620,45,737,757,-7,-5,2
IMU,69629,41,737,750,-7,-5,2
IMU,69639,37,739,760,-7,-5,2
IMU,69649,45,737,758,-7,-5,3
IMU,69659,45,737,766,-7,-5,3
IMU,69668,45,731,762,-6,-5,2
IMU,69678,31,730,766,-6,-5,2
IMU,69688,27,728,761,-6,-5,3
IMU,69698,25,729,756,-6,-6,3
IMU,69708,34,727,756,-6,-6,4
IMU,69717,42,730,755,-6,-6,4
IMU,69727,44,730,756,-6,-6,4
IMU,69737,37,732,750,-7,-6,4
IMU,69747,37,731,744,-6,-6,4
IMU,69756,40,729,734,-7,-6,4
IMU,69766,50,729,733,-6,-6,4
IMU,69776,50,729,730,-7,-6,4
IMU,69786,44,729,732,-7,-5,3
IMU,69795,37,733,733,-7,-5,3
IMU,69805,39,732,734,-7,-5,3
IMU,69815,46,736,739,-7,-5,3
IMU,69825,47,739,738,-7,-5,3
IMU,69834,49,742,745,-7,-5,3
IMU,69844,43,747,744,-7,-5,3
IMU,69854,52,751,743,-7,-5,3
IMU,69864,56,753,744,-6,-5,2
IMU,69874,59,752,741,-7,-5,2
IMU,69883,59,756,737,-6,-4,2
IMU,69893,56,751,741,-6,-5,2
IMU,69903,43,748,742,-6,-5,2
IMU,69913,46,749,738,-6,-5,2
IMU,69922,45,743,718,-6,-6,3
IMU,69932,45,748,731,-7,-6,4
IMU,69942,48,744,712,-7,-7,4
IMU,69952,57,744,719,-7,-7,5
IMU,69961,70,742,717,-7,-8,5
IMU,69971,75,746,724,-7,-8,5
IMU,69981,71,737,719,-7,-8,5
IMU,69991,64,742,723,-7,-8,5
IMU,70000,66,741,712,-7,-8,5
IMU,70010,60,748,712,-7,-7,5
IMU,70020,62,741,718,-7,-8,5
IMU,70030,65,753,726,-8,-7,4
IMU,70040,36,745,721,-7,-7,4
IMU,70049,47,742,745,-8,-7,5
IMU,70059,59,779,728,-8,-7,4
IMU,70069,93,761,670,-7,-7,4
IMU,70079,77,773,800,-6,-5,3
IMU,70088,75,745,664,-8,-5,2
IMU,70098,102,757,811,-5,-4,1
IMU,70108,24,763,709,-9,-4,0
IMU,70118,18,785,678,-6,-8,4
IMU,70127,59,762,780,-7,-5,2
IMU,70137,-21,773,690,-6,-6,2
IMU,70147,116,757,763,-6,-6,3
IMU,70157,-15,750,727,-7,-4,2
IMU,70166,55,742,786,-6,-7,4
IMU,70176,134,748,766,-8,-6,4
IMU,70186,49,736,738,-6,-6,3
IMU,70196,204,747,753,-7,-5,2
IMU,70206,122,749,741,-5,-2,0
IMU,70215,73,754,745,-6,-2,0
IMU,70225,135,742,717,-5,-1,-2
IMU,70235,68,729,736,-6,0,-2
IMU,70245,78,736,719,-6,-2,-1
IMU,70254,84,741,738,-6,-1,-1
IMU,70264,3,737,705,-6,-2,0
IMU,70274,49,741,734,-6,-3,0
IMU,70284,18,744,714,-7,-4,0
IMU,70293,15,750,726,-7,-5,2
IMU,70303,53,746,711,-7,-6,3
IMU,70313,45,748,722,-7,-6,3
IMU,70323,65,751,731,-7,-7,4
IMU,70333,79,750,735,-6,-7,4
IMU,70342,69,747,731,-7,-6,3
IMU,70352,96,747,734,-7,-6,2
IMU,70362,101,749,738,-7,-5,1
IMU,70372,76,744,735,-6,-4,0
IMU,70381,88,742,735,-7,-4,0
IMU,70391,74,745,726,-6,-3,0
IMU,70401,61,749,734,-7,-3,0
IMU,70411,68,745,722,-6,-3,0
IMU,70420,51,746,726,-6,-3,0
IMU,70430,58,742,720,-6,-2,0
IMU,70440,60,747,731,-6,-2,-1
IMU,70450,49,744,723,-6,-2,-1
IMU,70459,57,747,729,-6,-2,-2
IMU,70469,45,745,724,-6,-2,-2
IMU,70479,36,752,730,-6,-2,-1
IMU,70489,51,753,725,-6,-2,-1
IMU,70499,52,755,730,-6,-2,-2
IMU,70508,59,756,726,-6,-2,-2
IMU,70518,62,755,733,-6,-1,-2
IMU,70528,61,750,737,-6,-1,-3
IMU,70538,70,745,735,-5,0,-3
IMU,70547,71,741,733,-5,0,-4
IMU,70557,60,743,738,-5,0,-4
IMU,70567,56,745,731,-5,0,-4
IMU,70577,50,750,726,-6,0,-4
IMU,70587,50,755,727,-6,0,-4
IMU,70597,51,753,726,-6,0,-4
IMU,70606,43,751,726,-6,0,-4
IMU,70617,40,752,717,-6,0,-4
IMU,70625,44,752,720,-5,0,-4
IMU,70635,42,751,727,-5,0,-4
IMU,70646,39,750,729,-5,0,-4
IMU,70655,38,751,729,-5,0,-4
IMU,70665,41,752,720,-6,0,-4
IMU,70675,51,758,728,-6,0,-3
IMU,70684,59,756,721,-6,0,-3
IMU,70694,61,762,727,-6,0,-3
IMU,70704,58,762,716,-6,0,-3
IMU,70713,51,753,747,-5,0,-3
IMU,70723,29,764,714,-6,0,-3
IMU,70733,52,762,724,-5,-1,-3
IMU,70743,43,771,733,-6,-1,-3
IMU,70752,54,758,708,-5,-1,-3
IMU,70762,52,763,749,-6,-1,-2
IMU,70772,30,760,684,-6,-2,-1
IMU,70782,58,774,740,-6,-2,-1
IMU,70791,44,767,668,-7,-3,0
IMU,70801,49,779,714,-6,-3,0
IMU,70811,68,771,673,-7,-3,0
IMU,70821,58,783,713,-6,-3,0
IMU,70831,65,779,677,-7,-3,0
IMU,70840,64,787,711,-6,-3,0
IMU,70850,56,783,688,-7,-3,0
IMU,70860,51,787,704,-6,-4,0
IMU,70870,73,777,714,-7,-3,0
IMU,70879,16,787,687,-7,-4,0
IMU,70889,75,785,711,-7,-5,1
IMU,70899,28,795,705,-7,-6,2
IMU,70909,59,787,719,-7,-7,2
IMU,70918,79,783,707,-7,-4,1
IMU,70928,49,793,712,-6,-4,0
IMU,70938,72,782,703,-6,-4,0
IMU,70948,36,781,715,-6,-4,0
IMU,70958,31,762,700,-6,-4,0
IMU,70967,59,771,719,-6,-4,0
IMU,70977,42,771,714,-6,-3,0
IMU,70987,11,763,693,-6,-4,0
IMU,70997,35,751,721,-6,-4,0
IMU,71006,46,739,734,-6,-3,0
IMU,71016,76,750,756,-7,-2,-1
IMU,71026,82,739,715,-5,0,-3
IMU,71036,38,747,733,-6,0,-3
IMU,71045,28,730,732,-5,0,-4
IMU,71055,35,727,776,-6,0,-4
IMU,71065,98,708,767,-5,0,-5
IMU,71075,90,714,784,-5,3,-8
IMU,71084,6,723,713,-5,3,-8
IMU,71094,-25,738,752,-5,1,-7
IMU,71104,-15,721,727,-5,0,-4
IMU,71114,46,727,777,-6,0,-4
IMU,71124,68,718,752,-5,0,-5
IMU,71133,23,725,768,-5,1,-6
IMU,71143,-26,720,711,-5,1,-6
IMU,71153,-43,722,740,-6,-1,-3
IMU,71163,-4,720,725,-6,-2,-2
IMU,71172,53,729,749,-6,-2,-1
IMU,71182,44,726,724,-6,-2,-2
IMU,71192,34,730,755,-7,-2,-2
IMU,71202,23,730,732,-7,-2,-1
IMU,71211,17,734,762,-7,-4,0
IMU,71221,51,729,757,-7,-4,0
IMU,71231,71,740,775,-6,-3,-1
IMU,71241,46,737,761,-6,-2,-1
IMU,71250,28,737,773,-6,-2,-2
IMU,71261,15,729,752,-6,-2,-1
IMU,71270,6,728,763,-6,-3,-1
IMU,71280,28,721,758,-6,-3,-1
IMU,71291,14,718,754,-6,-3,0
IMU,71299,13,714,744,-6,-3,0
IMU,71310,-2,708,746,-6,-3,0
IMU,71319,-1,705,739,-6,-4,0
IMU,71329,22,708,747,-6,-4,0
IMU,71338,32,710,740,-7,-4,0
IMU,71348,36,711,744,-6,-3,0
IMU,71358,28,712,742,-7,-3,0
IMU,71368,21,716,749,-7,-3,0
IMU,71377,24,715,745,-7,-4,0
IMU,71387,27,721,745,-7,-4,0
IMU,71397,44,727,747,-7,-4,0
IMU,71407,36,729,757,-7,-4,0
IMU,71416,33,732,755,-7,-4,0
IMU,71426,27,735,755,-7,-4,0
IMU,71436,22,738,751,-7,-3,0
IMU,71446,19,742,756,-7,-3,0
IMU,71456,12,744,748,-7,-3,0
IMU,71465,8,748,750,-6,-4,0
IMU,71475,5,747,748,-6,-4,0
IMU,71485,9,747,752,-6,-4,0
IMU,71495,10,744,751,-6,-4,0
IMU,71504,12,743,752,-6,-4,0
IMU,71514,13,740,747,-6,-4,1
IMU,71524,3,738,746,-6,-5,1
IMU,71534,16,734,744,-6,-5,1
IMU,71543,23,736,746,-6,-5,1
IMU,71553,28,738,744,-6,-4,0
IMU,71563,16,739,737,-6,-4,0
IMU,71573,6,740,729,-6,-4,0
IMU,71583,8,745,733,-7,-4,0
IMU,71592,13,746,730,-7,-4,1
IMU,71602,13,752,737,-7,-5,1
IMU,71612,14,755,735,-7,-5,1
IMU,71622,11,759,736,-7,-5,2
IMU,71631,26,762,739,-7,-5,2
IMU,71641,35,761,744,-7,-4,1
IMU,71651,42,763,736,-6,-4,0
IMU,71661,52,771,741,-6,-3,0
IMU,71670,41,771,731,-6,-2,0
IMU,71680,42,771,733,-6,-2,0
IMU,71690,29,771,721,-6,-2,0
IMU,71700,22,769,719,-6,-3,0
IMU,71709,19,764,715,-6,-3,0
IMU,71719,11,761,714,-6,-4,1
IMU,71729,7,754,713,-6,-5,2
IMU,71739,22,752,724,-6,-6,3
IMU,71749,17,752,729,-7,-7,3
IMU,71758,20,755,731,-7,-7,4
IMU,71768,24,752,724,-7,-7,5
IMU,71778,21,757,729,-7,-8,5
IMU,71788,35,755,732,-7,-8,5
IMU,71797,39,753,735,-7,-8,5
IMU,71807,40,750,729,-7,-9,6
IMU,71817,46,752,739,-7,-9,6
IMU,71827,63,746,744,-7,-8,5
IMU,71836,21,769,747,-7,-7,4
IMU,71846,-32,765,644,-7,-10,7
IMU,71856,50,753,784,-6,-10,7
IMU,71866,-17,754,689,-7,-10,7
IMU,71875,70,776,740,-6,-9,6
IMU,71885,4,753,628,-7,-9,7
IMU,71895,24,775,772,-6,-10,8
IMU,71905,85,728,644,-8,-10,9
IMU,71915,57,737,802,-6,-10,8
IMU,71924,136,723,692,-9,-9,7
IMU,71934,112,759,796,-5,-7,5
IMU,71944,44,735,732,-8,-6,3
IMU,71954,129,752,769,-6,-5,1
IMU,71963,72,727,721,-7,-2,0
IMU,71973,64,741,776,-5,-2,0
IMU,71983,83,739,723,-6,0,-2
IMU,71993,9,725,752,-5,0,-2
IMU,72002,32,734,711,-6,-1,-2
IMU,72012,10,730,726,-5,-2,-1
IMU,72022,-6,737,711,-7,-3,0
IMU,72032,-4,732,708,-6,-5,2
IMU,72041,-11,737,702,-8,-7,3
IMU,72051,8,736,703,-7,-8,5
IMU,72061,48,742,709,-8,-9,5
IMU,72071,42,741,701,-7,-9,6
IMU,72081,60,753,736,-8,-8,5
IMU,72090,81,753,734,-7,-7,4
IMU,72100,66,761,746,-7,-6,3
IMU,72110,75,750,725,-7,-6,2
IMU,72120,85,761,746,-7,-5,1
IMU,72129,69,756,737,-6,-4,0
IMU,72139,67,759,735,-6,-3,0
IMU,72149,37,754,719,-6,-3,0
IMU,72159,16,759,724,-7,-3,0
IMU,72168,2,754,718,-6,-4,0
IMU,72178,-12,752,712,-7,-5,1
IMU,72188,2,751,714,-7,-5,2
IMU,72198,22,754,715,-7,-5,2
IMU,72208,25,752,721,-7,-5,2
IMU,72217,42,750,716,-7,-5,2
IMU,72227,52,750,718,-7,-5,2
IMU,72237,68,751,724,-7,-4,1
IMU,72247,82,749,728,-7,-4,0
IMU,72256,88,750,725,-6,-3,0
IMU,72266,79,755,729,-7,-2,-1
IMU,72276,68,759,727,-6,-1,-2
IMU,72286,55,758,733,-7,-1,-3
IMU,72295,50,756,726,-6,0,-3
IMU,72305,44,756,731,-6,0,-3
IMU,72315,34,758,728,-6,0,-4
IMU,72325,24,762,733,-6,0,-4
IMU,72334,29,760,730,-5,0,-4
IMU,72344,32,761,731,-6,0,-4
IMU,72354,39,764,730,-5,0,-4
IMU,72364,32,768,729,-6,0,-4
IMU,72374,35,767,729,-6,0,-4
IMU,72383,39,768,724,-6,0,-5
IMU,72393,39,769,728,-5,0,-5
IMU,72403,40,766,729,-6,0,-5
IMU,72413,35,764,728,-5,0,-5
IMU,72422,29,760,722,-5,0,-4
IMU,72432,29,758,724,-5,0,-4
IMU,72442,30,757,723,-5,0,-3
IMU,72453,36,757,723,-6,0,-3
IMU,72462,39,751,720,-6,-1,-3
IMU,72471,39,755,724,-6,-1,-3
IMU,72481,42,757,719,-6,-1,-2
IMU,72491,40,758,717,-6,-1,-2
IMU,72500,43,757,712,-6,-1,-2
IMU,72510,42,755,717,-6,-1,-2
IMU,72520,39,749,720,-6,-1,-2
IMU,72530,38,748,727,-6,-1,-2
IMU,72541,35,746,722,-6,-1,-2
IMU,72549,31,749,722,-6,-1,-2
IMU,72559,39,754,716,-6,-1,-2
IMU,72569,38,763,714,-6,-1,-2
IMU,72579,42,769,710,-6,-1,-2
IMU,72588,43,776,709,-6,-1,-2
IMU,72598,37,780,703,-6,-1,-2
IMU,72608,44,786,704,-6,-1,-2
IMU,72618,43,782,695,-6,-1,-2
IMU,72627,41,783,705,-6,-2,-2
IMU,72637,99,768,739,-6,-2,-1
IMU,72647,-4,790,706,-7,-3,-1
IMU,72657,34,782,705,-6,-4,0
IMU,72666,13,782,696,-7,-4,0
IMU,72676,33,789,690,-6,-6,1
IMU,72686,112,782,711,-7,-5,0
IMU,72696,30,792,710,-6,-4,0
IMU,72706,30,787,693,-7,-4,0
IMU,72715,8,794,676,-6,-4,0
IMU,72725,4,790,677,-6,-5,0
IMU,72735,61,790,689,-6,-4,0
IMU,72745,51,789,693,-6,-4,0
IMU,72754,15,787,676,-6,-3,-1
IMU,72764,7,778,696,-6,-2,-1
IMU,72774,-6,771,698,-6,-4,0
IMU,72784,6,793,712,-7,-3,0
IMU,72793,49,754,673,-6,-4,0
IMU,72803,64,769,731,-7,-3,-1
IMU,72813,93,762,721,-5,-2,-2
IMU,72823,99,774,781,-5,0,-4
IMU,72833,62,739,715,-4,1,-6
IMU,72842,71,751,746,-5,1,-6
IMU,72852,56,749,714,-4,0,-6
IMU,72862,49,754,749,-5,0,-6
IMU,72872,79,735,712,-5,1,-7
IMU,72881,16,732,726,-5,1,-8
IMU,72891,-31,720,676,-5,0,-6
IMU,72901,-43,732,705,-5,-1,-4
IMU,72911,-39,725,674,-6,-3,-1
IMU,72920,-13,728,701,-6,-6,0
IMU,72930,14,719,690,-7,-7,1
IMU,72940,1,723,716,-7,-8,3
IMU,72950,29,719,709,-7,-9,4
IMU,72959,29,728,724,-7,-10,4
IMU,72969,38,730,734,-8,-11,5
IMU,72979,57,731,747,-8,-11,5
IMU,72989,55,733,752,-8,-11,5
IMU,72999,51,732,757,-8,-11,5
IMU,73008,55,739,756,-8,-10,5
IMU,73018,52,746,754,-7,-10,4
IMU,73028,47,745,754,-7,-9,3
IMU,73038,46,740,758,-7,-8,2
IMU,73047,27,734,753,-6,-7,1
IMU,73057,11,730,754,-6,-6,0
IMU,73067,0,729,743,-6,-6,0
IMU,73077,-11,732,745,-7,-6,0
IMU,73086,5,726,749,-7,-6,0
IMU,73096,-3,731,757,-7,-6,0
IMU,73106,-7,727,756,-7,-5,0
IMU,73116,-20,731,757,-7,-5,0
IMU,73125,-11,733,750,-7,-6,0
IMU,73135,0,736,753,-7,-6,1
IMU,73145,4,739,755,-7,-6,1
IMU,73155,7,741,763,-7,-6,1
IMU,73165,-2,734,752,-7,-6,1
IMU,73175,7,735,764,-7,-5,1
IMU,73184,14,739,755,-7,-5,1
IMU,73194,22,746,768,-7,-5,0
IMU,73204,15,750,754,-7,-5,0
IMU,73213,1,756,760,-6,-5,0
IMU,73223,-2,749,746,-6,-5,0
IMU,73233,-1,752,742,-6,-5,0
IMU,73243,11,748,734,-6,-5,0
IMU,73252,0,748,735,-6,-4,0
IMU,73262,0,744,732,-6,-4,0
IMU,73272,-5,744,731,-6,-4,0
IMU,73282,0,739,726,-6,-4,0
IMU,73291,1,738,724,-6,-4,0
IMU,73301,5,739,718,-6,-4,0
IMU,73311,-2,744,716,-7,-4,0
IMU,73321,0,745,709,-6,-4,0
IMU,73331,2,752,713,-6,-4,0
IMU,73340,18,751,715,-6,-3,0
IMU,73350,27,753,724,-6,-3,-1
IMU,73360,25,752,728,-6,-2,-1
IMU,73370,19,754,737,-6,-1,-2
IMU,73379,10,756,731,-6,-1,-3
IMU,73389,17,757,738,-6,-1,-3
IMU,73399,3,758,724,-6,-1,-3
IMU,73409,-1,762,730,-6,-1,-2
IMU,73418,-21,763,715,-6,-2,-1
IMU,73428,-15,764,724,-6,-3,0
IMU,73438,11,763,715,-6,-4,0
IMU,73448,32,762,729,-6,-3,0
IMU,73458,49,755,735,-6,-2,-1
IMU,73467,18,747,742,-5,-1,-2
IMU,73477,-4,745,725,-6,-2,-2
IMU,73487,0,746,727,-6,-2,-1
IMU,73497,14,747,726,-6,-3,0
IMU,73506,35,751,733,-6,-3,0
IMU,73516,-81,772,669,-7,-3,0
IMU,73526,16,750,692,-6,-6,2
IMU,73536,51,755,748,-7,-4,1
IMU,73545,-47,767,692,-6,-4,1
IMU,73555,76,730,736,-6,-5,2
IMU,73565,-99,757,708,-7,-4,3
IMU,73575,12,739,703,-7,-9,6
IMU,73584,91,741,746,-7,-8,5
IMU,73594,36,741,740,-7,-8,5
IMU,73604,173,741,761,-8,-7,4
IMU,73614,48,743,719,-6,-4,2
IMU,73624,53,747,754,-7,-5,2
IMU,73633,79,743,707,-6,-4,1
IMU,73644,21,751,748,-6,-5,1
IMU,73653,65,742,715,-7,-5,1
IMU,73664,30,751,736,-6,-3,0
IMU,73673,-6,747,700,-7,-5,2
IMU,73682,37,749,714,-6,-5,2
IMU,73693,21,737,690,-7,-6,3
IMU,73702,19,762,720,-7,-6,3
IMU,73711,31,741,697,-7,-6,3
IMU,73721,-17,752,737,-7,-6,3
IMU,73731,-5,762,704,-7,-5,2
IMU,73741,17,777,656,-8,-6,3
IMU,73750,35,776,746,-6,-5,3
IMU,73760,79,766,675,-8,-3,1
IMU,73770,55,758,748,-5,-2,0
IMU,73780,12,771,725,-8,-1,-1
IMU,73790,50,762,732,-4,-1,-2
IMU,73799,47,771,756,-7,0,-4
IMU,73809,17,755,701,-5,0,-4
IMU,73819,38,766,774,-6,1,-6
IMU,73829,-13,752,692,-5,1,-5
IMU,73838,-8,766,735,-6,0,-3
IMU,73848,26,751,680,-5,-1,-2
IMU,73858,15,766,738,-6,-2,-1
IMU,73868,22,748,688,-6,-3,0
IMU,73877,15,757,717,-6,-4,0
IMU,73887,32,747,680,-6,-6,1
IMU,73897,44,762,726,-7,-6,2
IMU,73907,71,751,690,-7,-7,2
IMU,73916,63,766,724,-7,-7,2
IMU,73926,54,754,684,-8,-7,2
IMU,73936,49,770,721,-7,-7,3
IMU,73946,56,763,702,-8,-8,3
IMU,73956,55,772,735,-7,-8,3
IMU,73965,60,759,720,-7,-7,3
IMU,73975,49,764,744,-7,-7,2
IMU,73985,46,754,728,-7,-7,2
IMU,73995,44,758,739,-7,-7,2
IMU,74004,31,757,722,-7,-7,1
IMU,74014,25,760,729,-7,-6,1
IMU,74024,0,756,712,-7,-6,1
IMU,74034,-5,763,720,-7,-6,1
IMU,74043,5,759,710,-7,-6,1
IMU,74053,14,762,723,-7,-5,0
IMU,74063,17,760,709,-7,-5,0
IMU,74073,17,762,721,-6,-4,0
IMU,74083,32,754,718,-6,-4,0
IMU,74092,50,752,733,-6,-3,-1
IMU,74102,51,750,734,-6,-3,-2
IMU,74112,44,750,735,-6,-2,-2
IMU,74122,22,756,731,-6,-2,-2
IMU,74131,11,758,725,-6,-3,-2
IMU,74141,9,760,722,-7,-3,-1
IMU,74151,10,762,727,-6,-4,-1
IMU,74161,8,759,717,-6,-4,0
IMU,74170,1,763,724,-6,-5,0
IMU,74180,1,759,716,-7,-5,1
IMU,74190,7,761,720,-6,-6,1
IMU,74200,23,760,717,-7,-7,2
IMU,74209,38,759,720,-7,-8,3
IMU,74219,47,757,717,-7,-8,3
IMU,74229,50,758,716,-7,-8,3
IMU,74239,53,760,717,-7,-8,3
IMU,74249,56,763,712,-7,-8,3
IMU,74258,59,765,708,-7,-7,2
IMU,74268,56,766,706,-7,-7,1
IMU,74278,45,768,710,-7,-6,1
IMU,74288,28,766,705,-6,-6,0
IMU,74297,32,765,706,-6,-5,0
IMU,74307,35,764,701,-6,-5,0
IMU,74317,40,764,701,-6,-4,0
IMU,74327,76,764,713,-6,-4,0
IMU,74336,48,766,693,-7,-3,-1
IMU,74346,33,775,677,-6,-4,0
IMU,74356,39,785,691,-7,-6,0
IMU,74366,29,789,686,-6,-6,0
IMU,74375,53,789,691,-7,-6,1
IMU,74385,68,788,692,-7,-5,0
IMU,74395,97,769,715,-7,-5,0
IMU,74405,8,786,686,-7,-6,0
IMU,74415,40,761,706,-6,-6,0
IMU,74424,36,782,738,-7,-6,1
IMU,74434,-21,780,621,-7,-7,2
IMU,74444,58,794,733,-7,-9,4
IMU,74454,7,798,649,-7,-9,3
IMU,74463,82,800,733,-7,-8,3
IMU,74473,83,771,661,-7,-7,2
IMU,74483,10,794,736,-6,-7,2
IMU,74493,40,775,660,-7,-8,3
IMU,74502,22,800,714,-6,-8,3
IMU,74513,96,774,651,-8,-10,4
IMU,74522,118,777,701,-6,-9,3
IMU,74533,90,769,696,-7,-9,3
IMU,74542,97,774,734,-7,-7,1
IMU,74551,150,734,718,-7,-6,0
IMU,74562,131,725,780,-6,-4,-2
IMU,74571,90,717,735,-7,-2,-5
IMU,74581,-24,753,720,-6,-4,-3
IMU,74590,-17,751,682,-6,-7,-1
IMU,74600,60,752,714,-6,-7,0
IMU,74610,104,735,726,-6,-5,-1
IMU,74620,73,729,742,-6,-2,-4
IMU,74629,-44,737,687,-7,-4,-3
IMU,74639,-70,746,681,-6,-7,0
IMU,74649,-5,740,687,-7,-10,1
IMU,74659,88,743,737,-7,-10,2
IMU,74668,78,734,755,-7,-8,0
IMU,74678,31,731,758,-7,-7,0
IMU,74688,-21,730,726,-7,-8,0
IMU,74698,0,739,743,-7,-10,3
IMU,74708,38,741,744,-8,-11,4
IMU,74717,60,742,759,-7,-11,4
IMU,74727,62,732,745,-7,-10,3
IMU,74737,26,732,763,-7,-10,3
IMU,74747,27,736,753,-7,-11,4
IMU,74756,37,734,749,-7,-11,4
IMU,74766,61,742,749,-7,-10,3
IMU,74776,72,737,741,-7,-10,2
IMU,74786,47,729,751,-7,-9,2
IMU,74795,21,737,741,-7,-8,1
IMU,74805,18,735,728,-7,-9,1
IMU,74815,23,731,732,-7,-9,2
IMU,74825,36,735,756,-7,-9,2
IMU,74834,37,730,751,-7,-9,1
IMU,74844,-1,739,759,-7,-8,1
IMU,74854,3,739,734,-7,-9,2
IMU,74864,26,748,747,-7,-9,2
IMU,74874,38,747,749,-7,-9,2
IMU,74883,55,753,764,-7,-9,1
IMU,74893,50,752,750,-7,-8,1
IMU,74903,38,757,767,-7,-8,1
IMU,74913,42,755,746,-7,-8,1
IMU,74922,45,766,763,-6,-8,1
IMU,74932,35,754,744,-6,-8,1
IMU,74942,27,759,756,-7,-7,0
IMU,74952,7,751,734,-6,-7,0
IMU,74961,-2,745,746,-6,-7,1
IMU,74971,-8,736,723,-6,-8,1
IMU,74981,-1,736,736,-6,-8,2
IMU,74991,0,731,724,-6,-8,2
IMU,75000,3,736,738,-6,-9,3
IMU,75010,19,728,726,-7,-9,3
IMU,75020,30,731,733,-7,-8,2
IMU,75030,45,734,716,-7,-8,2
IMU,75040,45,740,723,-7,-7,1
IMU,75049,37,739,715,-7,-6,0
IMU,75059,37,745,722,-7,-5,-1
IMU,75069,46,742,714,-6,-4,-2
IMU,75079,49,746,729,-6,-3,-3
IMU,75088,50,746,725,-6,-2,-4
IMU,75098,42,751,743,-6,-2,-4
IMU,75108,35,750,746,-6,-2,-4
IMU,75118,36,754,750,-6,-1,-5
IMU,75127,34,755,741,-6,-1,-5
IMU,75137,35,760,733,-5,-1,-5
IMU,75147,38,758,729,-5,-1,-5
IMU,75157,31,763,727,-5,0,-6
IMU,75166,32,761,723,-5,0,-5
IMU,75176,31,761,718,-5,-1,-5
IMU,75186,32,757,720,-5,-2,-4
IMU,75196,27,750,712,-5,-2,-3
IMU,75206,30,747,714,-6,-3,-2
IMU,75215,21,744,711,-6,-4,-2
IMU,75225,28,742,707,-6,-5,-1
IMU,75235,45,733,706,-6,-5,0
IMU,75245,59,734,723,-6,-5,0
IMU,75254,57,733,721,-7,-5,0
IMU,75264,41,742,735,-7,-6,0
IMU,75274,48,741,721,-7,-7,0
IMU,75284,-48,767,671,-8,-8,1
IMU,75293,38,748,674,-7,-11,4
IMU,75303,50,771,748,-8,-10,4
IMU,75313,20,753,697,-6,-10,3
IMU,75323,62,745,751,-8,-8,3
IMU,75333,-90,742,668,-7,-9,5
IMU,75342,35,758,764,-8,-11,6
IMU,75352,-9,737,663,-7,-13,8
IMU,75362,126,762,789,-9,-14,8
IMU,75372,136,741,670,-8,-11,6
IMU,75381,110,770,786,-7,-10,5
IMU,75391,58,743,674,-7,-10,5
IMU,75401,73,756,773,-8,-10,5
IMU,75411,84,725,715,-6,-10,5
IMU,75420,126,741,804,-7,-9,3
IMU,75430,135,717,724,-6,-6,0
IMU,75440,46,753,759,-7,-5,0
IMU,75450,48,735,696,-5,-5,0
IMU,75459,48,757,754,-7,-5,0
IMU,75469,53,740,700,-5,-4,-1
IMU,75479,53,788,705,-8,-4,-1
IMU,75489,55,753,656,-4,-4,-1
IMU,75499,31,792,744,-8,-5,-1
IMU,75508,55,753,650,-5,-5,-1
IMU,75518,53,762,785,-7,-5,-1
IMU,75528,59,735,669,-6,-5,-1
IMU,75538,75,757,790,-7,-5,-1
IMU,75547,21,754,689,-6,-4,-2
IMU,75557,40,775,764,-6,-5,-1
IMU,75567,46,745,704,-6,-5,-1
IMU,75577,29,767,748,-7,-6,0
IMU,75586,63,756,709,-7,-7,0
IMU,75596,56,766,741,-6,-7,0
IMU,75606,47,758,691,-6,-8,0
IMU,75616,71,768,724,-6,-7,0
IMU,75625,68,765,707,-6,-6,0
IMU,75635,88,767,728,-6,-5,-1
IMU,75645,69,763,683,-7,-4,-2
IMU,75655,87,749,728,-5,-2,-4
IMU,75665,40,742,688,-7,-2,-4
IMU,75674,36,756,710,-6,-4,-3
IMU,75684,45,753,711,-6,-3,-3
IMU,75694,24,755,714,-6,-4,-3
IMU,75704,69,751,714,-7,-3,-3
IMU,75713,16,752,725,-6,-3,-3
IMU,75723,-5,757,714,-7,-4,-3
IMU,75733,7,765,714,-6,-5,-2
IMU,75743,23,758,722,-6,-5,-1
IMU,75752,79,758,725,-6,-5,-1
IMU,75762,57,761,729,-6,-4,-2
IMU,75772,35,763,724,-6,-4,-1
IMU,75782,68,759,727,-7,-5,-1
IMU,75791,72,759,724,-7,-5,0
IMU,75801,85,766,739,-7,-6,0
IMU,75811,82,763,733,-6,-6,-1
IMU,75821,48,762,727,-6,-5,0
IMU,75831,57,757,726,-7,-6,0
IMU,75840,48,758,732,-7,-6,0
IMU,75850,28,758,729,-7,-7,0
IMU,75860,40,755,717,-7,-7,0
IMU,75870,40,748,714,-7,-7,0
IMU,75879,36,756,724,-7,-7,0
IMU,75889,47,752,728,-7,-7,0
IMU,75899,42,749,729,-7,-7,0
IMU,75909,52,746,722,-7,-7,0
IMU,75918,65,746,733,-7,-7,0
IMU,75928,51,748,723,-7,-6,0
IMU,75938,58,747,722,-7,-6,0
IMU,75948,64,747,719,-7,-6,-1
IMU,75958,61,751,724,-7,-5,-1
IMU,75967,63,754,724,-7,-5,-2
IMU,75977,50,754,725,-6,-4,-2
IMU,75987,44,755,718,-7,-4,-2
IMU,75997,43,762,714,-7,-4,-2
IMU,76006,47,769,708,-7,-5,-2
IMU,76016,51,772,713,-7,-5,-1
IMU,76026,48,775,717,-7,-6,-1
IMU,76036,42,771,716,-7,-7,0
IMU,76045,41,770,710,-7,-8,0
IMU,76055,50,767,711,-7,-8,1
IMU,76065,56,751,717,-7,-9,1
IMU,76075,60,763,749,-7,-9,1
IMU,76084,50,751,669,-7,-9,1
IMU,76094,61,759,744,-6,-9,2
IMU,76104,42,763,646,-8,-9,1
IMU,76114,75,770,722,-5,-8,1
IMU,76124,61,768,639,-9,-7,0
IMU,76133,69,784,718,-5,-8,0
IMU,76143,68,766,651,-9,-8,0
IMU,76153,124,801,772,-5,-8,0
IMU,76163,93,777,626,-10,-4,-2
IMU,76172,131,765,740,-4,-8,0
IMU,76182,17,793,658,-10,-7,0
IMU,76192,37,796,728,-5,-10,1
IMU,76202,127,790,688,-10,-10,2
IMU,76212,52,796,723,-5,-9,1
IMU,76221,118,788,683,-10,-10,2
IMU,76232,3,824,741,-5,-9,2
IMU,76241,34,797,688,-10,-10,2
IMU,76250,96,809,688,-5,-10,2
IMU,76261,68,812,694,-9,-8,0
IMU,76270,90,812,698,-4,-8,0
IMU,76280,88,801,716,-8,-5,-2
IMU,76291,84,786,684,-5,-3,-4
IMU,76299,118,792,751,-7,-2,-5
IMU,76309,64,777,716,-4,-1,-6
IMU,76319,55,779,735,-6,-1,-6
IMU,76329,72,768,684,-5,-1,-7
IMU,76338,121,765,737,-6,-2,-7
IMU,76348,190,737,779,-4,0,-10
IMU,76358,68,724,763,-5,3,-12
IMU,76368,-41,733,703,-5,0,-10
IMU,76377,-19,742,726,-5,-3,-7
IMU,76387,46,734,735,-5,-5,-5
IMU,76397,170,718,782,-5,-3,-7
IMU,76407,122,701,751,-4,0,-10
IMU,76416,-33,713,747,-5,0,-10
IMU,76426,-66,704,683,-6,-3,-6
IMU,76436,-50,720,720,-6,-7,-2
IMU,76446,39,712,711,-7,-8,0
IMU,76456,74,719,729,-6,-8,0
IMU,76465,32,717,732,-7,-7,-1
IMU,76475,11,724,731,-7,-8,-1
IMU,76485,15,731,722,-7,-9,0
IMU,76495,47,740,732,-7,-10,1
IMU,76504,89,751,754,-7,-10,0
IMU,76514,97,761,725,-7,-8,0
IMU,76524,53,762,735,-6,-7,-1
IMU,76534,50,761,740,-7,-7,-1
IMU,76543,30,760,740,-6,-7,-1
IMU,76553,39,750,747,-7,-7,-1
IMU,76563,55,752,751,-6,-7,-1
IMU,76573,27,743,737,-6,-6,-1
IMU,76583,13,746,752,-6,-7,-1
IMU,76592,8,740,737,-6,-7,-1
IMU,76602,7,741,742,-6,-8,0
IMU,76612,31,744,751,-7,-9,0
IMU,76622,28,751,756,-7,-9,0
IMU,76631,35,744,742,-7,-8,0
IMU,76641,24,745,735,-7,-8,0
IMU,76651,25,742,735,-7,-8,0
IMU,76661,46,739,748,-6,-8,0
IMU,76670,36,737,749,-6,-8,0
IMU,76680,41,732,745,-6,-8,0
IMU,76690,30,729,745,-6,-7,0
IMU,76700,22,729,738,-6,-8,0
IMU,76709,25,736,736,-7,-7,0
IMU,76720,37,737,736,-7,-7,0
IMU,76730,37,737,742,-7,-7,0
IMU,76739,35,738,735,-7,-7,0
IMU,76750,32,741,742,-7,-7,0
IMU,76758,23,741,732,-7,-7,0
IMU,76768,35,743,748,-7,-7,0
IMU,76779,32,743,742,-6,-7,0
IMU,76788,34,742,758,-6,-7,0
IMU,76797,30,741,747,-6,-6,-1
IMU,76807,28,740,751,-6,-6,-1
IMU,76817,17,737,748,-6,-5,-2
IMU,76827,10,737,752,-6,-5,-2
IMU,76836,1,736,745,-6,-5,-2
IMU,76846,2,739,741,-6,-5,-2
IMU,76856,2,742,743,-6,-5,-1
IMU,76866,0,746,741,-6,-5,-1
IMU,76875,7,747,739,-6,-6,0
IMU,76885,16,745,729,-6,-6,0
IMU,76895,37,749,735,-6,-6,0
IMU,76905,54,750,732,-6,-5,-1
IMU,76915,59,754,735,-6,-4,-2
IMU,76924,51,754,723,-6,-3,-3
IMU,76934,37,755,727,-6,-2,-4
IMU,76944,37,748,724,-6,-2,-5
IMU,76954,25,757,727,-6,-1,-5
IMU,76963,21,757,718,-6,-2,-5
IMU,76973,7,759,724,-6,-2,-4
IMU,76983,-9,758,712,-6,-3,-3
IMU,76993,19,761,730,-6,-4,-2
IMU,77002,38,759,724,-6,-4,-2
IMU,77012,60,758,743,-6,-4,-2
IMU,77022,60,755,742,-6,-4,-2
IMU,77032,41,757,746,-6,-4,-2
IMU,77041,50,753,737,-6,-5,-2
IMU,77051,73,751,743,-6,-5,-2
IMU,77061,-8,770,710,-6,-4,-2
IMU,77071,19,768,673,-5,-7,0
IMU,77081,12,771,710,-7,-6,0
IMU,77090,-33,761,672,-6,-7,0
IMU,77100,65,759,712,-7,-6,0
IMU,77110,-58,752,679,-6,-6,0
IMU,77120,30,757,736,-7,-9,3
IMU,77129,-7,754,675,-7,-10,4
IMU,77139,55,762,748,-7,-12,5
IMU,77149,126,752,703,-7,-9,3
IMU,77159,113,753,748,-6,-8,2
IMU,77168,47,753,721,-7,-8,1
IMU,77178,34,758,753,-6,-8,1
IMU,77188,68,739,721,-7,-8,2
IMU,77198,97,749,757,-6,-8,2
IMU,77208,146,735,734,-6,-6,0
IMU,77217,80,746,751,-6,-4,-1
IMU,77227,46,743,710,-6,-4,-1
IMU,77237,63,752,727,-6,-5,-1
IMU,77247,60,745,710,-6,-4,-1
IMU,77256,90,744,723,-6,-3,-3
IMU,77266,61,736,701,-6,-2,-4
IMU,77276,25,741,716,-6,-2,-4
IMU,77286,14,735,701,-6,-3,-3
IMU,77295,23,744,703,-6,-3,-3
IMU,77305,58,742,707,-6,-4,-2
IMU,77315,55,748,725,-6,-3,-3
IMU,77325,12,743,705,-6,-3,-3
IMU,77334,20,758,709,-7,-5,-2
IMU,77344,54,776,666,-7,-5,-1
IMU,77354,73,769,722,-6,-5,0
IMU,77364,76,769,700,-7,-5,-1
IMU,77374,64,761,721,-5,-5,-1
IMU,77383,48,748,730,-7,-5,-1
IMU,77393,49,740,734,-6,-6,-1
IMU,77403,69,748,743,-7,-6,-1
IMU,77413,59,752,718,-6,-5,-2
IMU,77422,51,759,729,-7,-4,-3
IMU,77432,48,754,707,-6,-4,-3
IMU,77442,31,757,727,-6,-4,-3
IMU,77452,44,748,699,-6,-4,-3
IMU,77461,36,752,721,-6,-4,-3
IMU,77471,45,746,705,-6,-4,-3
IMU,77481,51,753,726,-6,-4,-3
IMU,77491,39,748,713,-6,-3,-4
IMU,77500,42,757,728,-6,-3,-4
IMU,77510,42,755,714,-6,-3,-5
IMU,77520,38,761,724,-6,-2,-5
IMU,77530,41,757,712,-6,-2,-5
IMU,77540,30,761,729,-6,-2,-5
IMU,77549,21,758,725,-6,-3,-4
IMU,77559,19,761,737,-6,-3,-4
IMU,77569,22,756,726,-6,-4,-3
IMU,77579,23,762,735,-6,-4,-3
IMU,77588,28,760,726,-6,-5,-2
IMU,77598,25,767,731,-6,-5,-2
IMU,77608,36,768,720,-6,-5,-2
IMU,77618,38,769,726,-6,-5,-2
IMU,77627,43,768,722,-6,-5,-2
IMU,77637,38,763,723,-6,-5,-2
IMU,77647,42,758,719,-6,-4,-2
IMU,77657,46,753,722,-6,-4,-3
IMU,77666,52,748,722,-6,-4,-3
IMU,77676,45,745,729,-6,-3,-4
IMU,77686,40,745,724,-6,-3,-4
IMU,77696,36,747,718,-6,-3,-4
IMU,77706,28,749,717,-6,-3,-5
IMU,77715,25,754,719,-6,-2,-5
IMU,77725,23,756,716,-6,-2,-5
IMU,77735,27,757,715,-6,-2,-5
IMU,77745,31,757,716,-6,-2,-5
IMU,77754,33,759,717,-6,-2,-6
IMU,77764,39,761,725,-5,-1,-6
IMU,77774,45,760,729,-5,-1,-7
IMU,77784,40,762,727,-5,0,-7
IMU,77793,37,763,726,-5,0,-8
IMU,77803,32,767,724,-5,0,-8
IMU,77813,26,770,715,-5,0,-8
IMU,77823,23,772,712,-5,0,-7
IMU,77833,21,771,708,-5,-1,-7
IMU,77842,22,771,703,-5,-1,-7
IMU,77852,12,764,698,-5,-2,-5
IMU,77862,18,763,694,-5,-3,-5
IMU,77872,15,765,694,-6,-3,-4
IMU,77881,32,769,685,-6,-4,-3
IMU,77891,41,769,680,-6,-4,-3
IMU,77901,38,772,671,-6,-4,-3
IMU,77911,40,781,669,-7,-5,-3
IMU,77920,44,787,658,-6,-5,-3
IMU,77930,42,785,672,-7,-5,-2
IMU,77940,46,782,682,-7,-5,-2
IMU,77950,36,783,687,-7,-5,-2
IMU,77959,22,785,680,-6,-5,-2
IMU,77969,62,771,717,-6,-5,-2
IMU,77979,-16,769,726,-7,-5,-2
IMU,77989,-3,773,687,-7,-6,-2
IMU,77999,-1,779,714,-6,-6,-1
IMU,78008,1,790,691,-8,-7,0
IMU,78018,71,794,700,-6,-6,-1
IMU,78028,59,796,718,-7,-5,-2
IMU,78038,2,801,699,-6,-5,-2
IMU,78047,4,797,698,-7,-5,-2
IMU,78057,-20,785,693,-6,-6,-1
IMU,78067,22,789,701,-7,-7,0
IMU,78077,72,780,693,-6,-6,-1
IMU,78086,22,783,694,-6,-5,-2
IMU,78096,21,776,693,-6,-5,-2
IMU,78106,12,772,698,-7,-6,-1
IMU,78116,39,767,702,-6,-7,0
IMU,78125,93,766,704,-7,-7,-1
IMU,78135,98,755,707,-7,-6,-1
IMU,78145,104,758,763,-6,-5,-2
IMU,78155,93,740,758,-6,-3,-5
IMU,78165,11,742,742,-6,-3,-5
IMU,78174,3,747,729,-6,-5,-4
IMU,78184,7,753,732,-6,-7,-2
IMU,78194,53,746,742,-6,-7,-1
IMU,78204,72,743,746,-6,-5,-3
IMU,78213,14,741,733,-6,-4,-4
IMU,78223,-56,750,721,-6,-5,-3
IMU,78233,-59,751,699,-6,-8,-1
IMU,78243,-37,759,704,-7,-10,1
IMU,78252,20,753,708,-7,-11,2
IMU,78262,45,753,723,-7,-11,2
IMU,78272,12,743,729,-7,-11,3
IMU,78282,17,739,736,-7,-12,4
IMU,78291,6,740,724,-7,-14,5
IMU,78301,28,739,741,-8,-14,6
IMU,78311,56,734,744,-8,-14,5
IMU,78321,46,735,752,-8,-13,5
IMU,78331,41,732,759,-7,-13,4
IMU,78340,33,731,756,-8,-13,4
IMU,78350,36,737,749,-7,-12,4
IMU,78360,37,743,765,-7,-12,3
IMU,78370,52,741,753,-7,-11,2
IMU,78379,45,741,752,-7,-10,2
IMU,78389,32,739,737,-7,-10,1
IMU,78399,15,748,742,-7,-10,1
IMU,78409,1,742,746,-7,-10,1
IMU,78418,-3,744,743,-7,-11,1
IMU,78428,16,740,715,-7,-11,2
IMU,78438,0,748,748,-7,-11,2
IMU,78448,-3,743,734,-7,-11,2
IMU,78458,0,749,756,-7,-11,2
IMU,78467,0,744,727,-7,-10,2
IMU,78477,11,752,738,-7,-11,2
IMU,78488,14,753,729,-7,-11,3
IMU,78497,28,752,753,-7,-11,3
IMU,78507,30,749,741,-7,-11,2
IMU,78517,26,747,751,-7,-10,2
IMU,78526,17,750,742,-7,-10,1
IMU,78536,34,753,750,-6,-10,1
IMU,78545,45,751,754,-7,-9,1
IMU,78555,34,748,749,-6,-9,0
IMU,78565,32,743,752,-6,-8,0
IMU,78575,17,740,754,-6,-7,0
IMU,78584,16,736,748,-6,-7,0
IMU,78594,16,729,734,-6,-7,-1
IMU,78604,10,724,733,-6,-6,-1
IMU,78614,3,720,725,-6,-6,-1
IMU,78624,2,719,729,-6,-6,-1
IMU,78633,0,720,724,-6,-7,-1
IMU,78643,14,723,730,-6,-7,-1
IMU,78653,16,728,727,-7,-7,-1
IMU,78663,15,731,734,-7,-6,-1
IMU,78672,10,733,721,-7,-6,-2
IMU,78682,3,738,726,-7,-6,-2
IMU,78692,7,741,730,-7,-5,-2
IMU,78702,14,742,735,-6,-5,-2
IMU,78711,19,749,739,-7,-5,-2
IMU,78721,16,752,735,-6,-4,-2
IMU,78731,7,757,733,-6,-4,-2
IMU,78741,-1,760,731,-6,-5,-2
IMU,78750,-7,763,725,-6,-5,-2
IMU,78760,8,757,723,-6,-4,-3
IMU,78770,-2,754,730,-6,-3,-3
IMU,78780,-11,748,720,-5,-3,-3
IMU,78790,-13,749,727,-6,-3,-3
IMU,78799,-19,744,724,-6,-3,-3
IMU,78809,0,745,733,-6,-4,-2
IMU,78819,-7,742,730,-6,-4,-2
IMU,78829,-4,750,731,-7,-5,-1
IMU,78838,12,746,723,-6,-5,-1
IMU,78848,-45,771,725,-7,-5,-1
IMU,78858,-27,765,677,-6,-7,0
IMU,78868,6,771,766,-7,-6,0
IMU,78877,-35,755,702,-6,-7,0
IMU,78887,70,770,780,-6,-6,0
IMU,78897,-64,752,693,-6,-5,0
IMU,78907,18,768,788,-6,-8,2
IMU,78916,-11,768,711,-8,-9,3
IMU,78926,39,765,777,-6,-11,5
IMU,78936,136,758,738,-8,-9,3
IMU,78946,91,768,773,-6,-7,2
IMU,78956,48,758,727,-7,-7,1
IMU,78965,29,765,748,-5,-7,2
IMU,78975,56,746,715,-7,-7,2
IMU,78985,82,755,757,-6,-8,2
IMU,78995,102,746,730,-7,-6,1
IMU,79004,73,747,750,-5,-5,0
IMU,79014,51,739,714,-7,-4,0
IMU,79024,73,750,751,-5,-4,0
IMU,79034,80,742,715,-7,-3,-2
IMU,79043,90,750,735,-5,-3,-2
IMU,79053,76,750,709,-6,-1,-4
IMU,79063,46,762,727,-5,0,-5
IMU,79073,37,756,701,-6,0,-6
IMU,79083,18,762,706,-5,0,-6
IMU,79092,22,757,697,-6,0,-6
IMU,79102,10,765,711,-5,0,-6
IMU,79112,-5,753,698,-6,-1,-5
IMU,79122,-4,760,716,-5,-2,-4
IMU,79131,2,757,707,-6,-3,-3
IMU,79141,2,760,719,-6,-4,-2
IMU,79151,13,762,700,-6,-4,-1
IMU,79161,31,764,712,-6,-5,0
IMU,79170,47,761,702,-6,-5,0
IMU,79180,56,758,708,-6,-6,0
IMU,79190,69,757,707,-6,-6,0
IMU,79200,75,751,698,-6,-6,0
IMU,79210,69,748,727,-6,-5,0
IMU,79219,48,744,708,-6,-5,-1
IMU,79230,18,747,711,-7,-6,-1
IMU,79240,20,745,707,-7,-6,0
IMU,79249,22,752,718,-7,-6,0
IMU,79259,27,742,695,-7,-7,1
IMU,79268,0,746,717,-7,-8,1
IMU,79278,-2,741,713,-7,-9,2
IMU,79288,12,761,731,-7,-9,3
IMU,79297,40,767,673,-8,-10,4
IMU,79307,92,761,735,-6,-9,3
IMU,79317,74,765,698,-8,-8,2
IMU,79327,73,767,719,-6,-8,1
IMU,79336,76,755,734,-8,-7,0
IMU,79346,60,753,737,-6,-6,0
IMU,79356,70,755,747,-7,-4,-2
IMU,79366,37,758,732,-6,-3,-3
IMU,79375,13,760,747,-6,-3,-4
IMU,79385,15,754,722,-6,-3,-4
IMU,79395,7,759,731,-6,-3,-3
IMU,79405,30,759,712,-6,-4,-3
IMU,79415,21,762,722,-6,-4,-3
IMU,79424,22,750,708,-6,-4,-2
IMU,79434,35,750,724,-6,-4,-2
IMU,79444,26,749,711,-7,-5,-1
IMU,79454,20,756,719,-7,-5,-1
IMU,79463,35,755,709,-7,-5,-1
IMU,79473,38,760,718,-7,-5,-1
IMU,79483,43,757,710,-7,-5,-1
SPM,71570,0.00
SPM,74584,0.00
SPM,77604,0.00
SPM,80615,41.67
SPM,83661,41.67
SPM,86707,38.06
GPS,89786,59.361484,18.048684,3.52,41.70,10
GPS,90235,59.361487,18.048666,3.52,42.72,10
GPS,90791,59.361487,18.048666,3.59,42.72,10
GPS,91241,59.361490,18.048649,3.59,43.74,10
GPS,91788,59.361490,18.048649,3.87,43.74,10
GPS,92237,59.361492,18.048632,3.87,44.73,10
GPS,92793,59.361492,18.048632,3.15,44.73,10
GPS,93233,59.361495,18.048612,3.15,45.90,10
GPS,93790,59.361495,18.048612,5.00,45.90,10
GPS,94239,59.361500,18.048590,5.00,47.25,10
GPS,94786,59.361500,18.048590,5.07,47.25,10
GPS,95235,59.361503,18.048571,5.07,48.36,10
GPS,95791,59.361503,18.048571,3.91,48.36,10
GPS,96231,59.361507,18.048549,3.91,49.65,10
GPS,96788,59.361507,18.048549,5.15,49.65,10
GPS,97237,59.361511,18.048530,5.15,50.83,10
GPS,97784,59.361511,18.048530,3.93,50.83,10
GPS,98243,59.361516,18.048509,3.93,52.10,11
GPS,98809,59.361516,18.048509,5.19,52.10,11
GPS,99239,59.361521,18.048487,5.19,53.46,11
GPS,99805,59.361521,18.048487,5.06,53.46,11
GPS,100245,59.361527,18.048465,5.06,54.80,11
GPS,100801,59.361527,18.048465,4.93,54.80,11
GPS,101242,59.361534,18.048441,4.93,56.28,11
GPS,101807,59.361534,18.048441,5.63,56.28,11
IMU,89278,-6,733,719,-6,-4,-3
IMU,89288,-16,732,721,-5,-6,-2
IMU,89297,14,731,721,-6,-6,-1
IMU,89307,31,730,729,-6,-6,-2
IMU,89317,19,720,716,-6,-5,-2
IMU,89327,22,722,718,-6,-5,-2
IMU,89336,2,726,726,-6,-5,-3
IMU,89346,5,725,740,-6,-5,-2
IMU,89356,10,726,735,-7,-5,-2
IMU,89366,11,731,743,-7,-5,-2
IMU,89375,6,735,745,-7,-5,-2
IMU,89385,3,741,758,-6,-5,-2
IMU,89395,5,742,763,-6,-5,-2
IMU,89405,6,745,763,-6,-5,-2
IMU,89415,18,753,768,-6,-4,-3
IMU,89424,10,759,758,-6,-4,-3
IMU,89434,-3,759,760,-6,-4,-3
IMU,89444,-11,750,748,-5,-4,-2
IMU,89454,-12,750,752,-5,-5,-2
IMU,89463,-2,746,742,-6,-5,-1
IMU,89473,-8,744,747,-5,-6,0
IMU,89483,-1,739,731,-6,-6,0
IMU,89493,4,735,733,-5,-6,0
IMU,89502,8,731,724,-6,-6,0
IMU,89512,17,732,724,-6,-6,0
IMU,89522,19,728,723,-6,-6,0
IMU,89532,16,728,719,-6,-6,0
IMU,89541,16,727,717,-6,-6,0
IMU,89551,14,732,724,-6,-6,0
IMU,89561,15,731,720,-7,-6,0
IMU,89571,16,735,726,-7,-6,0
IMU,89581,18,738,722,-7,-6,0
IMU,89590,20,741,724,-7,-6,0
IMU,89600,20,748,723,-7,-6,0
IMU,89610,19,750,722,-7,-6,0
IMU,89620,16,752,716,-7,-6,0
IMU,89629,7,758,712,-7,-6,0
IMU,89639,15,757,717,-6,-6,0
IMU,89649,6,762,723,-7,-6,0
IMU,89659,12,759,728,-6,-6,0
IMU,89668,12,758,730,-7,-6,0
IMU,89678,6,753,728,-6,-6,0
IMU,89688,27,750,730,-6,-6,0
IMU,89698,26,752,725,-6,-5,0
IMU,89708,30,755,725,-6,-5,-1
IMU,89717,39,754,713,-6,-4,-2
IMU,89727,26,758,705,-6,-3,-3
IMU,89737,17,754,704,-6,-3,-3
IMU,89747,14,749,710,-6,-2,-3
IMU,89756,-11,745,711,-6,-3,-3
IMU,89766,3,743,734,-7,-4,-1
IMU,89776,0,742,729,-7,-5,-1
IMU,89786,4,749,738,-7,-6,0
IMU,89795,29,754,727,-7,-6,0
IMU,89805,35,764,748,-7,-6,0
IMU,89815,-97,775,654,-7,-8,1
IMU,89825,5,785,735,-6,-10,3
IMU,89834,-76,773,678,-8,-8,2
IMU,89844,52,759,747,-6,-9,3
IMU,89854,16,752,693,-8,-7,3
IMU,89864,-59,754,730,-6,-11,5
IMU,89874,48,750,742,-9,-12,6
IMU,89883,-2,761,731,-6,-11,5
IMU,89893,113,751,757,-8,-12,5
IMU,89903,74,768,707,-6,-9,3
IMU,89913,23,771,716,-8,-8,3
IMU,89922,42,763,704,-6,-10,4
IMU,89932,22,764,739,-8,-9,4
IMU,89942,38,734,708,-6,-10,4
IMU,89952,54,748,757,-8,-9,3
IMU,89961,50,743,728,-6,-9,3
IMU,89971,57,777,747,-8,-8,3
IMU,89981,66,761,656,-7,-8,2
IMU,89991,116,767,776,-6,-7,1
IMU,90000,123,760,681,-7,-3,-1
IMU,90010,108,758,765,-5,-2,-3
IMU,90020,61,751,709,-7,-1,-5
IMU,90030,50,758,749,-4,0,-6
IMU,90040,44,750,749,-6,1,-8
IMU,90049,-3,744,732,-4,0,-8
IMU,90059,-16,731,710,-6,0,-7
IMU,90069,-34,746,710,-5,0,-6
IMU,90079,-11,758,722,-6,-1,-5
IMU,90088,19,757,710,-5,-1,-5
IMU,90098,-15,748,697,-6,-1,-5
IMU,90108,-4,750,700,-5,-2,-5
IMU,90118,20,754,712,-5,-1,-5
IMU,90127,33,746,703,-5,-1,-5
IMU,90137,54,746,717,-5,0,-7
IMU,90147,46,744,720,-5,1,-8
IMU,90157,45,746,724,-5,1,-9
IMU,90166,37,742,719,-5,2,-10
IMU,90176,34,741,715,-5,3,-10
IMU,90186,10,746,722,-5,2,-10
IMU,90196,-6,749,714,-5,2,-10
IMU,90206,-17,749,716,-5,0,-9
IMU,90215,-9,747,712,-5,0,-8
IMU,90225,0,745,722,-5,0,-7
IMU,90235,-2,744,726,-5,0,-7
IMU,90245,-8,746,725,-5,0,-7
IMU,90254,8,746,725,-5,0,-7
IMU,90264,21,747,733,-5,0,-8
IMU,90274,20,754,723,-5,0,-8
IMU,90284,22,756,724,-5,1,-9
IMU,90293,12,752,714,-5,1,-9
IMU,90303,18,750,720,-5,1,-9
IMU,90313,-8,752,695,-5,2,-10
IMU,90323,8,752,718,-4,2,-10
IMU,90333,-29,757,690,-5,2,-10
IMU,90342,-16,759,695,-5,2,-9
IMU,90352,-6,760,695,-6,2,-9
IMU,90362,-10,764,712,-5,1,-9
IMU,90372,19,763,719,-6,2,-9
IMU,90381,-10,769,726,-5,2,-9
IMU,90391,9,763,729,-6,1,-8
IMU,90401,14,770,735,-5,1,-8
IMU,90411,0,769,734,-6,1,-8
IMU,90420,15,771,735,-5,0,-7
IMU,90430,-8,773,739,-5,0,-7
IMU,90440,-16,772,738,-5,0,-6
IMU,90450,-16,769,727,-6,0,-5
IMU,90459,-26,769,714,-5,-1,-5
IMU,90469,-15,765,730,-6,-1,-4
IMU,90479,-51,767,712,-6,-1,-4
IMU,90489,-33,756,715,-6,-3,-2
IMU,90499,-55,757,703,-6,-4,-1
IMU,90508,-33,758,719,-6,-6,0
IMU,90518,-8,753,731,-6,-6,1
IMU,90528,-9,750,733,-6,-6,0
IMU,90538,28,747,733,-7,-6,0
IMU,90547,4,757,735,-6,-4,0
IMU,90557,-1,755,728,-7,-4,-1
IMU,90567,-6,759,713,-6,-4,-1
IMU,90577,-4,756,711,-6,-3,-1
IMU,90586,5,757,706,-6,-3,-2
IMU,90596,0,760,721,-6,-3,-2
IMU,90606,-28,762,708,-6,-3,-2
IMU,90616,-20,758,719,-6,-4,-1
IMU,90625,-26,757,730,-6,-4,-1
IMU,90635,-20,748,727,-7,-5,0
IMU,90645,-10,756,728,-7,-5,0
IMU,90655,-25,757,714,-7,-5,0
IMU,90665,-36,760,710,-7,-7,1
IMU,90674,-34,757,698,-7,-8,2
IMU,90684,-29,763,703,-7,-8,3
IMU,90694,-11,758,699,-7,-9,4
IMU,90704,-12,756,703,-7,-9,4
IMU,90713,-21,751,701,-7,-10,5
IMU,90723,-9,753,715,-8,-11,5
IMU,90733,-9,751,708,-8,-11,6
IMU,90743,-11,754,713,-8,-11,6
IMU,90752,-9,751,705,-8,-11,7
IMU,90762,-10,753,710,-8,-11,7
IMU,90772,-6,752,703,-8,-12,7
IMU,90782,5,753,711,-8,-12,7
IMU,90791,1,753,708,-8,-12,7
IMU,90801,2,752,711,-8,-12,7
IMU,90811,2,752,710,-8,-12,7
IMU,90821,0,754,714,-8,-12,7
IMU,90831,1,752,714,-8,-12,7
IMU,90840,-1,751,711,-8,-11,7
IMU,90850,-4,755,709,-8,-11,7
IMU,90860,-5,760,706,-8,-12,7
IMU,90870,-4,764,705,-8,-12,7
IMU,90879,-1,771,704,-8,-12,8
IMU,90889,5,770,703,-8,-12,8
IMU,90899,3,763,700,-8,-12,8
IMU,90909,4,762,699,-8,-12,8
IMU,90918,4,765,702,-8,-13,8
IMU,90928,6,772,704,-9,-12,8
IMU,90938,9,772,699,-8,-12,8
IMU,90948,3,777,701,-8,-12,7
IMU,90958,0,780,696,-8,-12,7
IMU,90967,2,783,696,-8,-11,6
IMU,90977,7,780,692,-8,-11,6
IMU,90987,11,784,692,-8,-10,6
IMU,90997,15,786,691,-8,-10,5
IMU,91006,16,787,689,-8,-9,5
IMU,91016,21,783,683,-8,-9,4
IMU,91026,24,782,683,-8,-9,4
IMU,91036,24,783,678,-7,-8,3
IMU,91045,24,784,682,-7,-8,3
IMU,91055,25,786,679,-7,-8,2
IMU,91065,16,786,680,-7,-8,2
IMU,91075,15,784,673,-7,-7,2
IMU,91084,15,780,672,-7,-7,2
IMU,91094,60,783,697,-7,-7,2
IMU,91104,37,789,662,-7,-5,0
IMU,91114,46,785,673,-6,-6,0
IMU,91124,50,784,689,-7,-5,0
IMU,91133,25,784,682,-7,-5,0
IMU,91143,63,770,675,-7,-5,0
IMU,91153,57,775,697,-6,-4,-1
IMU,91163,43,778,684,-7,-4,-1
IMU,91172,46,780,693,-6,-3,-2
IMU,91182,30,779,690,-7,-3,-2
IMU,91192,105,767,699,-6,-3,-2
IMU,91202,14,772,694,-7,-1,-4
IMU,91211,6,778,682,-5,-2,-4
IMU,91221,34,791,696,-7,-1,-4
IMU,91231,-20,790,660,-6,-2,-3
IMU,91241,101,795,706,-8,-3,-2
IMU,91250,31,802,688,-5,-1,-4
IMU,91260,39,799,735,-6,-1,-5
IMU,91270,105,786,690,-5,0,-6
IMU,91280,47,799,717,-5,1,-8
IMU,91290,48,791,670,-5,2,-8
IMU,91299,78,804,708,-5,4,-10
IMU,91309,50,797,677,-4,5,-12
IMU,91319,59,805,720,-4,6,-13
IMU,91329,65,771,679,-4,7,-14
IMU,91338,-12,794,733,-5,7,-15
IMU,91348,46,774,683,-4,6,-14
IMU,91358,4,798,756,-5,7,-15
IMU,91368,-31,789,679,-4,4,-13
IMU,91377,66,795,771,-4,4,-12
IMU,91387,8,783,722,-4,4,-12
IMU,91397,-23,766,764,-4,2,-10
IMU,91407,-51,790,737,-6,1,-9
IMU,91416,-47,776,715,-4,-2,-5
IMU,91426,11,778,758,-6,-4,-3
IMU,91436,69,757,733,-5,-3,-4
IMU,91446,53,772,773,-5,-2,-4
IMU,91456,12,757,709,-4,-2,-5
IMU,91465,0,775,732,-6,-4,-3
IMU,91475,13,755,722,-5,-5,-2
IMU,91485,51,744,777,-6,-5,-3
IMU,91495,71,730,751,-5,-3,-4
IMU,91504,5,718,755,-6,-2,-5
IMU,91514,-63,714,744,-5,-3,-3
IMU,91524,-64,729,753,-6,-5,-2
IMU,91534,-23,723,747,-5,-6,0
IMU,91543,-5,725,770,-6,-6,-1
IMU,91553,2,720,763,-5,-5,-1
IMU,91563,-29,724,781,-6,-5,-2
IMU,91573,-41,726,754,-5,-5,-2
IMU,91583,-5,739,756,-6,-5,-2
IMU,91592,4,747,759,-5,-4,-3
IMU,91602,17,740,753,-5,-3,-3
IMU,91612,0,734,755,-5,-3,-4
IMU,91622,-15,724,752,-5,-3,-4
IMU,91631,-4,729,754,-5,-3,-4
IMU,91641,-17,728,745,-5,-3,-4
IMU,91651,-33,727,743,-5,-4,-3
IMU,91661,-37,716,731,-5,-4,-2
IMU,91670,-61,717,750,-6,-5,-1
IMU,91680,-47,705,727,-5,-6,0
IMU,91690,-48,715,747,-6,-7,0
IMU,91700,-39,710,733,-6,-8,1
IMU,91709,-33,715,759,-7,-8,2
IMU,91719,-23,709,746,-7,-9,2
IMU,91729,-19,705,762,-7,-9,3
IMU,91739,-10,700,757,-7,-10,3
IMU,91749,-5,713,746,-7,-10,3
IMU,91758,23,711,740,-7,-11,4
IMU,91768,21,711,771,-7,-10,3
IMU,91778,15,699,743,-6,-10,3
IMU,91788,14,699,767,-6,-9,2
IMU,91797,-6,695,729,-7,-10,2
IMU,91807,-1,712,738,-7,-10,3
IMU,91817,-4,709,722,-7,-11,4
IMU,91827,-18,712,743,-7,-11,5
IMU,91836,-3,705,733,-8,-12,5
IMU,91846,-6,711,750,-8,-12,5
IMU,91856,6,709,731,-8,-12,5
IMU,91866,13,715,743,-8,-12,5
IMU,91875,11,711,741,-8,-12,5
IMU,91885,13,718,751,-7,-11,5
IMU,91895,12,714,749,-7,-11,4
IMU,91905,11,720,755,-7,-10,3
IMU,91915,-1,718,736,-7,-9,3
IMU,91924,-21,721,745,-7,-9,3
IMU,91934,-35,717,735,-7,-10,3
IMU,91944,-36,724,745,-7,-10,4
IMU,91954,-31,723,738,-7,-10,4
IMU,91963,-34,724,745,-7,-10,4
IMU,91973,-34,721,737,-7,-11,4
IMU,91983,-38,726,751,-7,-11,4
IMU,91993,-31,730,747,-7,-11,5
IMU,92002,-27,733,755,-7,-11,5
IMU,92012,-21,729,752,-7,-11,5
IMU,92022,-14,730,763,-7,-10,4
IMU,92032,-14,720,754,-7,-10,4
IMU,92041,-3,723,767,-7,-10,4
IMU,92051,1,723,759,-7,-9,3
IMU,92061,0,722,756,-7,-8,2
IMU,92071,7,722,749,-7,-8,1
IMU,92081,-1,721,751,-6,-7,1
IMU,92090,1,720,753,-6,-7,1
IMU,92100,-14,725,742,-7,-7,0
IMU,92110,-16,730,748,-7,-6,0
IMU,92120,-8,728,738,-7,-6,0
IMU,92129,11,732,760,-7,-6,0
IMU,92139,30,729,760,-7,-5,0
IMU,92149,21,734,763,-6,-5,-1
IMU,92159,8,738,759,-6,-4,-1
IMU,92168,-2,745,757,-6,-5,-1
IMU,92178,6,744,760,-6,-5,-1
IMU,92188,17,742,757,-6,-5,-2
IMU,92198,5,740,759,-6,-4,-2
IMU,92208,1,743,752,-6,-4,-2
IMU,92217,-1,745,756,-6,-4,-2
IMU,92227,3,742,749,-6,-4,-2
IMU,92237,16,734,753,-6,-4,-2
IMU,92247,0,736,748,-6,-3,-3
IMU,92256,-4,737,740,-5,-3,-2
IMU,92266,-5,736,739,-6,-4,-2
IMU,92276,5,738,732,-6,-4,-2
IMU,92286,11,739,731,-6,-4,-1
IMU,92295,0,741,727,-6,-4,-1
IMU,92305,5,745,731,-6,-4,-1
IMU,92315,-3,747,729,-6,-4,-1
IMU,92325,6,750,735,-6,-4,-1
IMU,92334,3,751,725,-6,-3,-2
IMU,92344,0,755,729,-6,-3,-2
IMU,92354,-8,754,718,-6,-4,-1
IMU,92364,-4,752,725,-6,-4,-1
IMU,92374,0,750,722,-6,-4,-1
IMU,92383,4,752,735,-6,-4,-1
IMU,92393,5,750,740,-6,-4,-1
IMU,92403,0,753,742,-7,-4,-1
IMU,92413,-8,755,733,-7,-4,-1
IMU,92422,2,753,735,-7,-4,-1
IMU,92433,0,755,731,-7,-4,-1
IMU,92442,8,758,728,-6,-4,-1
IMU,92453,12,763,720,-6,-4,-1
IMU,92462,15,765,712,-6,-3,-1
IMU,92471,19,763,717,-6,-3,-1
IMU,92482,9,758,712,-6,-3,-2
IMU,92491,-3,753,711,-6,-4,-1
IMU,92500,0,752,714,-6,-4,-1
IMU,92510,-17,755,712,-7,-3,-2
IMU,92520,-6,750,707,-7,-2,-2
IMU,92530,-8,751,709,-6,-2,-2
IMU,92540,-17,754,719,-7,-2,-2
IMU,92549,-22,748,712,-7,-3,-1
IMU,92559,-45,750,717,-7,-5,0
IMU,92569,-14,752,725,-7,-7,1
IMU,92579,3,752,729,-7,-7,2
IMU,92588,-178,786,622,-8,-10,4
IMU,92598,10,770,737,-7,-11,7
IMU,92608,-91,764,670,-9,-9,5
IMU,92618,49,764,748,-7,-10,7
IMU,92627,-15,757,689,-10,-8,6
IMU,92637,-103,755,728,-7,-14,11
IMU,92647,7,770,727,-11,-17,13
IMU,92657,29,754,748,-6,-20,16
IMU,92666,224,759,811,-11,-18,13
IMU,92676,171,738,725,-5,-11,8
IMU,92686,86,756,771,-10,-10,7
IMU,92696,45,750,719,-5,-7,4
IMU,92706,15,762,785,-10,-10,6
IMU,92715,138,722,737,-5,-9,5
IMU,92725,95,754,783,-9,-6,1
IMU,92735,92,758,650,-6,-5,1
IMU,92745,44,766,785,-6,-4,0
IMU,92754,28,751,661,-7,-4,0
IMU,92764,76,754,759,-6,-2,-2
IMU,92774,19,742,660,-8,-2,-2
IMU,92784,-17,768,718,-6,-2,-2
IMU,92793,-11,756,724,-7,-2,-3
IMU,92803,-47,760,724,-7,-2,-3
IMU,92813,47,745,744,-6,-2,-3
IMU,92823,-15,758,752,-7,-1,-3
IMU,92833,-33,748,722,-5,-3,-2
IMU,92842,-9,763,741,-7,-4,-1
IMU,92852,-23,754,699,-5,-6,0
IMU,92862,23,764,711,-7,-8,1
IMU,92872,55,767,681,-6,-7,1
IMU,92881,43,780,721,-7,-7,1
IMU,92891,78,763,692,-6,-6,0
IMU,92901,20,774,711,-7,-5,0
IMU,92911,110,736,711,-5,-3,-2
IMU,92920,30,737,738,-8,-3,-3
IMU,92930,-3,734,692,-6,-5,-1
IMU,92940,27,747,741,-7,-5,-1
IMU,92950,-14,744,714,-6,-5,-1
IMU,92959,86,752,741,-7,-4,-3
IMU,92969,37,755,721,-6,-3,-4
IMU,92979,-59,771,708,-6,-4,-3
IMU,92989,0,766,705,-6,-4,-3
IMU,92999,-13,780,707,-6,-3,-3
IMU,93008,27,770,719,-6,-4,-3
IMU,93018,38,766,714,-6,-2,-5
IMU,93028,-38,758,693,-5,-2,-5
IMU,93038,8,761,718,-6,-2,-4
IMU,93047,30,755,727,-5,-2,-4
IMU,93057,0,763,741,-6,-2,-5
IMU,93067,30,756,729,-5,-1,-5
IMU,93077,32,756,737,-6,0,-5
IMU,93086,12,755,732,-6,-1,-5
IMU,93096,40,758,734,-6,0,-6
IMU,93106,26,759,736,-5,0,-6
IMU,93116,40,760,729,-6,0,-6
IMU,93125,58,761,729,-5,0,-7
IMU,93135,26,762,725,-5,0,-7
IMU,93145,27,767,720,-5,0,-7
IMU,93155,21,766,718,-5,0,-7
IMU,93165,5,759,718,-5,0,-6
IMU,93174,14,757,724,-5,0,-6
IMU,93184,-1,752,729,-5,0,-6
IMU,93194,-12,752,728,-6,-1,-6
IMU,93204,-6,748,733,-5,-1,-5
IMU,93213,-11,750,735,-6,-2,-4
IMU,93223,4,758,734,-5,-2,-4
IMU,93233,19,764,722,-5,-2,-4
IMU,93243,5,765,724,-5,-2,-4
IMU,93252,4,764,725,-6,-2,-4
IMU,93262,0,765,724,-5,-3,-3
IMU,93272,2,762,722,-5,-3,-3
IMU,93282,4,756,728,-5,-3,-3
IMU,93291,-8,754,729,-6,-4,-3
IMU,93301,-14,752,732,-5,-4,-2
IMU,93311,-5,754,732,-5,-4,-2
IMU,93321,-2,753,724,-5,-4,-1
IMU,93331,-4,753,724,-6,-5,-1
IMU,93340,-6,753,722,-6,-5,-1
IMU,93350,-11,753,718,-6,-5,0
IMU,93360,-7,753,710,-6,-6,0
IMU,93370,-3,754,712,-6,-6,0
IMU,93379,-5,755,710,-6,-6,0
IMU,93389,-4,758,711,-6,-6,0
IMU,93399,-13,756,714,-6,-6,0
IMU,93409,-14,757,714,-6,-7,0
IMU,93418,-11,758,709,-6,-8,1
IMU,93428,-10,761,719,-7,-8,2
IMU,93438,-3,765,720,-7,-9,2
IMU,93448,-5,765,720,-7,-9,3
IMU,93458,-4,765,709,-7,-9,3
IMU,93467,-2,767,711,-6,-9,3
IMU,93477,2,766,713,-6,-10,4
IMU,93487,5,765,715,-6,-9,3
IMU,93497,5,760,708,-6,-9,3
IMU,93506,0,760,706,-7,-9,3
IMU,93516,-10,758,697,-7,-9,3
IMU,93526,-19,759,695,-7,-9,4
IMU,93536,-21,757,693,-7,-10,4
IMU,93545,-11,757,700,-7,-10,4
IMU,93555,-6,756,702,-7,-10,4
IMU,93565,-10,755,711,-7,-10,5
IMU,93575,-6,753,701,-7,-10,5
IMU,93584,-2,756,702,-7,-10,5
IMU,93594,5,759,694,-7,-10,5
IMU,93604,12,764,691,-7,-11,5
IMU,93614,13,768,687,-7,-10,5
IMU,93624,11,770,689,-7,-10,5
IMU,93633,10,770,688,-7,-10,5
IMU,93643,7,769,683,-7,-10,5
IMU,93653,7,769,679,-7,-10,5
IMU,93663,7,773,676,-7,-10,5
IMU,93672,9,773,666,-7,-10,5
IMU,93682,15,778,661,-7,-11,5
IMU,93692,24,780,657,-7,-10,5
IMU,93702,31,781,661,-7,-10,5
IMU,93711,29,782,649,-8,-10,4
IMU,93721,30,785,650,-8,-9,4
IMU,93731,30,786,646,-8,-9,4
IMU,93741,27,788,648,-7,-9,4
IMU,93750,19,788,648,-8,-9,3
IMU,93760,10,784,641,-7,-9,3
IMU,93770,13,780,644,-7,-9,4
IMU,93780,12,766,667,-7,-9,4
IMU,93790,95,766,710,-7,-8,3
IMU,93799,40,769,655,-8,-6,0
IMU,93809,27,775,642,-7,-7,1
IMU,93819,24,776,660,-7,-8,2
IMU,93829,3,792,662,-8,-7,0
IMU,93838,63,784,667,-7,-7,1
IMU,93848,137,771,719,-7,-5,0
IMU,93858,-17,779,661,-8,-4,0
IMU,93868,2,773,661,-7,-6,0
IMU,93877,-38,778,664,-8,-7,1
IMU,93887,33,777,667,-8,-10,4
IMU,93897,110,778,670,-8,-9,3
IMU,93907,32,789,690,-7,-8,2
IMU,93916,73,793,688,-9,-8,2
IMU,93926,34,799,701,-7,-8,2
IMU,93936,20,798,697,-9,-9,3
IMU,93946,112,796,696,-7,-8,2
IMU,93956,104,800,701,-8,-6,0
IMU,93965,66,802,695,-7,-5,0
IMU,93975,84,802,693,-7,-4,-1
IMU,93985,66,792,687,-6,-4,-2
IMU,93995,56,810,705,-8,-4,-2
IMU,94004,89,800,702,-6,-2,-4
IMU,94014,41,794,718,-7,0,-6
IMU,94024,43,779,706,-5,0,-7
IMU,94034,26,783,741,-7,1,-8
IMU,94043,16,778,737,-5,1,-9
IMU,94053,45,770,754,-6,3,-10
IMU,94063,0,758,739,-5,2,-10
IMU,94073,-30,768,751,-6,2,-9
IMU,94083,-17,759,753,-5,0,-8
IMU,94092,-36,766,751,-7,-1,-6
IMU,94102,-8,764,730,-6,-2,-4
IMU,94112,-19,762,749,-7,-4,-3
IMU,94122,-28,756,756,-6,-5,-1
IMU,94131,-2,746,748,-7,-6,0
IMU,94141,-4,738,760,-6,-7,1
IMU,94151,-5,745,780,-8,-7,1
IMU,94161,15,746,760,-7,-8,2
IMU,94170,18,747,757,-7,-9,2
IMU,94180,19,742,771,-7,-9,2
IMU,94190,45,738,785,-8,-8,2
IMU,94200,54,725,794,-6,-6,1
IMU,94209,29,721,791,-7,-5,0
IMU,94219,16,721,784,-6,-5,0
IMU,94229,-5,726,783,-7,-5,0
IMU,94239,-3,730,775,-6,-6,0
IMU,94249,12,731,765,-7,-6,0
IMU,94258,8,728,769,-6,-6,0
IMU,94268,0,727,766,-7,-6,0
IMU,94278,-13,726,767,-6,-6,0
IMU,94288,-15,724,759,-7,-7,1
IMU,94297,-8,724,764,-6,-8,2
IMU,94307,14,721,758,-7,-8,2
IMU,94317,24,723,755,-7,-7,2
IMU,94327,18,722,742,-7,-7,1
IMU,94336,11,726,742,-6,-7,1
IMU,94346,3,721,732,-7,-7,1
IMU,94356,12,719,746,-7,-8,2
IMU,94366,18,712,742,-8,-8,2
IMU,94375,19,709,759,-7,-8,3
IMU,94385,12,707,732,-8,-8,3
IMU,94395,3,711,744,-7,-9,4
IMU,94405,7,707,738,-8,-10,5
IMU,94415,15,711,755,-7,-10,5
IMU,94424,29,706,744,-8,-10,5
IMU,94434,26,708,756,-7,-9,4
IMU,94444,10,704,746,-8,-9,4
IMU,94454,0,707,758,-7,-9,4
IMU,94463,0,706,744,-8,-9,4
IMU,94473,7,711,754,-8,-10,5
IMU,94483,21,709,748,-8,-10,5
IMU,94493,29,712,757,-8,-10,5
IMU,94502,38,709,752,-8,-9,4
IMU,94512,44,714,759,-7,-8,3
IMU,94522,48,716,757,-7,-7,2
IMU,94532,44,717,760,-7,-6,1
IMU,94541,32,715,750,-7,-6,0
IMU,94551,12,719,754,-7,-6,0
IMU,94561,12,718,752,-7,-6,1
IMU,94571,18,721,753,-7,-6,1
IMU,94581,28,721,757,-7,-6,1
IMU,94590,31,723,758,-7,-6,0
IMU,94600,19,724,755,-7,-5,0
IMU,94610,5,733,752,-7,-5,0
IMU,94620,7,735,758,-7,-6,0
IMU,94629,13,736,760,-7,-6,1
IMU,94639,23,733,767,-7,-6,1
IMU,94649,21,732,768,-7,-6,0
IMU,94659,33,729,775,-6,-5,0
IMU,94668,21,728,776,-6,-4,0
IMU,94678,26,727,770,-6,-4,0
IMU,94688,19,729,771,-6,-3,-1
IMU,94698,0,727,761,-6,-3,-1
IMU,94708,11,723,769,-6,-3,-1
IMU,94717,11,722,765,-5,-3,-1
IMU,94727,4,722,770,-5,-3,-1
IMU,94737,8,727,763,-6,-4,0
IMU,94747,10,734,771,-6,-4,0
IMU,94756,26,736,758,-6,-4,0
IMU,94766,47,739,771,-6,-4,-1
IMU,94776,41,736,757,-5,-3,-2
IMU,94786,31,737,769,-5,-2,-2
IMU,94795,17,735,760,-5,-2,-2
IMU,94805,11,732,769,-5,-2,-2
IMU,94815,13,728,763,-5,-3,-1
IMU,94826,32,729,780,-5,-3,-1
IMU,94835,33,731,768,-5,-3,-1
IMU,94844,45,736,775,-5,-3,-1
IMU,94854,43,741,760,-5,-3,-1
IMU,94864,53,746,770,-5,-3,-1
IMU,94874,46,751,757,-5,-3,-2
IMU,94884,41,749,761,-4,-3,-2
IMU,94893,45,745,757,-5,-3,-2
IMU,94903,33,748,760,-4,-3,-2
IMU,94913,27,752,745,-5,-3,-2
IMU,94922,16,754,740,-4,-3,-1
IMU,94932,10,754,725,-5,-4,-1
IMU,94942,14,750,720,-4,-5,0
IMU,94952,26,749,716,-5,-5,0
IMU,94961,26,744,722,-5,-6,0
IMU,94971,38,743,732,-5,-6,0
IMU,94981,40,729,729,-5,-6,1
IMU,94991,53,728,743,-6,-6,1
IMU,95000,56,722,725,-5,-6,1
IMU,95010,50,732,738,-5,-6,1
IMU,95020,49,735,708,-5,-6,1
IMU,95030,36,751,723,-6,-6,0
IMU,95040,38,751,697,-6,-6,0
IMU,95049,35,758,726,-6,-6,1
IMU,95059,24,755,705,-6,-6,1
IMU,95069,29,752,715,-6,-7,1
IMU,95079,32,750,710,-6,-7,2
IMU,95088,19,758,731,-6,-7,2
IMU,95098,24,750,713,-6,-7,2
IMU,95108,34,753,725,-6,-7,2
IMU,95118,53,750,707,-6,-6,1
IMU,95127,52,753,720,-6,-6,0
IMU,95137,16,749,702,-6,-6,1
IMU,95147,6,751,708,-7,-7,2
IMU,95157,12,746,701,-7,-9,3
IMU,95166,35,743,723,-7,-10,5
IMU,95176,25,738,717,-7,-11,6
IMU,95187,-11,746,723,-7,-12,7
IMU,95196,1,757,694,-8,-13,8
IMU,95206,-100,773,644,-8,-16,10
IMU,95215,48,755,728,-7,-15,11
IMU,95225,-12,790,682,-9,-12,8
IMU,95235,61,759,605,-7,-13,9
IMU,95245,71,759,762,-8,-13,10
IMU,95254,70,745,691,-9,-13,8
IMU,95264,162,716,774,-7,-12,8
IMU,95274,129,725,732,-10,-11,6
IMU,95284,188,743,762,-6,-8,2
IMU,95293,133,751,744,-8,-7,1
IMU,95303,48,775,747,-5,-6,0
IMU,95313,101,755,717,-7,-3,-2
IMU,95323,-29,762,722,-5,-5,-1
IMU,95333,104,752,749,-7,-2,-3
IMU,95342,20,745,741,-4,-1,-3
IMU,95352,19,744,755,-6,0,-4
IMU,95362,48,722,717,-5,0,-4
IMU,95372,38,737,738,-7,-1,-4
IMU,95381,57,739,726,-5,-1,-4
IMU,95391,46,744,712,-6,-1,-3
IMU,95401,21,746,685,-5,-3,-2
IMU,95411,25,735,666,-7,-5,0
IMU,95420,27,738,687,-7,-8,1
IMU,95430,59,741,722,-8,-9,2
IMU,95440,60,738,702,-7,-9,3
IMU,95450,19,744,692,-8,-9,4
IMU,95459,53,746,700,-8,-9,4
IMU,95469,34,750,717,-8,-9,4
IMU,95479,41,755,732,-8,-10,4
IMU,95489,54,748,711,-8,-9,4
IMU,95499,50,752,711,-8,-9,3
IMU,95508,70,750,723,-8,-8,2
IMU,95518,74,751,730,-7,-8,2
IMU,95528,77,753,727,-7,-7,1
IMU,95538,74,759,714,-7,-6,0
IMU,95547,56,759,719,-8,-5,0
IMU,95557,45,760,729,-7,-4,-2
IMU,95567,36,758,726,-7,-4,-2
IMU,95577,20,758,719,-7,-3,-3
IMU,95586,26,759,716,-7,-3,-3
IMU,95596,35,766,725,-6,-2,-4
IMU,95606,41,765,730,-6,-2,-4
IMU,95616,59,762,721,-6,0,-6
IMU,95625,59,758,714,-6,0,-7
IMU,95635,52,755,713,-6,1,-8
IMU,95645,44,754,718,-6,1,-9
IMU,95655,38,752,716,-6,2,-9
IMU,95665,39,748,713,-6,2,-9
IMU,95675,40,749,708,-6,2,-9
IMU,95685,34,746,716,-6,1,-9
IMU,95694,34,748,724,-6,1,-9
IMU,95705,31,749,731,-6,1,-9
IMU,95713,31,750,724,-6,1,-9
IMU,95723,37,752,729,-6,1,-9
IMU,95733,37,760,731,-6,1,-9
IMU,95743,32,765,730,-6,1,-9
IMU,95752,33,771,726,-6,1,-9
IMU,95762,26,766,724,-6,1,-8
IMU,95772,33,772,733,-6,1,-8
IMU,95782,37,772,742,-6,1,-8
IMU,95791,32,768,742,-6,1,-9
IMU,95801,25,766,740,-6,1,-9
IMU,95811,19,763,731,-6,1,-9
IMU,95821,8,763,744,-6,1,-9
IMU,95831,6,764,733,-6,0,-8
IMU,95840,13,763,727,-6,0,-8
IMU,95850,13,760,724,-6,0,-7
IMU,95860,18,759,728,-6,0,-7
IMU,95870,22,758,733,-6,0,-7
IMU,95879,31,752,726,-6,0,-7
IMU,95889,42,751,731,-6,0,-8
IMU,95899,40,756,728,-6,1,-9
IMU,95909,33,760,730,-6,2,-9
IMU,95918,22,759,732,-6,2,-9
IMU,95928,17,757,727,-6,2,-9
IMU,95938,9,756,729,-6,2,-9
IMU,95948,8,761,733,-6,1,-9
IMU,95958,8,766,737,-6,1,-8
IMU,95967,8,766,726,-6,1,-8
IMU,95977,10,771,723,-6,0,-8
IMU,95987,7,773,724,-6,0,-7
IMU,95997,9,776,721,-6,0,-7
IMU,96006,4,774,714,-6,0,-6
IMU,96016,2,773,716,-6,-1,-5
IMU,96026,2,769,719,-6,-1,-4
IMU,96036,3,765,718,-6,-2,-4
IMU,96045,5,760,719,-6,-3,-3
IMU,96055,0,753,714,-6,-4,-2
IMU,96065,-3,756,708,-6,-4,-1
IMU,96075,-5,754,703,-6,-5,-1
IMU,96084,0,758,706,-7,-6,0
IMU,96094,12,758,701,-7,-6,0
IMU,96104,15,758,701,-7,-6,0
IMU,96114,16,762,698,-7,-5,0
IMU,96124,13,759,702,-7,-5,0
IMU,96133,5,759,707,-7,-5,0
IMU,96143,4,757,704,-7,-5,0
IMU,96153,18,758,712,-7,-5,-1
IMU,96163,17,760,705,-7,-5,-1
IMU,96172,12,767,702,-6,-5,-1
IMU,96182,4,772,693,-6,-5,-1
IMU,96192,-2,773,698,-6,-5,-1
IMU,96202,0,774,691,-7,-5,-1
IMU,96211,7,778,699,-6,-5,-1
IMU,96221,9,783,689,-7,-5,-1
IMU,96231,11,787,691,-6,-4,-1
IMU,96241,3,791,688,-7,-4,-2
IMU,96250,0,794,684,-6,-5,-1
IMU,96260,1,797,683,-6,-5,-1
IMU,96270,0,798,680,-6,-5,-1
IMU,96280,-2,803,679,-6,-6,0
IMU,96290,0,809,680,-6,-6,0
IMU,96299,-4,808,676,-6,-6,0
IMU,96309,-6,806,678,-6,-6,0
IMU,96319,-6,803,676,-6,-6,0
IMU,96329,-9,800,671,-6,-6,0
IMU,96338,-15,793,675,-6,-7,0
IMU,96348,-15,791,675,-6,-7,0
IMU,96358,-13,786,677,-6,-7,1
IMU,96368,-8,787,675,-6,-7,1
IMU,96377,-3,786,669,-6,-7,1
IMU,96387,-6,785,673,-6,-7,1
IMU,96397,-5,781,667,-6,-7,0
IMU,96407,0,770,663,-6,-7,0
IMU,96416,-6,770,692,-6,-6,0
IMU,96426,8,768,645,-6,-7,1
IMU,96436,59,764,707,-5,-6,0
IMU,96446,46,770,705,-7,-4,-1
IMU,96456,5,775,635,-5,-4,-2
IMU,96465,40,775,689,-6,-3,-2
IMU,96475,0,789,690,-5,-4,-1
IMU,96485,38,786,679,-6,-4,-2
IMU,96495,157,768,720,-5,-2,-4
IMU,96504,-36,802,686,-6,0,-5
IMU,96514,49,785,657,-5,-2,-4
IMU,96524,-61,806,663,-6,-3,-3
IMU,96534,-44,816,665,-5,-5,-2
IMU,96543,129,814,685,-5,-4,-2
IMU,96553,-48,818,655,-5,-2,-3
IMU,96563,-41,814,640,-6,-5,-2
IMU,96573,15,825,679,-4,-4,-2
IMU,96583,-16,810,670,-5,-4,-2
IMU,96592,95,798,670,-5,-2,-4
IMU,96602,42,797,678,-5,1,-8
IMU,96612,-22,803,678,-4,1,-7
IMU,96622,23,806,687,-4,0,-7
IMU,96631,38,781,653,-4,0,-7
IMU,96641,31,782,678,-6,0,-7
IMU,96651,93,792,730,-4,0,-9
IMU,96661,4,772,765,-3,3,-11
IMU,96670,-116,768,685,-4,1,-10
IMU,96680,-87,752,713,-5,0,-7
IMU,96690,-156,767,722,-6,-4,-3
IMU,96700,-5,759,792,-6,-5,-2
IMU,96710,-67,746,755,-4,-4,-2
IMU,96719,-76,734,766,-5,-6,0
IMU,96730,-73,715,727,-5,-6,0
IMU,96740,-121,740,771,-6,-9,3
IMU,96749,-11,734,777,-6,-10,4
IMU,96759,-4,735,749,-6,-9,4
IMU,96768,-3,722,746,-6,-9,3
IMU,96778,30,732,771,-6,-8,2
IMU,96788,8,728,775,-6,-7,2
IMU,96797,33,730,768,-6,-6,0
IMU,96807,7,719,748,-5,-4,0
IMU,96817,-20,717,760,-5,-4,-1
IMU,96827,-41,718,756,-6,-4,-1
IMU,96836,-69,723,752,-5,-5,0
IMU,96846,-45,722,737,-6,-5,0
IMU,96856,-46,737,741,-6,-5,0
IMU,96866,-57,738,746,-6,-5,0
IMU,96875,-62,748,764,-6,-5,0
IMU,96885,-62,742,739,-6,-5,0
IMU,96895,-57,747,751,-6,-5,0
IMU,96905,-41,741,741,-6,-5,0
IMU,96915,-39,744,765,-6,-5,1
IMU,96924,-33,734,746,-6,-6,1
IMU,96934,-21,727,745,-6,-6,1
IMU,96944,-27,720,731,-6,-6,1
IMU,96954,-23,718,747,-6,-6,1
IMU,96963,-31,713,735,-6,-6,2
IMU,96973,-28,713,744,-6,-7,2
IMU,96983,-29,708,727,-7,-6,2
IMU,96993,-28,707,743,-7,-7,2
IMU,97002,-19,701,736,-7,-7,2
IMU,97012,-13,699,744,-7,-7,3
IMU,97022,2,698,732,-7,-7,3
IMU,97032,16,696,741,-7,-7,3
IMU,97041,15,697,737,-7,-7,2
IMU,97051,16,694,741,-7,-7,2
IMU,97061,2,693,739,-7,-7,2
IMU,97071,-6,696,743,-7,-7,3
IMU,97081,-16,701,750,-8,-8,3
IMU,97090,-21,703,749,-8,-9,4
IMU,97100,-15,710,755,-8,-9,4
IMU,97110,-10,710,753,-8,-9,5
IMU,97120,-1,718,759,-8,-9,4
IMU,97129,-1,711,761,-7,-8,4
IMU,97139,-4,710,768,-8,-8,4
IMU,97149,-2,706,763,-7,-8,4
IMU,97159,0,710,765,-8,-8,4
IMU,97168,3,709,760,-7,-8,4
IMU,97178,1,711,769,-7,-8,4
IMU,97188,-2,708,763,-7,-8,3
IMU,97198,-9,711,769,-7,-7,3
IMU,97208,-16,708,760,-7,-7,2
IMU,97217,-34,710,759,-7,-7,3
IMU,97227,-41,705,754,-7,-8,3
IMU,97237,-36,703,759,-7,-8,4
IMU,97247,-31,702,757,-7,-9,5
IMU,97257,-21,706,754,-7,-9,5
IMU,97266,-16,709,751,-7,-9,5
IMU,97276,-8,710,747,-7,-9,5
IMU,97287,-6,715,747,-7,-8,5
IMU,97295,-2,716,747,-8,-8,5
IMU,97306,-6,715,750,-7,-8,4
IMU,97315,-8,715,752,-8,-8,4
IMU,97325,-13,712,753,-7,-7,4
IMU,97334,-10,716,753,-8,-7,4
IMU,97344,-14,731,755,-7,-7,3
IMU,97354,-3,735,750,-7,-7,3
IMU,97364,11,739,758,-7,-6,2
IMU,97374,15,740,748,-7,-5,2
IMU,97383,13,744,750,-7,-4,1
IMU,97393,5,748,739,-7,-4,0
IMU,97403,10,752,752,-6,-4,0
IMU,97413,4,744,743,-6,-3,0
IMU,97422,18,741,752,-6,-3,0
IMU,97432,30,737,747,-6,-2,-1
IMU,97442,10,741,741,-6,-2,-1
IMU,97452,16,747,738,-6,-2,-1
IMU,97461,2,752,736,-6,-2,-2
IMU,97471,-3,748,723,-6,-3,-1
IMU,97481,21,758,726,-6,-3,-1
IMU,97491,11,755,728,-6,-3,-1
IMU,97500,6,753,721,-6,-3,0
IMU,97510,15,752,720,-6,-3,0
IMU,97520,2,751,726,-6,-4,0
IMU,97530,18,744,726,-6,-4,0
IMU,97540,22,752,726,-6,-4,0
IMU,97549,17,751,728,-6,-3,0
IMU,97559,15,749,732,-7,-3,0
IMU,97569,15,750,721,-7,-3,0
IMU,97579,-6,759,718,-7,-3,-1
IMU,97588,3,756,703,-7,-3,-1
IMU,97598,2,763,707,-7,-3,-1
IMU,97608,-2,764,716,-7,-2,-1
IMU,97618,8,763,718,-6,-2,-1
IMU,97627,12,758,726,-6,-2,-1
IMU,97637,0,757,733,-6,-2,-2
IMU,97647,-5,750,727,-7,-2,-1
IMU,97657,-11,753,730,-7,-3,-1
IMU,97666,-12,755,718,-7,-3,0
IMU,97676,7,759,724,-7,-4,0
IMU,97686,17,759,719,-7,-4,0
IMU,97696,3,767,710,-7,-5,1
IMU,97706,9,770,711,-7,-6,2
IMU,97715,11,772,713,-7,-7,3
IMU,97725,31,765,725,-7,-8,4
IMU,97735,-95,788,647,-9,-11,6
IMU,97745,86,774,730,-7,-11,7
IMU,97754,-47,763,690,-9,-8,5
IMU,97764,15,757,686,-7,-9,5
IMU,97774,22,735,693,-8,-9,5
IMU,97784,-109,763,739,-8,-12,9
IMU,97793,-76,800,693,-11,-15,12
IMU,97804,131,776,714,-7,-16,14
IMU,97813,25,793,767,-10,-13,10
IMU,97824,159,762,713,-7,-12,9
IMU,97833,98,764,763,-9,-7,4
IMU,97842,5,755,713,-7,-7,4
IMU,97852,56,761,766,-8,-6,3
IMU,97862,110,755,748,-6,-3,0
IMU,97872,117,756,791,-6,0,-4
IMU,97881,95,737,761,-5,0,-6
IMU,97891,11,746,743,-6,2,-6
IMU,97901,-129,742,701,-5,-1,-3
IMU,97911,-59,755,717,-7,-5,0
IMU,97920,-11,753,696,-6,-6,1
IMU,97930,-8,748,698,-7,-7,3
IMU,97940,43,751,682,-7,-6,2
IMU,97950,-14,759,699,-7,-5,1
IMU,97959,-45,763,689,-7,-5,2
IMU,97969,51,758,690,-7,-6,2
IMU,97979,46,740,740,-7,-4,0
IMU,97989,39,747,727,-7,-4,0
IMU,97999,44,751,755,-7,-3,0
IMU,98008,-11,756,736,-7,-3,0
IMU,98018,25,763,746,-7,-4,0
IMU,98028,103,753,747,-6,-2,-1
IMU,98038,-1,762,751,-6,-1,-3
IMU,98047,8,756,710,-6,-3,-1
IMU,98057,-30,771,724,-5,-3,-1
IMU,98067,-15,757,706,-6,-5,0
IMU,98077,56,760,726,-6,-5,0
IMU,98086,9,749,705,-6,-4,0
IMU,98096,-4,755,707,-6,-5,0
IMU,98106,1,749,703,-7,-6,1
IMU,98116,-4,754,719,-7,-7,1
IMU,98125,55,750,722,-7,-7,1
IMU,98135,28,755,728,-6,-6,1
IMU,98145,11,748,725,-7,-6,1
IMU,98155,26,754,743,-6,-6,0
IMU,98165,24,748,729,-6,-6,0
IMU,98174,37,756,747,-6,-6,0
IMU,98184,45,756,734,-6,-5,0
IMU,98194,28,763,751,-6,-4,-1
IMU,98204,36,759,739,-6,-4,-1
IMU,98213,22,763,748,-6,-3,-2
IMU,98223,28,758,735,-6,-2,-2
IMU,98233,14,762,739,-5,-2,-3
IMU,98243,-7,762,729,-5,-2,-3
IMU,98252,-7,762,735,-5,-2,-2
IMU,98262,-19,755,719,-5,-3,-2
IMU,98272,-19,757,725,-5,-4,-1
IMU,98282,-8,755,718,-5,-4,0
IMU,98291,-5,761,732,-6,-5,0
IMU,98301,0,757,726,-6,-5,0
IMU,98311,4,757,732,-6,-6,1
IMU,98321,22,757,727,-6,-6,1
IMU,98331,28,758,733,-6,-6,1
IMU,98340,31,758,733,-6,-6,1
IMU,98350,36,758,736,-6,-5,0
IMU,98360,37,755,731,-6,-5,0
IMU,98370,38,757,736,-6,-5,0
IMU,98379,35,754,729,-6,-5,0
IMU,98389,27,752,737,-6,-5,0
IMU,98399,16,751,729,-6,-5,0
IMU,98410,13,757,731,-6,-5,0
IMU,98418,14,757,730,-6,-5,0
IMU,98428,17,763,728,-6,-5,1
IMU,98439,13,763,725,-6,-6,1
IMU,98448,19,760,728,-6,-5,1
IMU,98458,23,758,730,-5,-6,1
IMU,98467,26,755,732,-5,-6,1
IMU,98477,28,755,720,-6,-6,1
IMU,98487,26,754,723,-6,-6,1
IMU,98497,18,754,719,-6,-6,2
IMU,98506,22,754,724,-6,-7,2
IMU,98516,25,757,721,-6,-7,2
IMU,98526,27,758,712,-6,-7,2
IMU,98536,26,765,715,-6,-7,2
IMU,98545,27,760,714,-6,-7,2
IMU,98555,19,763,716,-6,-7,2
IMU,98565,17,759,709,-6,-7,3
IMU,98575,12,759,711,-6,-8,3
IMU,98584,17,755,703,-6,-9,4
IMU,98594,20,757,703,-6,-9,5
IMU,98604,22,754,696,-6,-10,5
IMU,98614,9,758,692,-7,-11,6
IMU,98624,5,758,684,-7,-12,7
IMU,98633,1,755,693,-7,-12,8
IMU,98643,8,753,690,-7,-13,9
IMU,98653,13,759,684,-7,-14,9
IMU,98663,18,761,691,-7,-14,10
IMU,98672,20,755,684,-8,-14,10
IMU,98682,27,763,697,-7,-14,10
IMU,98692,32,762,674,-8,-14,10
IMU,98702,51,763,690,-7,-13,10
IMU,98711,42,761,675,-8,-13,9
IMU,98721,48,763,680,-7,-12,8
IMU,98731,45,758,673,-8,-12,8
IMU,98741,42,759,680,-8,-11,7
IMU,98750,34,760,669,-8,-11,7
IMU,98760,37,761,675,-8,-11,7
IMU,98770,41,767,673,-8,-11,7
IMU,98780,35,767,671,-8,-11,7
IMU,98790,43,765,672,-8,-11,6
IMU,98799,46,763,675,-7,-10,6
IMU,98809,62,761,662,-8,-9,5
IMU,98819,89,764,692,-7,-9,4
IMU,98829,63,768,639,-8,-7,2
IMU,98838,69,764,656,-6,-7,2
IMU,98848,58,767,649,-8,-6,1
IMU,98858,50,769,644,-7,-6,1
IMU,98868,82,763,642,-8,-6,0
IMU,98877,65,763,640,-7,-5,0
IMU,98887,54,765,651,-8,-5,0
IMU,98897,51,768,644,-7,-4,0
IMU,98907,35,775,643,-8,-4,0
IMU,98916,57,776,631,-7,-4,0
IMU,98926,53,783,648,-8,-4,0
IMU,98936,72,772,649,-7,-5,0
IMU,98946,27,775,664,-8,-4,-1
IMU,98956,10,767,629,-8,-5,0
IMU,98965,23,790,712,-9,-6,1
IMU,98975,6,772,620,-8,-8,2
IMU,98985,77,794,730,-9,-9,3
IMU,98995,119,767,625,-8,-7,2
IMU,99004,76,796,760,-7,-5,0
IMU,99014,90,771,640,-8,-4,0
IMU,99024,80,811,742,-6,-3,-2
IMU,99034,47,772,624,-8,-3,-2
IMU,99043,124,809,728,-6,-1,-3
IMU,99053,87,784,643,-8,0,-6
IMU,99063,84,810,708,-6,0,-6
IMU,99073,85,790,645,-7,1,-8
IMU,99083,58,805,683,-6,1,-7
IMU,99092,65,799,666,-7,2,-8
IMU,99102,80,799,718,-6,2,-9
IMU,99112,105,774,713,-6,3,-10
IMU,99122,108,772,773,-5,6,-13
IMU,99131,79,757,753,-6,9,-16
IMU,99141,16,767,772,-5,8,-16
IMU,99151,9,759,748,-6,7,-15
IMU,99161,-34,754,775,-5,6,-14
IMU,99170,-41,745,775,-6,3,-12
IMU,99180,-11,749,755,-6,1,-9
IMU,99190,2,763,767,-7,0,-7
IMU,99200,-15,766,777,-6,-2,-5
IMU,99209,40,779,787,-7,-2,-5
IMU,99219,43,753,785,-6,-1,-5
IMU,99229,3,745,780,-7,-1,-5
IMU,99239,-4,749,765,-6,-3,-4
IMU,99249,20,745,765,-7,-4,-2
IMU,99258,32,747,781,-6,-4,-2
IMU,99268,74,732,798,-7,-4,-2
IMU,99278,84,728,798,-7,-2,-4
IMU,99288,45,727,799,-7,-1,-5
IMU,99297,-12,739,778,-7,-1,-5
IMU,99307,-28,744,749,-7,-2,-3
IMU,99317,-10,748,754,-7,-4,-2
IMU,99327,6,739,748,-7,-4,-1
IMU,99336,28,741,761,-7,-4,-2
IMU,99346,0,743,746,-7,-3,-2
IMU,99356,-47,747,752,-7,-4,-2
IMU,99366,-54,745,739,-8,-5,0
IMU,99375,-15,747,755,-7,-6,0
IMU,99385,25,738,766,-8,-6,0
IMU,99395,42,734,780,-7,-5,0
IMU,99405,6,728,759,-7,-4,0
IMU,99415,-28,730,765,-7,-5,0
IMU,99424,-20,729,760,-7,-6,0
IMU,99434,5,732,763,-7,-7,1
IMU,99444,34,732,762,-7,-7,1
IMU,99454,36,727,763,-7,-6,0
IMU,99463,6,723,758,-7,-5,0
IMU,99473,-2,721,751,-7,-5,0
IMU,99483,5,722,756,-7,-5,0
IMU,99493,7,722,754,-7,-5,0
IMU,99502,27,718,758,-7,-5,0
IMU,99512,21,711,753,-7,-4,0
IMU,99522,13,712,759,-7,-4,0
SPM,89729,0.00
SPM,92768,37.77
SPM,95806,37.69
SPM,98828,37.33
SPM,101866,34.95
SPM,104886,33.29
SPM,107905,32.13
GPS,109805,59.361587,18.048246,4.74,68.48,11
GPS,110255,59.361594,18.048222,4.74,70.01,11
GPS,110811,59.361594,18.048222,4.93,70.01,11
GPS,111250,59.361603,18.048194,4.93,71.80,11
GPS,111817,59.361603,18.048194,6.19,71.80,11
GPS,112247,59.361611,18.048170,6.19,73.41,11
GPS,112803,59.361611,18.048170,4.30,73.41,11
GPS,113243,59.361621,18.048147,4.30,74.95,11
GPS,113809,59.361621,18.048147,5.72,74.95,11
GPS,114239,59.361630,18.048123,5.72,76.54,11
GPS,114795,59.361630,18.048123,5.30,76.54,11
GPS,115245,59.361639,18.048101,5.30,78.07,11
GPS,115801,59.361639,18.048101,5.54,78.07,11
GPS,116241,59.361649,18.048076,5.54,79.74,11
GPS,116797,59.361649,18.048076,6.20,79.74,11
GPS,117237,59.361659,18.048054,6.20,81.31,11
GPS,117803,59.361659,18.048054,5.26,81.31,11
GPS,118243,59.361669,18.048030,5.26,82.92,11
GPS,118799,59.361669,18.048030,6.39,82.92,11
GPS,119239,59.361679,18.048007,6.39,84.55,11
GPS,119795,59.361679,18.048007,5.39,84.55,11
GPS,120245,59.361690,18.047983,5.39,86.23,11
GPS,120801,59.361690,18.047983,6.41,86.23,11
GPS,121241,59.361701,18.047959,6.41,87.96,11
GPS,121797,59.361701,18.047959,6.37,87.96,11
IMU,109288,25,738,749,-6,-4,-3
IMU,109297,28,727,752,-6,-4,-3
IMU,109307,14,729,730,-6,-4,-3
IMU,109317,23,728,744,-6,-5,-3
IMU,109327,33,727,741,-7,-5,-3
IMU,109336,45,724,735,-6,-5,-3
IMU,109346,39,722,745,-7,-5,-3
IMU,109356,21,718,743,-6,-4,-3
IMU,109366,5,716,744,-7,-5,-3
IMU,109375,-5,719,746,-7,-5,-1
IMU,109385,3,719,751,-7,-6,-1
IMU,109395,10,718,750,-7,-6,0
IMU,109405,14,711,763,-7,-7,0
IMU,109415,8,707,753,-7,-7,0
IMU,109424,-1,703,756,-7,-7,0
IMU,109434,0,698,753,-7,-8,1
IMU,109444,5,698,751,-7,-9,1
IMU,109454,18,693,752,-7,-9,1
IMU,109463,15,694,747,-8,-8,1
IMU,109473,12,693,742,-7,-8,1
IMU,109483,0,695,730,-8,-8,1
IMU,109493,-7,699,724,-8,-8,1
IMU,109502,-2,704,728,-8,-8,1
IMU,109512,-6,703,732,-8,-8,1
IMU,109522,-4,702,735,-8,-8,1
IMU,109532,-10,706,739,-8,-8,1
IMU,109541,-14,708,752,-8,-8,1
IMU,109551,-8,707,756,-8,-8,1
IMU,109561,0,709,762,-8,-7,1
IMU,109571,2,712,764,-8,-7,0
IMU,109581,1,718,762,-8,-6,0
IMU,109590,0,725,762,-8,-5,0
IMU,109600,-3,727,767,-8,-5,0
IMU,109610,-6,729,763,-7,-4,0
IMU,109620,-6,732,765,-7,-4,0
IMU,109629,-14,733,765,-7,-4,0
IMU,109639,-11,729,763,-7,-5,0
IMU,109649,-5,728,769,-7,-5,0
IMU,109659,-5,725,766,-7,-5,0
IMU,109668,-7,727,762,-7,-5,0
IMU,109678,-11,729,758,-7,-5,0
IMU,109688,-14,733,749,-7,-6,0
IMU,109698,-10,738,757,-7,-6,1
IMU,109708,-3,742,752,-7,-6,1
IMU,109717,11,740,754,-7,-7,2
IMU,109727,14,737,750,-7,-7,2
IMU,109737,13,737,755,-7,-7,2
IMU,109747,16,736,758,-7,-7,2
IMU,109757,15,741,758,-7,-7,2
IMU,109767,19,741,752,-7,-7,2
IMU,109776,27,743,761,-7,-6,2
IMU,109787,16,745,762,-7,-6,1
IMU,109795,8,745,764,-7,-6,1
IMU,109805,-7,752,756,-7,-6,1
IMU,109816,-10,758,755,-7,-6,1
IMU,109825,3,761,753,-7,-5,1
IMU,109834,17,763,754,-6,-5,0
IMU,109844,16,761,752,-6,-4,0
IMU,109854,17,764,758,-5,-4,0
IMU,109864,6,766,752,-5,-3,0
IMU,109874,17,763,752,-5,-3,-1
IMU,109883,35,757,751,-5,-3,-1
IMU,109893,34,757,751,-5,-2,-2
IMU,109903,30,755,748,-5,-2,-2
IMU,109913,22,754,738,-5,-2,-2
IMU,109922,10,756,726,-5,-2,-2
IMU,109932,12,761,722,-5,-3,-1
IMU,109942,9,761,721,-5,-3,-1
IMU,109952,3,756,720,-5,-3,-1
IMU,109961,5,757,716,-6,-3,-1
IMU,109971,3,750,717,-5,-4,0
IMU,109981,7,759,730,-6,-4,0
IMU,109991,24,760,718,-6,-5,0
IMU,110000,29,766,728,-6,-6,1
IMU,110010,26,757,715,-6,-6,2
IMU,110020,32,758,736,-6,-7,2
IMU,110030,14,750,715,-6,-8,3
IMU,110040,22,755,735,-6,-8,4
IMU,110049,22,755,716,-6,-9,4
IMU,110059,23,774,731,-7,-9,5
IMU,110069,-94,771,627,-7,-10,6
IMU,110079,57,773,734,-6,-11,7
IMU,110088,-17,764,666,-7,-8,5
IMU,110098,15,758,698,-6,-8,4
IMU,110108,55,731,693,-6,-7,5
IMU,110118,-26,759,720,-7,-8,5
IMU,110127,193,709,749,-6,-11,7
IMU,110137,67,746,782,-7,-7,3
IMU,110147,138,714,719,-6,-8,3
IMU,110157,100,740,771,-7,-5,1
IMU,110166,-50,740,726,-5,-5,1
IMU,110176,123,751,753,-8,-6,1
IMU,110186,23,785,651,-6,-4,0
IMU,110196,109,762,733,-6,-4,0
IMU,110207,81,776,723,-6,-2,-1
IMU,110215,27,768,725,-5,-2,-2
IMU,110226,117,746,728,-5,-2,-2
IMU,110235,93,750,727,-6,0,-4
IMU,110245,72,746,744,-5,0,-6
IMU,110255,50,740,741,-5,2,-8
IMU,110264,-30,743,728,-4,2,-8
IMU,110275,3,728,699,-5,1,-7
IMU,110285,-5,747,722,-5,0,-5
IMU,110293,6,764,714,-5,0,-5
IMU,110303,22,761,713,-5,0,-4
IMU,110313,-18,751,687,-5,-1,-3
IMU,110323,21,759,717,-6,-3,-2
IMU,110333,44,758,717,-6,-4,-1
IMU,110342,46,757,719,-6,-4,-1
IMU,110352,72,750,701,-6,-4,-1
IMU,110362,46,757,715,-6,-4,-1
IMU,110372,45,764,721,-6,-5,0
IMU,110381,55,761,718,-6,-5,0
IMU,110391,31,762,703,-7,-5,0
IMU,110401,29,770,722,-6,-6,0
IMU,110411,27,771,722,-6,-6,0
IMU,110420,18,767,732,-6,-7,1
IMU,110430,25,756,711,-6,-7,1
IMU,110440,15,766,724,-6,-7,1
IMU,110450,59,760,731,-6,-6,1
IMU,110459,35,760,730,-6,-6,0
IMU,110469,11,752,705,-6,-6,1
IMU,110479,16,755,711,-6,-7,1
IMU,110489,19,751,717,-6,-7,1
IMU,110499,31,751,718,-6,-6,0
IMU,110508,24,742,721,-6,-5,0
IMU,110518,10,743,718,-6,-5,0
IMU,110528,25,746,723,-6,-5,0
IMU,110538,32,748,723,-6,-4,0
IMU,110547,41,747,721,-6,-4,-1
IMU,110557,28,751,718,-6,-4,-1
IMU,110567,23,754,721,-6,-4,-1
IMU,110577,29,753,714,-6,-4,0
IMU,110586,28,752,709,-6,-5,0
IMU,110596,20,756,710,-6,-5,0
IMU,110606,22,758,713,-6,-6,0
IMU,110616,24,757,718,-6,-6,1
IMU,110625,24,755,713,-6,-7,2
IMU,110635,26,751,712,-6,-7,2
IMU,110645,19,750,714,-7,-7,2
IMU,110655,28,750,722,-7,-8,3
IMU,110665,31,748,712,-7,-8,3
IMU,110674,33,750,718,-7,-9,4
IMU,110684,35,749,703,-7,-9,4
IMU,110694,36,751,718,-7,-9,4
IMU,110704,39,749,704,-7,-8,3
IMU,110713,42,751,716,-7,-8,3
IMU,110723,45,748,707,-7,-7,2
IMU,110733,40,751,717,-7,-7,1
IMU,110744,39,747,706,-7,-6,1
IMU,110752,35,747,712,-7,-6,0
IMU,110762,28,748,704,-7,-5,0
IMU,110773,26,751,716,-7,-5,0
IMU,110782,24,752,711,-7,-5,0
IMU,110792,24,756,716,-7,-5,0
IMU,110802,26,757,707,-7,-5,0
IMU,110811,31,761,715,-7,-6,0
IMU,110821,31,756,716,-7,-6,1
IMU,110831,33,757,721,-7,-6,1
IMU,110840,36,748,714,-7,-6,1
IMU,110850,33,751,720,-7,-6,1
IMU,110860,38,753,718,-7,-6,1
IMU,110870,40,755,717,-7,-6,1
IMU,110879,43,756,713,-7,-7,1
IMU,110889,42,758,713,-7,-7,1
IMU,110899,40,757,711,-7,-7,1
IMU,110909,39,756,712,-7,-7,2
IMU,110918,39,751,711,-7,-7,2
IMU,110928,38,753,713,-7,-7,2
IMU,110938,41,748,720,-7,-7,1
IMU,110948,33,749,717,-8,-7,2
IMU,110958,42,743,712,-7,-7,2
IMU,110967,40,743,721,-8,-7,2
IMU,110977,38,749,710,-8,-7,1
IMU,110987,41,759,725,-8,-7,1
IMU,110997,37,760,716,-8,-6,1
IMU,111006,36,764,722,-8,-6,0
IMU,111016,38,761,714,-8,-6,0
IMU,111026,34,762,722,-8,-5,0
IMU,111036,26,758,718,-7,-5,0
IMU,111045,26,761,724,-7,-5,0
IMU,111055,33,760,720,-7,-5,0
IMU,111065,36,763,723,-7,-5,0
IMU,111075,45,762,718,-7,-5,0
IMU,111084,46,765,718,-7,-4,-1
IMU,111094,47,767,707,-7,-4,-1
IMU,111104,44,771,706,-7,-3,-1
IMU,111114,41,774,705,-7,-3,-2
IMU,111124,43,773,707,-7,-3,-2
IMU,111133,41,773,707,-7,-3,-3
IMU,111143,44,772,705,-7,-2,-3
IMU,111153,49,776,707,-7,-2,-3
IMU,111163,51,774,699,-7,-2,-4
IMU,111172,53,776,701,-7,-2,-4
IMU,111182,46,777,691,-7,-1,-4
IMU,111192,39,780,684,-7,-1,-4
IMU,111202,35,786,675,-7,-1,-4
IMU,111211,39,790,667,-7,-2,-4
IMU,111221,38,791,660,-7,-2,-4
IMU,111231,44,793,663,-7,-2,-3
IMU,111241,44,791,662,-7,-2,-3
IMU,111250,48,789,662,-7,-3,-3
IMU,111260,102,772,687,-7,-2,-3
IMU,111270,59,792,658,-7,0,-5
IMU,111280,44,785,635,-6,-1,-5
IMU,111290,43,795,668,-7,-2,-4
IMU,111299,28,798,635,-6,-1,-5
IMU,111309,65,803,637,-7,-2,-4
IMU,111319,83,803,628,-6,-1,-5
IMU,111329,44,811,657,-6,-1,-5
IMU,111338,41,799,582,-7,-1,-5
IMU,111348,169,786,743,-5,0,-6
IMU,111358,-40,803,649,-9,0,-6
IMU,111368,99,804,701,-5,0,-7
IMU,111377,35,815,655,-9,0,-7
IMU,111387,11,806,710,-4,-1,-6
IMU,111397,88,821,680,-10,-2,-4
IMU,111407,96,830,696,-3,0,-7
IMU,111416,19,819,687,-9,0,-8
IMU,111426,67,825,684,-3,0,-7
IMU,111436,38,816,734,-7,1,-9
IMU,111446,14,820,675,-4,-1,-6
IMU,111456,88,829,722,-7,1,-9
IMU,111465,66,800,685,-4,2,-9
IMU,111475,22,810,728,-6,2,-10
IMU,111485,22,796,707,-4,1,-9
IMU,111495,28,796,709,-6,1,-9
IMU,111504,59,785,716,-4,0,-8
IMU,111514,25,789,732,-6,1,-9
IMU,111524,14,774,722,-4,0,-9
IMU,111534,36,762,752,-6,0,-9
IMU,111543,-63,764,716,-5,-1,-7
IMU,111553,-50,768,737,-6,-4,-4
IMU,111563,-37,771,722,-5,-6,-1
IMU,111573,-23,770,745,-7,-9,1
IMU,111583,51,758,752,-6,-9,1
IMU,111592,35,759,777,-7,-8,1
IMU,111602,-9,751,784,-6,-8,1
IMU,111612,-7,758,771,-7,-8,1
IMU,111622,9,762,781,-6,-9,2
IMU,111631,40,756,792,-6,-9,1
IMU,111641,95,749,806,-6,-7,0
IMU,111651,85,741,816,-5,-4,-2
IMU,111661,-2,738,804,-5,-3,-3
IMU,111670,-44,742,770,-5,-4,-3
IMU,111680,-45,743,762,-5,-6,-1
IMU,111690,-11,734,770,-6,-7,0
IMU,111700,-1,737,766,-5,-6,0
IMU,111709,-31,734,762,-6,-5,0
IMU,111719,-73,724,743,-5,-6,0
IMU,111729,-73,729,746,-6,-8,2
IMU,111739,-37,732,744,-6,-9,3
IMU,111749,-23,736,744,-7,-9,4
IMU,111758,-15,734,743,-6,-10,4
IMU,111768,-26,729,752,-7,-10,5
IMU,111778,-19,720,756,-6,-11,6
IMU,111788,-10,719,760,-7,-11,6
IMU,111797,-1,718,758,-6,-12,7
IMU,111807,6,716,758,-7,-12,7
IMU,111817,0,716,757,-6,-12,7
IMU,111827,8,713,758,-7,-12,7
IMU,111836,6,712,751,-7,-12,7
IMU,111846,17,713,755,-7,-12,7
IMU,111856,13,713,746,-6,-12,7
IMU,111866,17,712,743,-7,-12,7
IMU,111875,25,706,733,-6,-12,7
IMU,111885,23,700,741,-7,-12,7
IMU,111895,26,694,737,-6,-11,7
IMU,111905,18,694,734,-7,-11,7
IMU,111915,20,696,732,-7,-11,6
IMU,111924,14,696,729,-7,-11,6
IMU,111934,14,693,730,-7,-10,6
IMU,111944,13,697,729,-7,-10,5
IMU,111954,14,697,731,-7,-10,5
IMU,111963,19,701,731,-7,-9,4
IMU,111973,19,705,734,-7,-8,4
IMU,111983,18,706,734,-7,-8,3
IMU,111993,12,712,741,-7,-7,2
IMU,112002,11,712,743,-7,-7,2
IMU,112012,0,716,748,-7,-7,2
IMU,112022,-15,720,748,-7,-7,2
IMU,112032,-18,728,755,-7,-7,2
IMU,112041,-14,733,754,-7,-7,2
IMU,112051,-11,733,761,-6,-7,2
IMU,112061,-4,729,761,-6,-6,2
IMU,112071,-7,729,757,-6,-6,2
IMU,112081,-10,727,741,-5,-6,2
IMU,112090,5,723,748,-6,-6,2
IMU,112100,8,717,741,-6,-6,2
IMU,112110,28,711,749,-6,-6,2
IMU,112120,26,705,744,-6,-6,2
IMU,112129,21,708,746,-6,-6,1
IMU,112139,17,712,734,-6,-6,2
IMU,112149,18,718,734,-6,-6,2
IMU,112159,23,719,726,-6,-6,1
IMU,112168,37,721,735,-6,-5,1
IMU,112178,39,721,734,-6,-5,1
IMU,112188,43,725,745,-6,-5,1
IMU,112198,30,726,743,-6,-5,1
IMU,112208,24,729,752,-6,-5,1
IMU,112217,31,734,749,-7,-5,1
IMU,112227,33,739,762,-6,-5,0
IMU,112237,28,739,756,-6,-5,0
IMU,112247,25,738,761,-6,-5,1
IMU,112256,8,742,745,-6,-5,1
IMU,112266,23,752,749,-6,-6,2
IMU,112276,7,745,742,-6,-6,2
IMU,112286,25,745,746,-6,-7,3
IMU,112295,44,737,736,-6,-7,3
IMU,112305,44,734,729,-6,-7,4
IMU,112315,48,732,724,-6,-7,3
IMU,112325,38,735,732,-6,-7,3
IMU,112334,36,734,727,-7,-6,2
IMU,112344,39,740,731,-6,-6,2
IMU,112354,33,738,715,-7,-6,2
IMU,112364,35,747,731,-7,-5,1
IMU,112374,40,739,719,-7,-5,1
IMU,112383,27,743,741,-7,-5,1
IMU,112393,20,748,714,-7,-5,1
IMU,112403,23,750,730,-7,-6,2
IMU,112413,25,759,718,-7,-6,2
IMU,112422,23,757,735,-7,-6,2
IMU,112432,29,752,716,-7,-6,3
IMU,112442,38,757,737,-7,-6,3
IMU,112452,30,756,705,-7,-6,3
IMU,112461,44,761,719,-6,-6,3
IMU,112471,46,750,701,-7,-7,3
IMU,112481,50,757,718,-7,-7,3
IMU,112491,58,741,697,-7,-7,4
IMU,112500,46,746,734,-7,-9,5
IMU,112510,53,736,718,-8,-9,5
IMU,112520,12,752,725,-8,-9,5
IMU,112530,-32,749,649,-9,-11,7
IMU,112540,46,751,746,-8,-12,9
IMU,112549,9,776,649,-10,-11,8
IMU,112559,78,771,723,-7,-11,8
IMU,112569,110,748,723,-9,-9,7
IMU,112579,37,770,715,-8,-9,6
IMU,112588,115,734,746,-8,-10,7
IMU,112598,52,757,739,-9,-8,6
IMU,112608,91,742,730,-8,-10,6
IMU,112618,165,756,797,-9,-8,5
IMU,112627,50,751,735,-7,-6,3
IMU,112637,85,746,788,-9,-5,2
IMU,112647,91,744,729,-7,-4,1
IMU,112657,40,770,792,-7,-2,0
IMU,112666,90,745,730,-7,-1,-1
IMU,112676,66,764,757,-6,0,-4
IMU,112686,24,741,711,-5,0,-3
IMU,112696,49,752,755,-6,0,-3
IMU,112706,37,737,718,-6,0,-3
IMU,112715,27,747,725,-7,0,-3
IMU,112725,60,739,693,-6,-1,-3
IMU,112735,-12,746,704,-7,-1,-2
IMU,112745,-10,739,684,-7,-4,0
IMU,112754,43,748,704,-8,-5,1
IMU,112764,43,747,698,-7,-5,1
IMU,112774,56,758,720,-8,-6,1
IMU,112784,57,754,712,-7,-5,1
IMU,112793,48,759,733,-8,-5,1
IMU,112803,87,761,732,-8,-5,1
IMU,112813,108,770,747,-8,-4,0
IMU,112823,92,771,736,-7,-3,0
IMU,112833,90,773,745,-7,-3,-1
IMU,112842,65,771,733,-7,-2,-1
IMU,112852,37,769,741,-7,-3,-1
IMU,112862,50,763,730,-7,-3,-1
IMU,112872,43,762,740,-7,-3,-1
IMU,112881,24,758,729,-6,-4,0
IMU,112891,19,758,733,-6,-4,0
IMU,112901,16,753,715,-7,-4,0
IMU,112911,25,756,720,-7,-5,0
IMU,112920,44,749,712,-7,-5,1
IMU,112930,42,754,723,-7,-4,0
IMU,112940,44,755,713,-7,-4,0
IMU,112950,53,752,722,-7,-4,0
IMU,112959,51,745,718,-7,-4,0
IMU,112969,59,745,730,-7,-4,0
IMU,112979,67,746,729,-7,-3,0
IMU,112989,65,753,735,-7,-3,0
IMU,112999,66,752,733,-7,-2,-1
IMU,113008,58,755,735,-7,-2,-1
IMU,113018,50,759,732,-7,-2,-1
IMU,113028,51,762,735,-6,-2,-2
IMU,113038,44,763,728,-7,-2,-1
IMU,113047,40,764,729,-6,-2,-1
IMU,113057,43,764,726,-6,-3,-1
IMU,113067,43,767,730,-6,-3,0
IMU,113077,43,765,728,-6,-4,0
IMU,113086,48,762,728,-6,-4,0
IMU,113096,50,758,722,-6,-4,0
IMU,113106,54,757,721,-6,-5,1
IMU,113116,51,756,720,-7,-5,1
IMU,113125,45,753,724,-7,-5,1
IMU,113135,54,746,718,-7,-6,2
IMU,113145,62,743,721,-7,-6,2
IMU,113155,61,745,719,-7,-6,2
IMU,113165,63,744,719,-7,-6,2
IMU,113174,62,744,718,-7,-6,2
IMU,113184,69,747,727,-7,-5,1
IMU,113194,72,746,727,-7,-5,1
IMU,113204,71,747,731,-7,-4,0
IMU,113213,58,749,730,-7,-3,0
IMU,113223,45,751,725,-6,-3,0
IMU,113233,39,752,726,-6,-3,0
IMU,113243,37,752,730,-6,-4,0
IMU,113252,35,752,729,-6,-4,0
IMU,113262,33,753,727,-6,-4,0
IMU,113272,33,753,731,-6,-5,0
IMU,113282,33,754,732,-6,-5,0
IMU,113291,39,756,731,-6,-5,1
IMU,113301,50,756,733,-6,-5,1
IMU,113311,51,756,730,-7,-5,1
IMU,113321,49,752,729,-6,-5,1
IMU,113331,45,748,737,-6,-5,1
IMU,113340,45,750,733,-7,-6,2
IMU,113350,45,748,735,-6,-6,2
IMU,113360,44,750,735,-7,-7,3
IMU,113370,50,753,728,-7,-7,3
IMU,113379,49,755,732,-7,-8,4
IMU,113389,50,754,726,-7,-8,4
IMU,113399,49,758,731,-7,-8,4
IMU,113409,53,754,729,-7,-8,4
IMU,113418,54,754,731,-7,-8,4
IMU,113428,51,755,735,-7,-8,5
IMU,113438,53,758,730,-7,-8,5
IMU,113448,53,758,731,-7,-8,5
IMU,113458,56,759,729,-7,-9,5
IMU,113467,63,759,730,-7,-9,5
IMU,113477,60,755,727,-7,-9,5
IMU,113487,56,756,727,-7,-9,6
IMU,113498,65,757,728,-7,-9,5
IMU,113506,56,759,724,-7,-8,5
IMU,113517,58,755,723,-7,-9,5
IMU,113526,64,754,723,-7,-8,5
IMU,113536,60,753,717,-7,-9,5
IMU,113546,73,758,723,-7,-8,5
IMU,113555,75,756,720,-7,-8,4
IMU,113566,66,758,715,-7,-8,4
IMU,113576,62,761,707,-7,-8,4
IMU,113584,63,762,706,-7,-8,4
IMU,113594,55,765,708,-7,-8,4
IMU,113604,56,768,706,-7,-8,4
IMU,113614,56,771,698,-7,-8,4
IMU,113624,61,771,695,-7,-8,4
IMU,113633,64,773,692,-7,-8,5
IMU,113643,66,775,693,-7,-8,4
IMU,113653,62,774,692,-7,-8,4
IMU,113663,65,774,693,-7,-8,4
IMU,113672,70,773,690,-7,-8,4
IMU,113682,76,778,688,-7,-7,3
IMU,113692,75,780,680,-7,-7,2
IMU,113702,78,783,678,-7,-6,2
IMU,113711,80,779,675,-7,-5,1
IMU,113721,79,781,672,-6,-5,0
IMU,113731,79,785,665,-6,-4,0
IMU,113741,84,783,664,-6,-4,0
IMU,113750,130,764,683,-6,-4,0
IMU,113760,78,793,661,-7,0,-4
IMU,113770,39,779,608,-5,-1,-4
IMU,113780,99,782,670,-6,-1,-3
IMU,113790,63,781,652,-6,0,-4
IMU,113799,108,778,651,-6,-1,-4
IMU,113809,93,793,659,-5,0,-4
IMU,113819,93,785,645,-6,0,-4
IMU,113829,68,764,664,-5,0,-6
IMU,113838,42,783,678,-7,0,-5
IMU,113848,88,784,678,-5,0,-5
IMU,113858,65,804,660,-7,0,-5
IMU,113868,140,808,682,-5,0,-6
IMU,113877,70,811,671,-6,3,-9
IMU,113887,96,790,681,-4,3,-9
IMU,113897,115,799,693,-6,4,-9
IMU,113907,68,799,677,-4,4,-10
IMU,113916,88,795,689,-6,4,-11
IMU,113926,69,797,684,-3,5,-11
IMU,113936,46,795,672,-5,4,-11
IMU,113946,54,797,679,-3,4,-10
IMU,113956,72,787,657,-5,5,-11
IMU,113965,78,800,678,-4,6,-12
IMU,113975,86,783,671,-5,6,-12
IMU,113985,60,775,755,-3,7,-14
IMU,113995,62,758,699,-5,8,-15
IMU,114004,76,765,738,-4,9,-16
IMU,114014,68,751,733,-5,10,-17
IMU,114024,40,773,756,-4,10,-17
IMU,114034,49,741,760,-3,11,-18
IMU,114043,-18,751,801,-4,11,-18
IMU,114053,-46,731,729,-4,10,-17
IMU,114063,-50,755,786,-4,5,-13
IMU,114073,-49,751,712,-5,3,-10
IMU,114083,-17,770,802,-5,1,-8
IMU,114092,-12,738,758,-6,1,-7
IMU,114102,36,751,807,-5,0,-5
IMU,114112,36,726,753,-5,0,-5
IMU,114122,8,738,788,-5,-1,-3
IMU,114131,17,737,741,-6,-3,-2
IMU,114141,62,730,781,-5,-3,-1
IMU,114151,63,716,760,-6,-3,-1
IMU,114161,100,712,772,-6,-3,-1
IMU,114170,65,716,750,-7,-2,-2
IMU,114180,16,724,749,-6,-3,-2
IMU,114190,7,716,729,-7,-4,0
IMU,114200,-15,721,730,-6,-6,0
IMU,114209,-6,720,736,-7,-7,2
IMU,114219,-1,726,735,-7,-7,2
IMU,114229,-8,725,737,-7,-7,3
IMU,114239,-24,723,734,-7,-8,4
IMU,114249,-23,721,742,-8,-9,5
IMU,114258,2,726,752,-8,-10,6
IMU,114268,13,723,758,-8,-10,6
IMU,114278,37,722,771,-8,-9,6
IMU,114288,22,717,761,-8,-9,5
IMU,114297,17,717,780,-7,-9,5
IMU,114307,22,709,767,-7,-8,5
IMU,114317,26,704,778,-7,-8,4
IMU,114327,30,701,756,-7,-8,4
IMU,114336,11,700,753,-6,-7,4
IMU,114346,5,699,742,-7,-7,4
IMU,114356,0,691,730,-7,-8,4
IMU,114366,3,687,726,-8,-8,5
IMU,114375,0,685,726,-8,-9,6
IMU,114385,6,681,735,-8,-9,6
IMU,114395,6,681,734,-8,-9,6
IMU,114405,13,682,740,-8,-9,6
IMU,114415,10,688,741,-9,-9,6
IMU,114424,3,692,746,-9,-9,6
IMU,114434,11,700,745,-9,-9,7
IMU,114444,15,706,743,-9,-10,7
IMU,114454,23,710,754,-9,-10,7
IMU,114463,24,717,750,-9,-10,7
IMU,114473,19,721,757,-8,-9,7
IMU,114483,17,720,761,-8,-9,6
IMU,114493,11,719,767,-8,-9,6
IMU,114502,0,722,770,-8,-9,7
IMU,114512,3,728,762,-8,-9,7
IMU,114522,8,728,764,-8,-9,7
IMU,114532,12,721,765,-8,-9,7
IMU,114541,19,720,767,-8,-9,7
IMU,114551,27,718,764,-8,-8,6
IMU,114561,21,718,759,-7,-8,6
IMU,114571,34,721,757,-7,-7,5
IMU,114581,38,722,750,-7,-7,5
IMU,114590,32,723,749,-7,-7,4
IMU,114600,38,725,749,-8,-6,4
IMU,114610,35,731,760,-8,-6,4
IMU,114620,32,733,758,-8,-6,4
IMU,114629,36,738,766,-8,-5,3
IMU,114639,30,741,765,-8,-5,3
IMU,114649,32,745,769,-7,-5,3
IMU,114659,42,749,764,-7,-6,4
IMU,114668,45,756,762,-7,-6,4
IMU,114678,53,758,763,-7,-6,4
IMU,114688,59,763,764,-7,-6,4
IMU,114698,63,766,764,-7,-5,3
IMU,114708,61,765,761,-6,-5,3
IMU,114717,55,762,757,-6,-5,3
IMU,114727,48,763,757,-6,-5,3
IMU,114737,39,762,752,-6,-5,3
IMU,114747,40,757,750,-6,-5,3
IMU,114756,41,762,743,-6,-5,3
IMU,114766,49,760,736,-6,-6,3
IMU,114776,53,765,739,-6,-5,3
IMU,114786,52,760,739,-6,-5,4
IMU,114795,49,755,734,-6,-6,4
IMU,114805,45,760,738,-6,-6,4
IMU,114815,57,758,732,-6,-6,4
IMU,114825,50,764,736,-6,-6,4
IMU,114834,44,760,728,-7,-6,4
IMU,114844,43,764,730,-6,-6,4
IMU,114854,30,756,712,-7,-6,5
IMU,114864,51,758,730,-6,-7,6
IMU,114874,51,755,719,-7,-8,6
IMU,114883,59,760,734,-6,-8,7
IMU,114893,67,751,718,-7,-9,7
IMU,114903,63,753,730,-7,-10,8
IMU,114913,71,748,720,-7,-10,9
IMU,114922,65,752,732,-7,-11,10
IMU,114932,79,751,720,-7,-11,10
IMU,114942,89,746,723,-7,-11,10
IMU,114952,97,740,732,-7,-12,11
IMU,114961,95,728,747,-7,-11,10
IMU,114971,95,723,736,-7,-12,10
IMU,114981,95,757,714,-8,-12,11
IMU,114991,173,728,695,-7,-12,10
IMU,115000,6,789,720,-8,-10,9
IMU,115010,107,737,647,-6,-12,9
IMU,115020,121,756,791,-9,-9,8
IMU,115030,78,725,642,-7,-8,7
IMU,115040,160,733,791,-6,-6,5
IMU,115049,-59,738,638,-8,-6,4
IMU,115059,117,757,797,-6,-7,4
IMU,115069,115,737,652,-8,-6,3
IMU,115079,108,758,794,-5,-6,2
IMU,115088,183,717,701,-8,-2,0
IMU,115098,53,754,795,-5,-1,-1
IMU,115108,87,720,736,-7,-1,-1
IMU,115118,86,741,780,-5,-1,-2
IMU,115127,74,725,730,-6,0,-3
IMU,115137,102,735,764,-5,0,-3
IMU,115147,52,725,707,-6,0,-4
IMU,115157,56,728,740,-5,-1,-2
IMU,115166,78,731,711,-6,-2,-1
IMU,115176,72,740,715,-5,-2,0
IMU,115186,105,735,700,-7,-2,-1
IMU,115196,50,728,723,-6,-4,1
IMU,115206,78,734,703,-8,-7,4
IMU,115215,71,742,698,-7,-8,4
IMU,115225,77,740,693,-8,-11,7
IMU,115235,103,757,724,-8,-10,7
IMU,115245,92,753,712,-9,-10,7
IMU,115254,107,755,741,-7,-9,6
IMU,115264,100,758,735,-9,-8,5
IMU,115274,119,767,751,-7,-7,4
IMU,115284,115,759,733,-8,-5,2
IMU,115293,114,762,742,-6,-4,1
IMU,115303,91,764,732,-7,-3,0
IMU,115313,75,763,738,-6,-3,0
IMU,115323,84,753,720,-7,-3,0
IMU,115333,75,753,729,-5,-3,0
IMU,115342,46,747,713,-6,-3,0
IMU,115352,36,751,729,-6,-4,0
IMU,115362,44,747,713,-7,-4,1
IMU,115372,58,752,725,-6,-4,1
IMU,115381,54,753,714,-7,-4,1
IMU,115391,55,754,721,-6,-4,1
IMU,115401,67,752,717,-7,-4,1
IMU,115411,89,755,730,-6,-5,1
IMU,115420,116,757,740,-7,-4,1
IMU,115430,120,756,738,-6,-3,0
IMU,115440,120,757,739,-6,-3,0
IMU,115450,119,756,736,-6,-3,0
IMU,115459,113,757,735,-6,-2,-1
IMU,115469,102,754,731,-6,-1,-2
IMU,115479,91,752,723,-6,-1,-2
IMU,115489,69,751,723,-6,-1,-2
IMU,115499,57,750,721,-6,-1,-2
IMU,115508,57,750,725,-6,-2,-1
IMU,115518,60,747,726,-6,-2,-1
IMU,115528,69,746,729,-6,-3,0
IMU,115538,76,746,726,-6,-3,0
IMU,115547,83,745,727,-6,-2,-1
IMU,115557,90,746,723,-6,-2,-1
IMU,115567,97,748,717,-6,-2,-2
IMU,115577,96,745,713,-6,-1,-2
IMU,115586,97,743,712,-6,-1,-3
IMU,115596,91,742,712,-6,-1,-3
IMU,115606,83,740,712,-6,-1,-3
IMU,115616,74,739,711,-6,-1,-3
IMU,115625,75,740,709,-6,-2,-2
IMU,115635,73,741,715,-6,-2,-2
IMU,115645,73,741,718,-7,-2,-2
IMU,115655,67,739,717,-7,-2,-1
IMU,115665,67,741,718,-7,-3,-1
IMU,115674,69,746,719,-7,-3,0
IMU,115684,74,747,725,-7,-3,0
IMU,115694,84,749,723,-6,-3,0
IMU,115704,88,748,721,-7,-3,0
IMU,115713,91,745,719,-7,-3,-1
IMU,115723,88,745,722,-7,-3,-1
IMU,115733,85,747,716,-7,-2,-1
IMU,115743,81,745,719,-7,-2,-1
IMU,115752,78,746,721,-7,-2,-2
IMU,115762,72,748,721,-7,-2,-2
IMU,115772,61,747,715,-7,-2,-2
IMU,115782,56,749,713,-7,-2,-1
IMU,115791,59,747,710,-7,-3,-1
IMU,115801,67,748,721,-7,-3,0
IMU,115811,73,749,726,-7,-3,0
IMU,115821,74,757,724,-7,-3,0
IMU,115831,73,750,723,-7,-3,0
IMU,115840,73,756,720,-8,-3,0
IMU,115850,76,755,715,-7,-3,0
IMU,115860,75,760,731,-7,-3,0
IMU,115870,78,754,721,-7,-3,0
IMU,115879,72,754,733,-7,-3,0
IMU,115889,66,753,722,-7,-3,0
IMU,115899,60,752,731,-7,-4,0
IMU,115909,58,750,724,-7,-4,0
IMU,115918,55,752,730,-7,-4,0
IMU,115928,58,752,726,-7,-5,0
IMU,115938,58,756,725,-8,-5,1
IMU,115948,60,758,722,-7,-5,1
IMU,115958,66,762,722,-8,-5,1
IMU,115967,73,760,723,-7,-5,2
IMU,115977,74,762,723,-8,-5,1
IMU,115987,74,762,721,-7,-5,1
IMU,115997,66,763,719,-7,-5,1
IMU,116006,64,765,714,-7,-5,1
IMU,116016,62,767,712,-7,-5,2
IMU,116026,60,767,715,-7,-6,2
IMU,116036,63,767,714,-8,-6,2
IMU,116045,62,767,717,-7,-6,2
IMU,116055,63,769,716,-8,-6,2
IMU,116065,70,777,714,-7,-6,2
IMU,116075,75,778,709,-7,-6,2
IMU,116084,80,782,711,-7,-5,2
IMU,116094,83,783,707,-7,-5,1
IMU,116104,81,788,705,-7,-5,1
IMU,116114,87,789,701,-7,-5,1
IMU,116124,91,788,699,-7,-4,0
IMU,116133,93,788,701,-7,-4,0
IMU,116143,83,786,690,-7,-3,0
IMU,116153,73,786,687,-6,-3,0
IMU,116163,64,785,679,-6,-4,0
IMU,116172,67,785,677,-6,-4,0
IMU,116183,113,773,691,-6,-5,0
IMU,116192,130,783,731,-6,-4,0
IMU,116202,81,784,633,-6,-2,-1
IMU,116212,106,783,700,-6,-4,0
IMU,116221,85,787,666,-7,-3,0
IMU,116232,92,795,665,-6,-3,0
IMU,116241,118,792,669,-6,-3,-1
IMU,116250,78,802,657,-6,-2,-2
IMU,116260,77,796,645,-6,-3,-1
IMU,116270,70,798,674,-6,-3,-1
IMU,116280,59,790,656,-6,-4,0
IMU,116290,137,787,712,-6,-3,-1
IMU,116299,47,788,645,-6,-3,-1
IMU,116309,41,800,689,-7,-5,0
IMU,116319,43,787,664,-6,-5,1
IMU,116329,36,824,694,-8,-5,0
IMU,116338,152,803,629,-5,-5,0
IMU,116348,117,825,724,-7,-2,-2
IMU,116358,98,806,650,-5,-1,-3
IMU,116368,117,817,746,-5,0,-5
IMU,116377,99,777,661,-4,1,-6
IMU,116387,122,798,738,-5,2,-8
IMU,116397,112,783,650,-4,3,-9
IMU,116407,45,809,695,-4,4,-10
IMU,116416,84,787,664,-4,3,-10
IMU,116426,76,811,718,-5,4,-10
IMU,116436,76,783,678,-4,4,-11
IMU,116446,95,808,740,-4,6,-12
IMU,116456,101,776,691,-3,8,-14
IMU,116465,50,779,794,-4,9,-16
IMU,116475,52,753,717,-3,10,-17
IMU,116485,16,766,765,-3,9,-17
IMU,116495,25,763,735,-3,8,-16
IMU,116504,29,772,763,-3,7,-15
IMU,116514,10,757,740,-3,6,-13
IMU,116524,3,752,774,-4,5,-12
IMU,116534,-20,738,768,-4,3,-10
IMU,116543,0,753,782,-4,3,-10
IMU,116553,50,748,767,-4,3,-9
IMU,116563,47,744,772,-4,3,-10
IMU,116573,22,733,755,-4,4,-10
IMU,116583,33,737,766,-3,4,-10
IMU,116592,41,736,753,-3,3,-9
IMU,116602,50,728,742,-4,2,-9
IMU,116612,36,726,747,-4,1,-8
IMU,116622,8,731,735,-5,0,-6
IMU,116631,-3,726,738,-5,0,-5
IMU,116641,1,725,725,-6,-1,-3
IMU,116651,15,729,734,-6,-2,-2
IMU,116661,27,731,732,-6,-3,-1
IMU,116670,14,734,740,-6,-4,0
IMU,116681,11,729,736,-6,-5,1
IMU,116690,8,731,742,-6,-6,2
IMU,116700,24,731,746,-7,-7,3
IMU,116709,36,732,749,-6,-8,4
IMU,116719,43,724,751,-7,-8,4
IMU,116730,31,721,769,-7,-8,3
IMU,116739,35,718,782,-7,-8,3
IMU,116750,23,714,773,-6,-7,3
IMU,116759,25,710,770,-6,-7,3
IMU,116768,20,708,761,-6,-6,2
IMU,116778,10,704,761,-6,-7,2
IMU,116788,14,701,766,-6,-7,3
IMU,116797,20,693,755,-6,-7,3
IMU,116807,29,692,759,-6,-7,3
IMU,116817,36,689,749,-6,-7,3
IMU,116827,40,688,756,-6,-7,2
IMU,116836,33,682,746,-7,-6,2
IMU,116846,22,681,748,-7,-7,2
IMU,116856,15,684,737,-7,-7,3
IMU,116866,18,689,736,-7,-7,3
IMU,116875,10,692,735,-7,-7,3
IMU,116885,-1,693,739,-7,-8,4
IMU,116895,0,696,740,-8,-8,4
IMU,116905,0,700,744,-7,-8,4
IMU,116915,2,703,744,-8,-8,4
IMU,116924,4,706,739,-7,-8,4
IMU,116934,6,709,743,-7,-8,4
IMU,116944,11,713,744,-7,-7,4
IMU,116954,12,715,749,-7,-7,4
IMU,116963,23,717,752,-7,-7,3
IMU,116973,11,718,748,-7,-6,3
IMU,116983,11,720,755,-7,-6,2
IMU,116993,2,721,745,-7,-5,2
IMU,117002,-3,715,746,-7,-5,2
IMU,117012,-5,715,741,-7,-5,2
IMU,117022,3,712,741,-6,-5,1
IMU,117032,6,715,739,-7,-4,1
IMU,117041,15,717,740,-6,-4,1
IMU,117051,18,722,740,-7,-4,1
IMU,117061,18,725,733,-7,-4,1
IMU,117071,19,727,739,-7,-4,0
IMU,117081,22,728,740,-7,-4,0
IMU,117090,35,734,742,-7,-3,0
IMU,117100,38,739,740,-7,-3,0
IMU,117110,37,741,740,-7,-3,0
IMU,117120,47,743,742,-7,-3,0
IMU,117129,52,745,753,-6,-3,0
IMU,117139,58,744,758,-6,-3,0
IMU,117149,62,745,754,-6,-3,0
IMU,117159,54,749,758,-6,-3,0
IMU,117168,50,753,754,-6,-3,0
IMU,117178,50,755,752,-6,-2,0
IMU,117188,50,755,752,-6,-2,0
IMU,117198,49,753,748,-6,-2,-1
IMU,117208,41,758,733,-6,-1,-1
IMU,117217,30,763,729,-5,-1,-1
IMU,117227,24,764,722,-6,-1,-1
IMU,117237,27,758,723,-5,-2,-1
IMU,117247,40,750,720,-6,-2,-1
IMU,117256,37,753,736,-6,-2,-1
IMU,117266,25,748,723,-6,-2,0
IMU,117276,12,754,725,-6,-3,0
IMU,117286,28,747,723,-7,-3,0
IMU,117295,36,746,729,-7,-4,1
IMU,117305,47,740,725,-7,-4,2
IMU,117315,57,750,735,-6,-4,1
IMU,117325,53,754,711,-6,-4,1
IMU,117334,68,762,724,-6,-5,2
IMU,117344,65,760,720,-7,-5,2
IMU,117354,68,753,731,-7,-5,2
IMU,117364,73,752,728,-7,-5,2
IMU,117374,55,754,729,-7,-5,2
IMU,117383,20,765,731,-8,-6,3
IMU,117393,-9,767,671,-8,-9,6
IMU,117403,83,794,738,-8,-10,6
IMU,117413,70,753,673,-6,-10,7
IMU,117422,80,799,766,-8,-7,5
IMU,117432,46,752,635,-6,-6,4
IMU,117442,44,761,797,-8,-8,6
IMU,117452,-62,761,599,-9,-9,8
IMU,117461,80,768,790,-7,-12,10
IMU,117471,7,746,656,-10,-11,9
IMU,117481,89,760,784,-6,-12,9
IMU,117491,126,725,708,-9,-9,6
IMU,117500,-25,757,799,-6,-7,4
IMU,117510,89,713,714,-9,-8,5
IMU,117520,72,747,817,-6,-4,2
IMU,117530,54,722,727,-8,-5,2
IMU,117540,197,744,821,-5,-2,0
IMU,117549,83,734,724,-7,0,-3
IMU,117559,86,750,765,-5,0,-4
IMU,117569,47,740,713,-7,2,-6
IMU,117579,-41,752,711,-5,1,-4
IMU,117588,16,741,688,-7,-1,-2
IMU,117598,10,753,695,-6,-2,-1
IMU,117608,-18,746,692,-8,-4,1
IMU,117618,37,748,712,-7,-5,2
IMU,117627,11,739,690,-8,-6,3
IMU,117637,2,750,715,-8,-8,5
IMU,117647,37,747,705,-9,-9,6
IMU,117657,38,760,722,-8,-10,7
IMU,117666,69,762,718,-9,-10,7
IMU,117676,89,767,733,-8,-10,7
IMU,117686,70,768,727,-8,-9,6
IMU,117696,88,765,750,-7,-8,5
IMU,117706,98,766,744,-8,-7,4
IMU,117715,75,767,743,-7,-7,4
IMU,117725,65,765,733,-7,-7,3
IMU,117735,49,764,729,-7,-7,4
IMU,117745,34,762,718,-7,-7,4
IMU,117754,53,761,722,-7,-8,4
IMU,117764,61,755,717,-7,-7,4
IMU,117774,46,752,720,-7,-7,4
IMU,117784,50,752,716,-7,-7,4
IMU,117793,37,757,718,-7,-7,4
IMU,117803,50,761,708,-7,-8,5
IMU,117813,101,755,724,-7,-7,4
IMU,117823,78,756,724,-7,-6,3
IMU,117833,50,763,724,-7,-6,3
IMU,117842,59,761,719,-7,-7,3
IMU,117852,50,763,723,-7,-7,4
IMU,117862,92,761,724,-7,-7,3
IMU,117872,86,765,733,-7,-6,3
IMU,117881,48,763,728,-7,-6,2
IMU,117891,66,769,729,-7,-6,3
IMU,117901,59,768,724,-7,-6,3
IMU,117911,66,769,734,-7,-6,3
IMU,117920,79,769,729,-7,-6,3
IMU,117930,58,771,728,-7,-6,2
IMU,117940,62,764,727,-6,-6,3
IMU,117950,60,764,727,-7,-6,3
IMU,117959,47,760,724,-6,-6,3
IMU,117969,63,758,732,-7,-6,3
IMU,117979,59,752,722,-6,-7,3
IMU,117989,48,752,727,-7,-7,3
IMU,117999,52,748,718,-6,-7,3
IMU,118008,50,744,721,-7,-7,3
IMU,118018,69,740,713,-6,-7,3
IMU,118028,78,743,724,-7,-6,3
IMU,118038,68,740,718,-6,-5,2
IMU,118047,69,742,721,-7,-5,2
IMU,118057,67,736,709,-6,-5,1
IMU,118067,67,741,720,-7,-5,1
IMU,118077,75,743,720,-7,-5,1
IMU,118086,68,746,726,-7,-5,1
IMU,118096,71,742,723,-7,-5,1
IMU,118106,72,742,726,-7,-5,1
IMU,118116,67,743,722,-6,-5,1
IMU,118125,70,746,725,-7,-5,1
IMU,118135,72,746,722,-6,-5,2
IMU,118145,72,748,724,-7,-6,2
IMU,118155,77,749,721,-7,-5,2
IMU,118165,75,751,726,-7,-6,2
IMU,118174,74,751,720,-7,-6,1
IMU,118184,71,748,723,-7,-5,1
IMU,118194,72,749,721,-7,-5,1
IMU,118204,69,752,722,-7,-5,1
IMU,118213,65,750,718,-6,-5,1
IMU,118223,64,751,719,-7,-5,1
IMU,118233,65,746,715,-7,-5,1
IMU,118243,68,746,718,-7,-5,1
IMU,118252,73,748,721,-7,-5,0
IMU,118262,71,749,722,-7,-4,0
IMU,118272,68,747,719,-7,-4,0
IMU,118282,63,748,718,-7,-4,0
IMU,118292,68,750,723,-7,-4,0
IMU,118302,73,752,724,-7,-3,0
IMU,118311,78,759,726,-7,-3,0
IMU,118322,79,760,725,-7,-3,0
IMU,118331,74,761,727,-7,-3,0
IMU,118340,70,761,729,-7,-3,0
IMU,118350,66,760,726,-7,-3,0
IMU,118360,61,757,732,-7,-3,0
IMU,118370,58,757,732,-7,-3,0
IMU,118379,56,754,724,-7,-4,0
IMU,118389,61,755,723,-7,-4,0
IMU,118399,69,752,718,-7,-4,1
IMU,118409,78,752,725,-7,-5,1
IMU,118418,80,753,725,-7,-4,0
IMU,118428,82,756,724,-7,-4,0
IMU,118438,81,758,720,-7,-4,0
IMU,118448,78,763,710,-7,-3,0
IMU,118458,71,765,711,-7,-3,0
IMU,118467,68,771,714,-7,-3,0
IMU,118477,64,772,712,-7,-3,0
IMU,118487,66,774,710,-7,-4,0
IMU,118497,68,773,711,-7,-3,0
IMU,118506,69,774,709,-6,-3,0
IMU,118516,72,772,706,-6,-3,0
IMU,118526,67,770,705,-6,-2,-1
IMU,118536,69,772,698,-6,-2,-1
IMU,118545,79,769,692,-6,-2,-1
IMU,118555,80,774,687,-6,-2,-1
IMU,118565,76,781,678,-6,-1,-2
IMU,118575,73,783,672,-6,-1,-2
IMU,118584,69,782,668,-6,-1,-3
IMU,118594,68,780,661,-6,-1,-3
IMU,118604,70,783,660,-6,-1,-3
IMU,118614,69,784,662,-6,0,-3
IMU,118624,70,788,656,-6,0,-3
IMU,118633,72,790,650,-6,0,-3
IMU,118643,77,793,647,-6,0,-3
IMU,118653,131,776,686,-6,-1,-3
IMU,118663,94,799,674,-7,1,-6
IMU,118672,63,789,629,-5,0,-6
IMU,118682,85,791,659,-6,0,-5
IMU,118692,41,794,646,-5,0,-6
IMU,118702,87,786,669,-6,0,-5
IMU,118711,101,786,662,-5,0,-6
IMU,118721,46,763,667,-5,0,-6
IMU,118731,79,783,726,-5,0,-7
IMU,118741,13,778,627,-6,0,-6
IMU,118750,62,778,704,-5,1,-6
IMU,118760,87,768,640,-6,1,-7
IMU,118770,79,780,745,-4,3,-8
IMU,118780,56,761,629,-6,4,-9
IMU,118791,75,784,716,-5,3,-8
IMU,118799,9,770,627,-6,1,-7
IMU,118809,30,803,719,-6,1,-6
IMU,118820,90,779,621,-6,1,-6
IMU,118829,32,809,716,-6,1,-6
IMU,118839,34,780,635,-6,0,-5
IMU,118849,53,818,735,-6,0,-5
IMU,118858,42,793,647,-6,0,-5
IMU,118868,72,808,721,-5,0,-5
IMU,118877,56,791,652,-6,0,-6
IMU,118887,49,822,728,-5,0,-5
IMU,118897,93,794,666,-5,0,-6
IMU,118907,71,795,749,-5,2,-7
IMU,118916,75,769,730,-5,4,-9
IMU,118926,103,792,748,-5,4,-10
IMU,118936,102,777,735,-4,6,-13
IMU,118946,18,791,771,-5,7,-13
IMU,118956,29,765,743,-3,6,-13
IMU,118965,-6,759,814,-5,6,-12
IMU,118975,-38,738,766,-4,4,-11
IMU,118985,-57,756,786,-6,2,-8
IMU,118995,-39,753,752,-5,0,-6
IMU,119004,-74,745,779,-5,-2,-3
IMU,119014,4,737,769,-5,-4,0
IMU,119024,20,738,805,-5,-2,-2
IMU,119034,19,720,788,-5,-2,-2
IMU,119043,34,738,778,-6,-2,-2
IMU,119053,38,730,752,-5,-1,-2
IMU,119063,13,738,764,-6,-2,-2
IMU,119073,23,727,744,-5,-2,-1
IMU,119083,56,730,770,-6,-2,-1
IMU,119092,21,726,742,-5,-3,-1
IMU,119102,12,732,751,-7,-4,0
IMU,119112,4,733,731,-6,-5,1
IMU,119122,-10,739,758,-7,-7,3
IMU,119131,20,731,743,-7,-8,4
IMU,119141,26,739,748,-7,-8,4
IMU,119151,32,735,750,-7,-8,4
IMU,119161,32,740,764,-7,-8,4
IMU,119170,24,733,756,-7,-7,4
IMU,119180,17,725,758,-7,-7,4
IMU,119190,27,721,756,-6,-8,4
IMU,119200,35,720,759,-7,-7,4
IMU,119209,23,714,748,-6,-7,3
IMU,119219,21,712,756,-7,-6,3
IMU,119229,1,708,746,-6,-6,3
IMU,119239,5,706,749,-7,-6,3
IMU,119249,8,703,735,-7,-6,3
IMU,119258,3,703,736,-7,-7,4
IMU,119268,-3,700,728,-7,-7,4
IMU,119278,-1,701,739,-7,-7,4
IMU,119288,12,698,729,-7,-7,4
IMU,119297,14,696,738,-7,-7,4
IMU,119307,16,696,742,-7,-7,4
IMU,119317,10,698,746,-8,-7,4
IMU,119327,20,698,746,-7,-6,3
IMU,119336,27,701,749,-7,-6,3
IMU,119346,32,702,750,-7,-5,2
IMU,119356,21,707,760,-7,-5,2
IMU,119366,7,710,753,-7,-5,2
IMU,119375,10,714,749,-7,-5,2
IMU,119385,11,716,751,-7,-4,1
IMU,119395,8,717,750,-7,-4,1
IMU,119406,4,717,753,-7,-3,0
IMU,119415,-4,719,751,-7,-3,0
IMU,119424,-2,718,752,-7,-3,0
IMU,119434,2,717,748,-6,-3,0
IMU,119444,3,717,754,-6,-3,0
IMU,119455,10,714,753,-6,-3,0
IMU,119463,15,718,757,-6,-3,0
IMU,119473,15,719,749,-6,-3,0
IMU,119484,19,721,753,-6,-2,0
IMU,119493,17,721,747,-6,-2,0
IMU,119502,14,721,751,-6,-2,0
IMU,119512,14,722,747,-6,-2,0
IMU,119522,16,720,750,-6,-2,0
IMU,119532,12,726,756,-6,-2,0
SPM,110950,0.00
SPM,113969,31.84
SPM,117000,31.25
SPM,120024,30.86
SPM,123043,30.63
SPM,126069,30.53
SPM,129117,30.38
GPS,130245,59.361801,18.047740,5.93,103.69,12
GPS,130811,59.361801,18.047740,7.11,103.69,12
GPS,131250,59.361812,18.047713,7.11,105.62,12
GPS,131817,59.361812,18.047713,7.09,105.62,12
GPS,132247,59.361823,18.047686,7.09,107.49,12
GPS,132813,59.361823,18.047686,6.52,107.49,12
GPS,133252,59.361835,18.047658,6.52,109.50,12
GPS,133819,59.361835,18.047658,8.06,109.50,12
GPS,134249,59.361848,18.047630,8.06,111.56,12
GPS,134815,59.361848,18.047630,7.50,111.56,12
GPS,135245,59.361860,18.047604,7.50,113.43,12
GPS,135811,59.361860,18.047604,6.61,113.43,12
GPS,136250,59.361872,18.047579,6.61,115.32,12
GPS,136817,59.361872,18.047579,7.74,115.32,12
GPS,137247,59.361886,18.047552,7.74,117.35,12
GPS,137813,59.361886,18.047552,8.07,117.35,12
GPS,138252,59.361898,18.047527,8.07,119.28,12
GPS,138819,59.361898,18.047527,6.87,119.28,12
GPS,139249,59.361910,18.047502,6.87,121.09,12
GPS,139815,59.361910,18.047502,7.06,121.09,12
GPS,140245,59.361922,18.047476,7.06,123.03,12
GPS,140811,59.361922,18.047476,7.74,123.03,12
GPS,141250,59.361935,18.047449,7.74,125.06,12
GPS,141817,59.361935,18.047449,7.45,125.06,12
GPS,142247,59.361947,18.047425,7.45,126.86,12
IMU,130030,52,757,725,-6,-4,0
IMU,130040,58,753,721,-6,-4,0
IMU,130049,62,751,723,-6,-4,0
IMU,130059,61,747,722,-6,-4,0
IMU,130069,54,746,723,-6,-4,0
IMU,130079,44,743,718,-7,-4,0
IMU,130088,39,746,716,-7,-4,0
IMU,130098,38,744,711,-7,-4,0
IMU,130108,43,746,721,-7,-4,0
IMU,130118,50,743,720,-7,-4,0
IMU,130127,49,744,723,-7,-4,0
IMU,130137,49,743,720,-7,-3,0
IMU,130147,50,745,723,-7,-3,0
IMU,130157,52,745,721,-7,-3,0
IMU,130166,54,744,721,-7,-3,-1
IMU,130176,55,746,719,-7,-3,-1
IMU,130186,48,747,719,-7,-3,-1
IMU,130196,41,749,719,-7,-3,-1
IMU,130206,41,752,726,-7,-3,0
IMU,130215,42,754,724,-7,-3,0
IMU,130225,42,755,725,-7,-3,0
IMU,130235,44,753,720,-7,-3,0
IMU,130245,47,755,723,-7,-3,-1
IMU,130254,48,754,721,-6,-3,-1
IMU,130264,49,753,724,-6,-3,-1
IMU,130274,51,750,722,-6,-2,-1
IMU,130284,49,747,720,-6,-2,-1
IMU,130293,48,741,717,-6,-2,-1
IMU,130303,39,735,722,-6,-3,-1
IMU,130313,32,729,721,-6,-3,-1
IMU,130323,32,732,717,-7,-3,-1
IMU,130333,35,733,720,-7,-3,-1
IMU,130342,38,741,723,-7,-3,-1
IMU,130352,36,748,722,-7,-3,-1
IMU,130362,32,752,728,-7,-3,-1
IMU,130372,34,756,723,-7,-3,-1
IMU,130381,39,754,731,-7,-3,0
IMU,130391,46,757,741,-7,-3,0
IMU,130401,53,753,740,-7,-4,0
IMU,130411,55,762,740,-7,-4,0
IMU,130420,47,762,731,-7,-4,0
IMU,130430,54,763,740,-7,-4,0
IMU,130440,51,758,734,-7,-4,0
IMU,130450,46,757,741,-7,-4,0
IMU,130459,39,753,726,-7,-5,0
IMU,130469,26,758,735,-7,-5,0
IMU,130479,28,764,718,-7,-5,0
IMU,130489,23,759,727,-7,-5,1
IMU,130499,29,755,722,-7,-5,1
IMU,130508,37,756,733,-7,-5,1
IMU,130518,34,755,725,-7,-5,1
IMU,130528,37,751,742,-7,-5,1
IMU,130538,42,753,736,-7,-5,1
IMU,130547,41,756,742,-7,-6,1
IMU,130557,49,754,730,-7,-6,2
IMU,130567,47,759,736,-7,-6,2
IMU,130577,43,755,732,-7,-6,1
IMU,130586,38,750,743,-7,-6,2
IMU,130596,42,753,739,-7,-6,2
IMU,130606,47,758,743,-7,-6,1
IMU,130617,46,754,732,-7,-6,1
IMU,130625,47,750,733,-7,-5,1
IMU,130636,43,749,731,-6,-6,1
IMU,130645,50,747,729,-7,-6,2
IMU,130655,46,740,730,-7,-6,2
IMU,130666,45,740,724,-7,-6,2
IMU,130674,41,741,715,-7,-6,2
IMU,130684,45,745,727,-7,-6,2
IMU,130695,50,740,715,-7,-6,2
IMU,130704,46,746,728,-7,-6,2
IMU,130713,46,739,713,-7,-6,2
IMU,130723,35,740,737,-7,-6,2
IMU,130733,35,734,719,-7,-6,2
IMU,130743,42,737,730,-7,-7,2
IMU,130752,47,741,718,-7,-7,2
IMU,130762,47,745,723,-7,-7,3
IMU,130772,48,746,718,-7,-7,3
IMU,130782,55,747,726,-7,-7,3
IMU,130791,56,745,722,-7,-7,3
IMU,130801,62,751,718,-7,-7,3
IMU,130811,55,743,718,-7,-7,2
IMU,130821,64,750,714,-7,-6,2
IMU,130831,63,747,718,-7,-6,1
IMU,130840,52,743,718,-7,-6,1
IMU,130850,57,738,711,-7,-6,1
IMU,130860,49,745,715,-7,-6,1
IMU,130870,45,746,712,-7,-6,1
IMU,130879,45,745,712,-7,-5,1
IMU,130889,38,750,714,-7,-6,1
IMU,130899,45,745,709,-7,-6,1
IMU,130909,49,745,713,-7,-6,1
IMU,130918,53,744,709,-7,-5,1
IMU,130928,46,746,717,-7,-6,1
IMU,130938,46,744,711,-7,-5,1
IMU,130948,45,759,713,-7,-5,1
IMU,130958,57,761,700,-7,-5,1
IMU,130967,56,758,711,-7,-5,1
IMU,130977,48,755,706,-7,-5,0
IMU,130987,44,763,711,-7,-5,1
IMU,130997,37,760,709,-7,-5,1
IMU,131006,45,768,709,-8,-6,1
IMU,131016,46,765,694,-7,-6,2
IMU,131026,41,775,699,-8,-6,2
IMU,131036,45,773,693,-7,-6,2
IMU,131045,44,776,700,-8,-6,2
IMU,131055,55,779,688,-8,-7,3
IMU,131065,61,788,690,-8,-7,3
IMU,131075,56,789,693,-8,-7,3
IMU,131084,56,794,694,-8,-7,3
IMU,131094,66,797,687,-8,-7,3
IMU,131104,68,799,689,-8,-7,3
IMU,131114,69,798,686,-8,-7,3
IMU,131124,70,797,688,-8,-7,2
IMU,131133,69,799,690,-8,-7,2
IMU,131143,71,802,684,-7,-7,2
IMU,131153,74,809,687,-7,-7,2
IMU,131163,80,812,670,-8,-6,2
IMU,131172,81,817,673,-7,-6,1
IMU,131182,79,818,666,-7,-6,1
IMU,131192,71,816,677,-7,-5,1
IMU,131202,70,810,674,-7,-5,1
IMU,131211,76,809,678,-7,-5,0
IMU,131221,79,811,674,-7,-5,0
IMU,131231,73,808,677,-7,-4,0
IMU,131241,126,808,707,-6,-4,0
IMU,131250,54,817,636,-7,-1,-3
IMU,131260,72,817,643,-6,-3,-1
IMU,131270,72,823,666,-7,-4,0
IMU,131280,42,836,639,-6,-3,-1
IMU,131290,95,827,618,-7,-4,0
IMU,131299,104,839,653,-6,-3,-1
IMU,131309,53,837,633,-6,-3,-2
IMU,131320,75,838,639,-6,-2,-2
IMU,131329,54,831,630,-6,-2,-2
IMU,131339,61,835,643,-6,-3,-2
IMU,131349,91,836,639,-6,-2,-3
IMU,131358,47,830,629,-6,-1,-3
IMU,131369,55,827,635,-6,-2,-3
IMU,131377,60,829,656,-6,-1,-3
IMU,131387,34,805,653,-5,-2,-3
IMU,131397,32,830,685,-7,-1,-4
IMU,131407,96,796,657,-5,0,-4
IMU,131416,19,816,701,-6,0,-5
IMU,131426,61,797,678,-4,0,-6
IMU,131436,56,828,701,-6,1,-7
IMU,131446,22,812,641,-4,2,-7
IMU,131456,118,831,705,-6,1,-7
IMU,131465,126,822,662,-3,5,-11
IMU,131475,95,821,670,-4,7,-14
IMU,131485,125,809,665,-2,9,-16
IMU,131495,24,817,681,-3,11,-17
IMU,131504,-29,798,612,-2,8,-15
IMU,131514,107,779,701,-4,9,-16
IMU,131524,-11,755,685,-3,7,-14
IMU,131534,-21,769,698,-5,5,-13
IMU,131543,-15,757,677,-3,3,-10
IMU,131553,-101,763,704,-6,1,-7
IMU,131563,72,756,725,-5,0,-6
IMU,131573,122,740,732,-5,2,-8
IMU,131583,45,730,758,-3,4,-10
IMU,131592,36,728,746,-5,4,-10
IMU,131602,-13,732,749,-3,2,-8
IMU,131612,-29,738,746,-5,0,-6
IMU,131622,89,735,741,-4,-2,-4
IMU,131631,130,744,752,-6,0,-5
IMU,131641,66,746,731,-4,0,-6
IMU,131651,41,739,726,-5,0,-6
IMU,131661,-28,741,707,-5,0,-5
IMU,131670,-14,736,718,-6,-3,-3
IMU,131680,51,737,732,-5,-4,-2
IMU,131690,32,732,740,-6,-3,-2
IMU,131700,26,729,745,-5,-3,-2
IMU,131709,11,725,749,-6,-3,-2
IMU,131719,-14,722,753,-6,-4,-1
IMU,131729,-2,715,748,-6,-5,0
IMU,131739,10,710,749,-6,-5,0
IMU,131749,-3,709,742,-7,-5,0
IMU,131758,8,711,752,-6,-6,0
IMU,131768,1,711,759,-7,-6,0
IMU,131778,-13,721,758,-6,-5,0
IMU,131788,12,714,741,-6,-5,0
IMU,131797,3,709,779,-6,-5,0
IMU,131807,1,712,755,-7,-5,0
IMU,131817,6,695,782,-6,-6,0
IMU,131827,-4,693,803,-7,-6,0
IMU,131837,-7,682,786,-6,-6,1
IMU,131846,1,682,799,-7,-6,1
IMU,131856,-9,678,788,-7,-5,0
IMU,131867,0,682,775,-6,-6,1
IMU,131875,11,686,785,-6,-5,1
IMU,131886,0,675,777,-6,-5,0
IMU,131895,-5,677,782,-7,-6,1
IMU,131905,0,669,786,-7,-6,2
IMU,131915,-7,670,781,-7,-7,2
IMU,131924,6,669,773,-7,-8,4
IMU,131934,13,678,784,-8,-8,4
IMU,131944,8,686,765,-8,-9,5
IMU,131954,10,691,772,-8,-10,5
IMU,131963,7,694,769,-8,-10,5
IMU,131973,4,701,776,-8,-10,6
IMU,131983,3,701,782,-8,-10,6
IMU,131993,-2,697,792,-8,-10,6
IMU,132002,0,701,802,-8,-10,7
IMU,132012,0,707,803,-8,-11,7
IMU,132022,7,707,800,-8,-11,7
IMU,132032,15,707,814,-8,-10,6
IMU,132041,17,712,804,-7,-10,6
IMU,132051,6,718,801,-7,-9,6
IMU,132061,-8,716,792,-7,-9,6
IMU,132071,3,714,795,-7,-9,5
IMU,132081,5,706,797,-6,-8,5
IMU,132090,0,695,798,-7,-7,4
IMU,132100,-7,685,792,-6,-7,3
IMU,132110,-23,680,791,-7,-6,3
IMU,132120,-16,676,793,-7,-6,3
IMU,132129,-2,678,793,-7,-6,3
IMU,132139,5,685,780,-7,-5,2
IMU,132149,9,696,771,-7,-5,2
IMU,132159,7,702,761,-7,-5,2
IMU,132168,12,715,766,-7,-6,3
IMU,132178,11,725,767,-7,-6,3
IMU,132188,22,735,771,-7,-7,4
IMU,132198,22,742,775,-7,-7,4
IMU,132208,14,743,784,-7,-7,4
IMU,132217,18,751,784,-7,-7,4
IMU,132227,23,756,786,-7,-7,4
IMU,132237,29,757,793,-6,-7,4
IMU,132247,29,755,792,-6,-6,3
IMU,132256,29,747,797,-6,-6,3
IMU,132266,42,736,790,-6,-6,3
IMU,132276,52,728,787,-6,-5,2
IMU,132286,46,723,774,-5,-5,2
IMU,132295,33,720,770,-5,-5,2
IMU,132305,36,720,763,-6,-5,2
IMU,132315,43,719,764,-6,-5,1
IMU,132325,54,715,752,-6,-4,0
IMU,132334,36,710,747,-5,-3,0
IMU,132344,15,707,748,-5,-3,0
IMU,132354,-5,710,746,-6,-3,0
IMU,132364,7,711,748,-6,-4,0
IMU,132374,21,716,747,-6,-4,0
IMU,132383,34,723,742,-6,-4,0
IMU,132393,28,725,741,-6,-4,1
IMU,132403,31,732,738,-6,-4,1
IMU,132413,33,739,734,-7,-5,1
IMU,132422,40,746,743,-7,-5,2
IMU,132432,51,743,734,-7,-5,2
IMU,132442,56,746,742,-6,-6,2
IMU,132452,47,746,725,-7,-6,2
IMU,132461,47,749,737,-6,-6,3
IMU,132471,44,747,731,-7,-7,3
IMU,132481,44,738,733,-7,-7,4
IMU,132491,54,735,734,-7,-8,4
IMU,132500,50,740,734,-7,-8,4
IMU,132510,51,747,732,-7,-8,4
IMU,132520,40,747,720,-7,-7,4
IMU,132530,60,750,715,-7,-7,4
IMU,132540,59,749,704,-6,-6,3
IMU,132549,56,737,704,-6,-6,2
IMU,132559,64,734,703,-6,-6,2
IMU,132569,50,741,705,-6,-5,2
IMU,132579,58,734,699,-6,-5,1
IMU,132588,63,740,729,-7,-4,0
IMU,132598,59,742,715,-7,-3,0
IMU,132608,58,742,740,-7,-3,0
IMU,132618,19,741,722,-7,-2,-1
IMU,132627,1,795,684,-8,-3,0
IMU,132637,-44,766,590,-7,-6,2
IMU,132647,16,790,770,-7,-8,4
IMU,132657,-27,776,636,-7,-8,5
IMU,132666,54,760,783,-7,-9,6
IMU,132676,-19,759,692,-8,-9,6
IMU,132686,42,757,752,-7,-12,9
IMU,132696,66,752,743,-10,-11,9
IMU,132706,74,760,760,-7,-12,9
IMU,132715,153,742,754,-9,-9,6
IMU,132725,114,759,745,-6,-8,5
IMU,132735,100,753,724,-7,-7,3
IMU,132745,103,757,765,-5,-6,3
IMU,132754,84,731,730,-7,-6,2
IMU,132764,90,731,795,-5,-4,0
IMU,132774,82,717,728,-7,-3,-1
IMU,132784,79,731,774,-5,-2,-1
IMU,132793,61,726,708,-7,-1,-1
IMU,132803,19,745,718,-5,-2,-1
IMU,132813,61,733,681,-7,-2,-1
IMU,132823,60,740,705,-6,-1,-1
IMU,132833,65,729,681,-6,-2,-1
IMU,132842,50,738,711,-6,-2,-1
IMU,132852,10,737,689,-7,-4,0
IMU,132862,58,747,721,-7,-5,0
IMU,132872,73,742,701,-8,-4,0
IMU,132881,62,754,713,-7,-4,0
IMU,132891,52,758,702,-8,-4,0
IMU,132901,36,765,718,-7,-4,0
IMU,132911,50,760,712,-8,-5,1
IMU,132920,74,758,732,-7,-5,1
IMU,132930,63,753,731,-7,-5,1
IMU,132940,64,755,735,-6,-5,1
IMU,132950,67,755,729,-7,-5,1
IMU,132959,72,755,729,-6,-5,0
IMU,132969,88,750,726,-7,-5,0
IMU,132979,80,751,715,-6,-4,0
IMU,132989,51,752,701,-7,-4,0
IMU,132999,49,752,698,-6,-4,0
IMU,133008,39,747,696,-7,-4,0
IMU,133018,44,747,701,-7,-5,0
IMU,133028,46,744,704,-7,-5,0
IMU,133038,31,747,710,-7,-5,0
IMU,133047,40,746,710,-8,-5,1
IMU,133057,48,749,719,-7,-6,1
IMU,133067,57,751,720,-8,-6,1
IMU,133077,67,760,730,-7,-6,1
IMU,133086,68,762,722,-8,-5,0
IMU,133096,63,766,730,-7,-5,0
IMU,133106,66,764,725,-7,-4,0
IMU,133116,58,767,732,-7,-4,0
IMU,133125,56,763,723,-7,-4,0
IMU,133135,56,767,730,-6,-4,-1
IMU,133145,45,764,726,-7,-3,-1
IMU,133155,39,765,731,-6,-4,-1
IMU,133165,46,761,725,-6,-4,0
IMU,133174,42,761,730,-6,-4,0
IMU,133184,50,755,728,-7,-4,0
IMU,133194,52,757,739,-6,-4,0
IMU,133204,54,753,731,-6,-4,0
IMU,133213,56,756,733,-6,-4,0
IMU,133223,53,754,726,-6,-4,-1
IMU,133233,51,756,728,-6,-4,0
IMU,133243,51,754,725,-6,-4,0
IMU,133252,48,755,729,-6,-4,0
IMU,133262,49,753,723,-7,-4,0
IMU,133272,50,756,731,-7,-4,0
IMU,133282,45,756,726,-7,-5,0
IMU,133291,47,759,730,-7,-5,0
IMU,133301,49,756,727,-7,-5,0
IMU,133311,49,756,739,-7,-5,0
IMU,133321,52,755,738,-6,-5,0
IMU,133331,56,755,740,-6,-5,0
IMU,133340,62,757,737,-6,-5,0
IMU,133350,63,759,736,-6,-4,0
IMU,133360,58,759,727,-6,-4,0
IMU,133370,51,762,726,-6,-4,0
IMU,133379,45,760,717,-6,-5,0
IMU,133389,42,762,725,-6,-5,0
IMU,133399,48,758,721,-6,-5,0
IMU,133409,50,756,730,-6,-5,0
IMU,133418,50,752,723,-6,-5,0
IMU,133428,51,750,726,-6,-4,0
IMU,133438,56,746,726,-6,-4,0
IMU,133448,63,747,728,-6,-4,0
IMU,133458,63,744,727,-6,-3,-1
IMU,133467,62,744,727,-6,-3,-1
IMU,133477,58,742,725,-6,-3,-1
IMU,133487,60,744,724,-6,-3,-1
IMU,133497,57,744,721,-6,-3,-1
IMU,133506,49,744,720,-6,-3,-1
IMU,133516,39,742,723,-6,-4,0
IMU,133526,42,741,725,-7,-4,0
IMU,133536,46,739,721,-6,-4,0
IMU,133545,52,741,726,-7,-4,0
IMU,133555,51,737,720,-6,-4,0
IMU,133565,48,736,727,-7,-4,0
IMU,133575,45,735,726,-6,-4,0
IMU,133584,46,736,729,-7,-4,0
IMU,133594,50,744,729,-7,-4,0
IMU,133604,51,742,720,-7,-4,-1
IMU,133614,48,745,723,-7,-4,-1
IMU,133624,40,748,721,-7,-3,-1
IMU,133633,44,736,726,-6,-3,-1
IMU,133643,48,734,742,-7,-3,-2
IMU,133653,49,741,735,-6,-3,-2
IMU,133663,52,739,740,-7,-2,-2
IMU,133672,42,738,718,-6,-2,-2
IMU,133682,42,747,724,-7,-2,-2
IMU,133692,45,747,719,-6,-2,-2
IMU,133702,45,746,725,-7,-2,-2
IMU,133711,45,746,728,-6,-2,-2
IMU,133721,43,750,738,-7,-2,-2
IMU,133731,44,758,731,-7,-3,-2
IMU,133741,45,756,723,-7,-2,-2
IMU,133750,45,758,723,-7,-3,-2
IMU,133760,45,752,729,-7,-3,-2
IMU,133770,41,748,752,-6,-3,-2
IMU,133780,44,754,729,-7,-3,-2
IMU,133790,44,756,729,-6,-3,-2
IMU,133799,32,751,722,-7,-3,-1
IMU,133809,40,747,728,-6,-3,-1
IMU,133819,38,753,731,-7,-3,-1
IMU,133829,33,754,737,-6,-3,-1
IMU,133838,30,748,721,-7,-3,-1
IMU,133848,22,753,732,-6,-3,-1
IMU,133858,34,747,712,-7,-4,0
IMU,133868,39,752,739,-6,-4,0
IMU,133877,48,742,721,-7,-4,-1
IMU,133888,46,754,734,-7,-3,-1
IMU,133897,43,745,725,-6,-3,-1
IMU,133908,41,747,734,-7,-3,-1
IMU,133916,41,740,728,-7,-4,-1
IMU,133926,37,748,734,-7,-4,0
IMU,133936,40,753,715,-7,-4,0
IMU,133946,34,759,723,-7,-4,0
IMU,133956,31,757,715,-7,-4,0
IMU,133965,34,757,720,-7,-5,0
IMU,133975,38,762,717,-7,-5,0
IMU,133985,38,754,724,-7,-5,1
IMU,133995,42,751,723,-7,-5,1
IMU,134004,45,758,725,-7,-6,1
IMU,134014,50,758,718,-7,-6,1
IMU,134024,52,755,730,-7,-6,1
IMU,134034,49,750,719,-7,-6,1
IMU,134043,53,758,730,-7,-6,1
IMU,134053,48,754,721,-7,-6,1
IMU,134063,41,758,718,-7,-6,1
IMU,134073,41,758,707,-7,-6,2
IMU,134083,44,761,711,-7,-6,2
IMU,134092,53,762,721,-7,-7,2
IMU,134102,51,760,713,-7,-7,2
IMU,134112,48,752,711,-7,-7,3
IMU,134122,47,754,712,-7,-7,3
IMU,134131,45,755,704,-7,-8,3
IMU,134141,53,758,710,-7,-8,3
IMU,134151,55,759,706,-7,-8,3
IMU,134161,48,765,701,-7,-8,3
IMU,134170,37,758,692,-7,-8,3
IMU,134180,31,755,704,-7,-8,4
IMU,134190,48,763,696,-7,-9,4
IMU,134200,47,764,695,-8,-8,4
IMU,134209,46,765,691,-7,-8,4
IMU,134219,39,763,699,-8,-8,4
IMU,134229,34,768,694,-7,-8,4
IMU,134239,44,765,695,-8,-8,4
IMU,134249,46,768,692,-7,-8,4
IMU,134259,43,770,693,-8,-8,3
IMU,134269,37,772,691,-7,-8,3
IMU,134278,33,780,688,-8,-8,4
IMU,134289,43,778,680,-8,-8,4
IMU,134297,40,784,688,-8,-8,4
IMU,134307,41,783,679,-7,-8,4
IMU,134318,42,786,687,-8,-8,4
IMU,134327,56,785,678,-7,-8,4
IMU,134337,54,788,688,-8,-8,3
IMU,134347,50,787,678,-7,-8,3
IMU,134356,52,787,694,-8,-7,3
IMU,134366,55,786,676,-7,-7,3
IMU,134375,55,797,681,-8,-7,3
IMU,134385,64,797,670,-7,-7,3
IMU,134395,70,805,673,-8,-7,2
IMU,134405,67,804,662,-7,-6,2
IMU,134415,67,803,668,-7,-6,2
IMU,134424,70,800,668,-7,-6,2
IMU,134434,79,811,661,-7,-6,2
IMU,134444,72,809,656,-7,-6,2
IMU,134454,65,809,655,-8,-6,2
IMU,134463,67,809,654,-7,-6,2
IMU,134473,73,817,645,-8,-6,2
IMU,134483,79,827,643,-8,-6,2
IMU,134493,89,835,637,-8,-6,2
IMU,134502,96,841,643,-7,-6,1
IMU,134512,89,841,630,-7,-5,1
IMU,134522,138,822,675,-7,-5,1
IMU,134532,90,834,664,-7,-3,-1
IMU,134541,52,807,615,-6,-4,0
IMU,134551,82,817,668,-8,-5,0
IMU,134561,46,819,639,-6,-4,0
IMU,134571,83,819,637,-8,-5,0
IMU,134581,116,806,617,-6,-4,0
IMU,134590,40,813,644,-7,-4,0
IMU,134600,90,808,678,-6,-4,0
IMU,134610,92,820,630,-8,-4,0
IMU,134620,85,819,675,-4,-3,-1
IMU,134629,65,804,618,-9,-3,-2
IMU,134639,74,847,676,-4,-2,-3
IMU,134649,103,824,624,-8,-2,-3
IMU,134659,79,863,680,-4,-3,-2
IMU,134668,130,834,603,-8,-2,-3
IMU,134678,108,860,687,-5,-1,-4
IMU,134688,83,832,605,-7,-1,-4
IMU,134698,103,865,711,-5,-1,-4
IMU,134708,109,825,601,-6,0,-6
IMU,134717,115,846,707,-5,0,-7
IMU,134727,129,826,631,-5,2,-9
IMU,134737,74,842,695,-4,3,-9
IMU,134747,73,811,635,-5,3,-10
IMU,134756,132,823,729,-4,3,-10
IMU,134766,85,779,704,-4,5,-12
IMU,134776,9,780,741,-4,4,-11
IMU,134787,-36,765,691,-5,1,-9
IMU,134795,-66,778,737,-5,-1,-6
IMU,134806,41,757,745,-5,-3,-4
IMU,134815,114,755,800,-5,-1,-5
IMU,134825,100,723,779,-4,0,-7
IMU,134835,31,717,826,-4,3,-9
IMU,134844,-28,707,771,-4,1,-8
IMU,134854,-47,723,772,-5,0,-6
IMU,134864,46,722,747,-5,-1,-5
IMU,134874,124,746,758,-5,0,-6
IMU,134883,110,739,739,-5,1,-8
IMU,134893,67,733,772,-4,1,-8
IMU,134903,4,726,743,-5,0,-8
IMU,134913,-41,737,758,-4,-1,-6
IMU,134922,-12,723,759,-5,-2,-4
IMU,134932,19,721,781,-5,-2,-4
IMU,134942,22,711,765,-5,-1,-4
IMU,134952,4,715,783,-5,0,-5
IMU,134961,-12,718,763,-5,-1,-4
IMU,134971,8,734,757,-5,-2,-2
IMU,134981,23,727,758,-5,-3,-1
IMU,134991,52,734,768,-6,-4,-1
IMU,135000,65,734,755,-5,-4,-1
IMU,135010,60,711,767,-5,-3,-2
IMU,135020,64,693,763,-5,-4,-2
IMU,135030,44,688,777,-5,-4,-2
IMU,135040,18,697,801,-6,-4,-1
IMU,135049,5,685,759,-5,-4,0
IMU,135059,12,680,759,-6,-5,0
IMU,135069,25,682,754,-6,-5,0
IMU,135079,27,688,790,-6,-6,0
IMU,135088,17,677,768,-6,-7,1
IMU,135098,11,670,782,-7,-8,2
IMU,135108,26,656,780,-7,-9,3
IMU,135118,30,657,812,-7,-9,3
IMU,135127,32,650,805,-7,-9,4
IMU,135137,22,651,787,-7,-9,4
IMU,135147,15,652,773,-7,-10,4
IMU,135157,7,662,780,-8,-11,5
IMU,135166,10,665,799,-7,-11,6
IMU,135176,10,673,793,-8,-11,6
IMU,135186,17,665,772,-8,-11,6
IMU,135196,28,681,791,-8,-11,6
IMU,135206,26,689,790,-8,-11,6
IMU,135215,22,688,795,-8,-12,7
IMU,135225,15,688,773,-8,-12,7
IMU,135235,30,703,780,-8,-12,7
IMU,135245,46,705,783,-7,-12,7
IMU,135254,33,706,788,-8,-11,6
IMU,135264,21,707,771,-7,-11,6
IMU,135274,18,705,783,-8,-11,5
IMU,135284,24,698,787,-8,-10,5
IMU,135293,19,692,788,-7,-9,4
IMU,135303,12,680,794,-7,-8,4
IMU,135313,-1,665,787,-7,-8,3
IMU,135323,-16,667,784,-7,-8,3
IMU,135333,-5,667,786,-7,-8,3
IMU,135342,-1,670,791,-7,-8,3
IMU,135352,7,676,782,-7,-8,3
IMU,135362,16,690,782,-7,-7,2
IMU,135372,18,703,780,-7,-7,2
IMU,135381,34,724,772,-4,-7,2
IMU,135391,40,742,863,-13,-6,1
IMU,135401,41,746,809,-3,-6,1
IMU,135411,33,734,689,-9,-5,0
IMU,135420,47,755,784,-6,-5,0
IMU,135430,49,744,761,-7,-5,0
IMU,135440,34,762,842,-4,-5,0
IMU,135450,30,731,748,-7,-4,-1
IMU,135459,62,764,870,-4,-3,-1
IMU,135469,78,724,764,-6,-2,-2
IMU,135479,37,744,832,-3,-1,-3
IMU,135489,41,708,712,-6,-1,-3
IMU,135499,-4,741,776,-4,-2,-3
IMU,135508,54,711,741,-5,-4,-2
IMU,135518,79,718,807,-4,-3,-3
IMU,135528,72,693,741,-5,-1,-4
IMU,135538,47,710,776,-4,0,-5
IMU,135547,8,698,719,-5,0,-4
IMU,135557,16,715,768,-5,-1,-4
IMU,135567,75,700,736,-5,-1,-4
IMU,135577,69,716,753,-5,0,-5
IMU,135586,47,708,726,-5,0,-5
IMU,135596,12,728,752,-6,0,-5
IMU,135606,24,724,731,-5,-2,-3
IMU,135616,42,736,744,-6,-3,-2
IMU,135625,49,734,730,-5,-3,-2
IMU,135635,37,733,744,-5,-3,-2
IMU,135645,33,732,740,-5,-2,-3
IMU,135655,35,733,733,-5,-3,-2
IMU,135665,45,734,732,-5,-3,-2
IMU,135674,52,738,729,-6,-3,-2
IMU,135684,45,739,726,-5,-3,-2
IMU,135694,32,741,715,-6,-3,-2
IMU,135704,23,745,704,-6,-4,-1
IMU,135713,28,745,707,-6,-4,-1
IMU,135723,35,742,706,-6,-5,0
IMU,135733,44,743,712,-6,-5,0
IMU,135743,44,749,700,-6,-5,0
IMU,135752,45,755,714,-6,-4,0
IMU,135762,56,752,707,-6,-4,-1
IMU,135772,46,754,718,-6,-3,-1
IMU,135782,32,751,703,-6,-3,-1
IMU,135791,28,752,712,-7,-4,-1
IMU,135801,30,752,709,-7,-5,0
IMU,135811,37,753,722,-7,-6,1
IMU,135821,31,745,722,-6,-7,1
IMU,135831,24,739,731,-7,-7,2
IMU,135840,41,734,742,-7,-8,3
IMU,135850,-86,776,689,-8,-8,3
IMU,135860,-15,767,675,-6,-12,7
IMU,135870,-8,786,719,-9,-11,7
IMU,135879,-16,790,637,-8,-13,9
IMU,135889,42,764,695,-9,-14,11
IMU,135899,-61,769,671,-9,-15,13
IMU,135909,25,743,727,-9,-18,15
IMU,135918,153,735,763,-9,-17,14
IMU,135928,82,756,729,-10,-16,12
IMU,135938,256,759,770,-7,-12,8
IMU,135948,123,761,743,-8,-7,3
IMU,135958,95,758,800,-6,-5,0
IMU,135967,118,735,769,-8,-3,-1
IMU,135977,31,741,813,-5,-2,-3
IMU,135987,66,724,766,-7,0,-5
IMU,135997,34,745,803,-5,0,-5
IMU,136006,-13,744,740,-6,0,-6
IMU,136016,41,744,761,-4,0,-6
IMU,136026,10,722,695,-6,0,-5
IMU,136036,-32,740,734,-5,-1,-3
IMU,136045,-8,722,672,-7,-2,-2
IMU,136055,-47,733,702,-6,-4,0
IMU,136065,22,708,648,-8,-7,3
IMU,136075,28,730,703,-7,-9,4
IMU,136084,26,729,678,-9,-11,6
IMU,136094,72,746,727,-8,-11,6
IMU,136104,71,735,671,-9,-10,6
IMU,136114,84,759,722,-9,-10,6
IMU,136124,103,757,697,-9,-10,5
IMU,136133,82,774,741,-8,-9,5
IMU,136143,100,755,710,-8,-9,4
IMU,136153,103,773,759,-8,-7,3
IMU,136163,76,766,721,-7,-7,2
IMU,136172,66,771,754,-7,-6,1
IMU,136182,39,761,708,-7,-6,1
IMU,136192,42,769,741,-7,-7,1
IMU,136202,52,761,726,-7,-6,1
IMU,136211,20,763,726,-7,-6,1
IMU,136221,25,755,708,-7,-6,1
IMU,136231,36,762,723,-7,-6,1
IMU,136241,34,755,703,-7,-6,2
IMU,136250,55,751,705,-7,-6,2
IMU,136260,56,753,699,-7,-6,2
IMU,136270,56,756,709,-7,-7,2
IMU,136280,85,752,703,-7,-7,2
IMU,136290,90,753,707,-7,-6,1
IMU,136299,90,754,711,-8,-6,1
IMU,136309,85,757,723,-7,-6,1
IMU,136319,57,754,711,-8,-6,1
IMU,136329,48,753,716,-8,-7,1
IMU,136338,58,760,718,-8,-7,2
IMU,136348,49,763,722,-8,-7,2
IMU,136358,53,763,719,-8,-8,3
IMU,136368,55,762,723,-8,-8,3
IMU,136377,64,761,732,-8,-9,3
IMU,136387,79,765,736,-8,-9,3
IMU,136397,84,770,738,-8,-8,3
IMU,136407,82,768,735,-7,-8,2
IMU,136416,84,768,732,-7,-7,2
IMU,136426,75,767,733,-7,-7,1
IMU,136436,71,768,724,-7,-7,1
IMU,136446,65,762,722,-7,-6,1
IMU,136456,58,760,722,-7,-7,1
IMU,136465,50,761,723,-7,-7,1
IMU,136475,47,759,722,-7,-7,1
IMU,136485,45,758,727,-7,-7,2
IMU,136495,53,756,731,-7,-7,2
IMU,136504,55,758,733,-7,-7,2
IMU,136514,64,762,729,-7,-6,1
IMU,136524,67,762,732,-7,-6,1
IMU,136534,70,762,731,-7,-6,0
IMU,136543,72,759,733,-7,-5,0
IMU,136553,70,760,739,-6,-4,0
IMU,136563,69,761,741,-6,-4,-1
IMU,136573,69,758,740,-6,-4,-1
IMU,136583,68,761,734,-6,-4,-1
IMU,136592,63,760,733,-6,-3,-1
IMU,136602,57,762,733,-6,-3,-1
IMU,136612,57,759,729,-6,-4,-1
IMU,136622,58,757,729,-6,-4,-1
IMU,136631,62,759,728,-6,-4,0
IMU,136641,67,757,725,-6,-4,0
IMU,136651,67,751,729,-6,-4,0
IMU,136661,72,746,723,-6,-4,0
IMU,136670,71,741,724,-6,-4,0
IMU,136680,72,741,721,-6,-4,0
IMU,136690,75,741,728,-6,-4,0
IMU,136700,67,739,716,-6,-5,0
IMU,136709,68,742,720,-6,-5,0
IMU,136719,65,748,716,-7,-5,0
IMU,136729,57,744,718,-7,-6,1
IMU,136739,56,741,718,-7,-7,2
IMU,136749,56,743,725,-7,-7,2
IMU,136758,52,745,720,-7,-8,2
IMU,136768,65,747,725,-7,-8,3
IMU,136778,72,746,722,-7,-7,2
IMU,136788,72,747,732,-7,-7,2
IMU,136797,75,747,728,-7,-6,1
IMU,136807,82,750,728,-6,-6,1
IMU,136817,84,754,724,-6,-5,0
IMU,136827,71,746,726,-6,-5,0
IMU,136836,71,740,732,-6,-5,0
IMU,136846,65,741,735,-6,-5,0
IMU,136856,61,745,742,-6,-5,0
IMU,136866,57,741,730,-6,-5,0
IMU,136875,54,739,728,-6,-5,0
IMU,136885,64,741,724,-6,-4,0
IMU,136895,65,746,731,-6,-4,-1
IMU,136905,69,739,732,-6,-4,-1
IMU,136915,69,735,737,-6,-3,-1
IMU,136924,68,736,724,-6,-3,-1
IMU,136934,75,742,734,-6,-3,-1
IMU,136944,73,735,715,-6,-3,-1
IMU,136954,64,733,732,-6,-4,-1
IMU,136963,64,726,727,-6,-4,-1
IMU,136973,64,737,745,-6,-4,-1
IMU,136983,69,735,717,-6,-4,0
IMU,136993,73,734,721,-7,-5,0
IMU,137002,69,738,715,-6,-5,0
IMU,137012,67,744,727,-7,-5,0
IMU,137022,68,735,729,-6,-5,0
IMU,137032,75,741,715,-7,-5,0
IMU,137041,75,746,723,-6,-5,0
IMU,137051,64,740,712,-7,-6,0
IMU,137061,62,735,718,-7,-6,0
IMU,137071,54,738,713,-7,-6,0
IMU,137081,55,744,715,-7,-6,0
IMU,137090,64,742,713,-7,-6,1
IMU,137100,63,745,713,-7,-7,1
IMU,137110,63,741,720,-7,-6,1
IMU,137120,60,741,717,-7,-6,1
IMU,137129,60,751,713,-7,-6,1
IMU,137139,66,755,712,-7,-6,1
IMU,137149,75,751,710,-7,-6,1
IMU,137159,72,748,720,-7,-6,0
IMU,137168,73,749,719,-7,-6,0
IMU,137178,75,752,715,-7,-6,0
IMU,137188,69,750,707,-7,-6,0
IMU,137198,68,753,716,-7,-6,0
IMU,137208,65,750,712,-8,-6,1
IMU,137217,69,757,702,-8,-6,1
IMU,137227,67,757,695,-8,-7,1
IMU,137237,62,751,713,-8,-7,2
IMU,137247,70,760,700,-8,-7,2
IMU,137256,74,758,720,-8,-7,2
IMU,137266,75,753,708,-8,-7,2
IMU,137276,75,751,709,-8,-7,2
IMU,137286,70,758,708,-8,-7,2
IMU,137295,70,762,709,-8,-8,2
IMU,137305,73,766,709,-8,-8,2
IMU,137315,67,765,714,-8,-8,2
IMU,137325,71,766,714,-8,-8,2
IMU,137334,74,767,716,-8,-8,2
IMU,137344,76,764,716,-8,-8,2
IMU,137354,75,761,723,-8,-8,2
IMU,137365,74,758,719,-8,-8,2
IMU,137374,74,761,726,-8,-8,2
IMU,137383,73,764,720,-8,-7,2
IMU,137394,72,764,714,-8,-7,2
IMU,137403,69,768,712,-8,-7,2
IMU,137414,74,773,715,-8,-7,1
IMU,137423,61,768,716,-8,-7,1
IMU,137432,72,772,705,-8,-7,1
IMU,137442,70,775,710,-8,-7,1
IMU,137452,68,775,715,-7,-6,1
IMU,137461,70,771,713,-8,-6,1
IMU,137471,66,771,710,-7,-6,1
IMU,137481,71,769,711,-8,-7,1
IMU,137491,78,777,725,-7,-7,1
IMU,137500,77,778,718,-8,-7,1
IMU,137510,78,781,720,-7,-6,1
IMU,137520,75,782,708,-8,-6,1
IMU,137530,73,784,709,-7,-6,1
IMU,137540,68,786,705,-7,-6,1
IMU,137549,76,784,707,-7,-6,0
IMU,137559,75,780,702,-7,-6,0
IMU,137569,73,786,721,-7,-5,0
IMU,137579,80,780,701,-7,-5,0
IMU,137588,76,786,707,-7,-5,0
IMU,137598,84,781,687,-7,-4,0
IMU,137608,86,793,699,-7,-4,-1
IMU,137618,92,793,684,-7,-3,-1
IMU,137627,87,799,688,-6,-3,-2
IMU,137637,94,799,678,-6,-2,-2
IMU,137647,85,809,670,-6,-2,-3
IMU,137657,79,809,667,-6,-2,-3
IMU,137666,79,811,671,-6,-2,-3
IMU,137676,79,817,666,-6,-2,-3
IMU,137686,86,822,654,-6,-2,-3
IMU,137696,87,825,654,-6,-2,-3
IMU,137706,89,824,649,-6,-1,-4
IMU,137715,87,824,653,-6,-1,-4
IMU,137725,94,821,654,-6,-1,-4
IMU,137735,89,827,648,-6,-1,-4
IMU,137745,87,826,638,-5,-1,-4
IMU,137754,87,828,633,-6,-1,-4
IMU,137764,79,828,633,-6,-1,-4
IMU,137774,88,825,635,-6,-1,-4
IMU,137784,93,829,627,-6,-1,-4
IMU,137793,102,830,626,-5,-1,-4
IMU,137803,88,828,618,-6,0,-4
IMU,137813,90,825,623,-5,-1,-4
IMU,137823,76,833,603,-6,0,-5
IMU,137833,260,795,689,-4,0,-5
IMU,137842,95,820,620,-7,3,-9
IMU,137852,75,814,614,-3,0,-7
IMU,137862,92,811,678,-7,0,-7
IMU,137872,58,838,647,-5,0,-7
IMU,137882,143,812,625,-6,-1,-5
IMU,137891,142,839,669,-5,2,-8
IMU,137901,2,824,578,-6,0,-6
IMU,137912,79,842,671,-6,-3,-3
IMU,137920,160,829,631,-6,-2,-4
IMU,137930,38,839,654,-5,-1,-4
IMU,137940,131,821,632,-5,0,-5
IMU,137950,176,838,673,-5,1,-7
IMU,137959,121,831,615,-5,3,-9
IMU,137969,128,839,682,-4,5,-11
IMU,137979,113,814,640,-4,8,-14
IMU,137989,90,815,690,-3,8,-15
IMU,137999,125,782,671,-4,9,-17
IMU,138008,75,782,709,-2,12,-20
IMU,138018,41,758,702,-3,12,-21
IMU,138028,81,760,773,-2,15,-23
IMU,138038,-9,733,735,-3,15,-24
IMU,138047,-94,731,767,-2,11,-20
IMU,138057,-77,741,743,-4,9,-19
IMU,138067,-30,737,759,-3,6,-15
IMU,138077,45,739,765,-4,5,-13
IMU,138086,8,746,792,-3,8,-16
IMU,138096,-67,744,704,-3,6,-14
IMU,138106,-13,759,790,-4,3,-11
IMU,138116,24,730,727,-4,2,-9
IMU,138125,35,734,785,-4,0,-8
IMU,138135,90,711,780,-4,1,-8
IMU,138145,42,737,780,-5,3,-9
IMU,138155,-40,727,751,-5,1,-8
IMU,138165,-46,723,749,-6,0,-6
IMU,138174,9,728,710,-5,-2,-4
IMU,138184,69,747,771,-5,-3,-3
IMU,138194,83,741,777,-5,-2,-4
IMU,138204,-7,742,756,-4,-1,-5
IMU,138213,-4,736,746,-5,-1,-4
IMU,138223,14,733,763,-5,-2,-4
IMU,138233,49,721,767,-5,-3,-4
IMU,138243,82,714,770,-5,-2,-4
IMU,138252,49,708,763,-5,-1,-5
IMU,138262,6,707,760,-5,-1,-5
IMU,138272,-34,701,757,-5,-1,-5
IMU,138282,-34,702,768,-5,-1,-4
IMU,138291,-14,690,747,-6,-2,-4
IMU,138301,-7,688,770,-5,-2,-3
IMU,138311,-11,682,793,-5,-2,-3
IMU,138321,-28,677,814,-5,-3,-2
IMU,138331,-27,662,782,-5,-4,-1
IMU,138340,-34,657,780,-5,-5,-1
IMU,138350,-21,641,779,-6,-5,0
IMU,138360,-22,646,811,-6,-6,0
IMU,138370,-26,642,775,-6,-7,1
IMU,138379,-30,654,763,-6,-8,2
IMU,138389,-38,650,743,-6,-9,3
IMU,138399,-8,646,792,-8,-10,4
IMU,138409,1,643,789,-7,-10,4
IMU,138418,-7,636,768,-8,-10,5
IMU,138428,-3,647,761,-7,-11,5
IMU,138438,-14,646,770,-9,-12,6
IMU,138448,-1,661,804,-8,-12,7
IMU,138458,29,669,797,-8,-12,7
IMU,138467,22,686,792,-8,-12,8
IMU,138477,6,684,765,-9,-13,8
IMU,138487,13,698,799,-8,-13,8
IMU,138497,0,704,788,-9,-13,8
IMU,138506,15,710,805,-7,-13,8
IMU,138516,29,712,781,-8,-13,7
IMU,138526,15,714,805,-7,-12,7
IMU,138536,18,705,789,-8,-11,6
IMU,138545,10,713,803,-7,-11,6
IMU,138555,28,698,779,-7,-10,5
IMU,138565,21,690,786,-7,-10,4
IMU,138575,26,675,771,-7,-9,4
IMU,138584,10,683,786,-6,-8,3
IMU,138594,8,683,754,-6,-8,3
IMU,138604,28,692,763,-7,-8,2
IMU,138614,24,701,739,-7,-7,1
IMU,138624,16,722,747,-7,-6,0
IMU,138633,-10,733,739,-7,-6,0
IMU,138643,-22,743,757,-7,-6,1
IMU,138653,-11,747,751,-7,-7,1
IMU,138663,-2,758,775,-7,-7,2
IMU,138672,7,755,784,-7,-7,2
IMU,138682,1,761,793,-7,-7,2
IMU,138692,7,755,777,-6,-7,2
IMU,138702,22,756,793,-7,-7,2
IMU,138711,36,750,786,-6,-7,2
IMU,138721,53,746,789,-6,-6,1
IMU,138731,57,735,780,-5,-5,0
IMU,138741,46,731,768,-6,-5,0
IMU,138750,42,730,762,-5,-5,0
IMU,138760,35,727,761,-6,-4,-1
IMU,138770,26,724,756,-5,-4,-1
IMU,138780,4,722,753,-3,-4,-1
IMU,138790,3,698,719,-9,-3,0
IMU,138799,6,724,788,-4,-4,0
IMU,138809,14,718,750,-9,-4,0
IMU,138819,24,727,743,-4,-6,0
IMU,138829,28,715,704,-8,-6,0
IMU,138838,47,722,747,-5,-6,0
IMU,138848,49,735,757,-8,-6,0
IMU,138858,51,728,751,-5,-5,0
IMU,138868,51,740,742,-8,-5,0
IMU,138877,38,748,748,-6,-5,0
IMU,138887,37,743,747,-8,-5,0
IMU,138897,48,744,755,-5,-6,0
IMU,138907,36,744,722,-7,-6,0
IMU,138916,46,749,733,-6,-6,1
IMU,138926,43,748,713,-8,-7,2
IMU,138936,38,768,738,-6,-7,2
IMU,138946,45,749,709,-7,-8,2
IMU,138956,52,751,721,-7,-8,3
IMU,138965,50,745,705,-7,-8,2
IMU,138975,42,749,731,-7,-8,3
IMU,138985,35,749,718,-7,-8,3
IMU,138995,42,756,712,-7,-8,3
IMU,139004,34,751,707,-7,-9,4
IMU,139014,33,757,728,-7,-8,3
IMU,139024,37,750,711,-7,-8,3
IMU,139034,27,754,728,-7,-8,3
IMU,139043,36,800,662,-8,-8,2
IMU,139053,113,759,687,-6,-7,2
IMU,139063,57,788,747,-9,-5,0
IMU,139073,59,745,708,-5,-4,-1
IMU,139083,49,755,749,-8,-5,-1
IMU,139092,-109,768,646,-6,-3,-2
IMU,139102,21,774,706,-8,-9,1
IMU,139112,42,777,755,-6,-5,0
IMU,139122,-58,768,691,-8,-4,-1
IMU,139131,17,770,728,-6,-3,-2
IMU,139141,-157,789,649,-8,-4,0
IMU,139151,-59,768,749,-7,-9,4
IMU,139161,19,768,699,-9,-9,4
IMU,139170,39,776,770,-6,-9,4
IMU,139180,68,771,710,-8,-8,3
IMU,139190,34,773,752,-6,-6,2
IMU,139200,11,754,718,-8,-7,2
IMU,139209,24,771,786,-5,-8,2
IMU,139219,69,726,676,-8,-9,3
IMU,139229,126,739,774,-6,-7,2
IMU,139239,42,742,729,-8,-5,0
IMU,139249,129,750,821,-5,-4,0
IMU,139258,95,715,722,-7,-1,-2
IMU,139268,99,725,727,-5,-3,-2
IMU,139278,133,739,733,-7,-2,-3
IMU,139288,70,750,747,-4,0,-5
IMU,139297,66,737,710,-6,-1,-4
IMU,139307,61,755,720,-5,-2,-4
IMU,139317,80,743,722,-6,3,-9
IMU,139327,39,737,713,-4,3,-10
IMU,139336,40,752,715,-5,5,-12
IMU,139346,-32,748,704,-4,5,-12
IMU,139356,-58,749,688,-6,2,-9
IMU,139366,-27,744,674,-6,0,-6
IMU,139375,16,757,675,-6,-2,-4
IMU,139385,7,755,678,-6,-4,-2
IMU,139395,21,769,716,-7,-4,-2
IMU,139405,-4,759,694,-7,-5,0
IMU,139415,38,763,699,-7,-5,0
IMU,139424,63,754,701,-7,-6,1
IMU,139434,76,764,723,-7,-5,0
IMU,139444,91,758,715,-7,-5,0
IMU,139454,95,764,715,-6,-3,-1
IMU,139463,75,761,703,-6,-3,-2
IMU,139473,78,758,722,-6,-3,-2
IMU,139483,52,758,715,-6,-3,-2
IMU,139493,42,755,698,-6,-4,-1
IMU,139502,22,752,689,-6,-4,-1
IMU,139512,4,753,697,-7,-5,0
IMU,139522,4,758,705,-7,-6,0
IMU,139532,1,758,698,-7,-6,0
IMU,139541,-2,759,686,-7,-7,1
IMU,139551,14,766,699,-8,-7,2
IMU,139561,26,774,719,-7,-7,2
IMU,139571,38,773,718,-7,-7,1
IMU,139581,44,769,713,-7,-6,1
IMU,139590,39,766,720,-7,-6,0
IMU,139601,31,767,741,-7,-5,0
IMU,139611,30,769,739,-7,-5,0
IMU,139620,25,764,726,-6,-5,0
IMU,139630,21,764,716,-7,-4,0
IMU,139639,11,769,726,-7,-5,0
IMU,139649,-1,764,731,-6,-5,0
IMU,139660,-4,760,727,-6,-6,1
IMU,139668,2,755,722,-7,-7,2
IMU,139678,23,755,735,-7,-8,3
IMU,139689,35,757,731,-7,-8,3
IMU,139698,29,758,735,-7,-8,3
IMU,139708,33,755,723,-7,-8,3
IMU,139717,37,757,736,-7,-8,3
IMU,139727,43,753,736,-7,-8,3
IMU,139737,41,752,735,-7,-8,3
IMU,139747,33,750,722,-7,-8,3
IMU,139756,27,755,725,-7,-8,3
IMU,139766,29,752,728,-7,-8,4
IMU,139776,29,753,732,-7,-9,4
IMU,139786,32,753,728,-7,-8,4
IMU,139795,30,755,732,-7,-8,4
IMU,139805,29,754,729,-7,-9,4
IMU,139815,25,756,733,-7,-8,4
IMU,139825,30,759,735,-7,-9,4
IMU,139834,40,761,741,-7,-9,4
IMU,139844,46,759,740,-7,-8,4
IMU,139854,46,761,738,-7,-8,3
IMU,139864,58,767,729,-7,-7,2
IMU,139874,58,765,732,-6,-7,2
IMU,139883,55,763,734,-6,-6,1
IMU,139893,47,753,737,-6,-6,1
IMU,139903,47,750,739,-6,-5,0
IMU,139913,47,748,730,-6,-5,0
IMU,139922,46,750,725,-6,-5,0
IMU,139932,41,750,716,-6,-5,0
IMU,139942,36,744,721,-6,-5,0
IMU,139952,34,739,724,-6,-5,0
IMU,139961,29,739,725,-6,-5,0
IMU,139971,30,741,728,-7,-6,0
IMU,139981,45,743,715,-7,-6,1
IMU,139991,49,746,714,-7,-6,1
IMU,140000,46,745,717,-6,-6,1
IMU,140010,50,746,722,-7,-6,1
IMU,140020,51,739,730,-7,-6,1
IMU,140030,64,745,729,-7,-6,0
IMU,140040,65,748,718,-7,-5,0
IMU,140049,56,746,724,-7,-5,0
IMU,140059,56,741,716,-6,-5,0
IMU,140069,58,743,729,-7,-5,0
IMU,140079,57,742,728,-6,-4,0
IMU,140088,50,739,736,-7,-5,0
IMU,140098,49,742,723,-6,-4,-1
IMU,140108,43,746,723,-7,-4,-1
IMU,140118,58,753,721,-7,-4,-1
IMU,140127,56,758,719,-7,-4,-1
IMU,140137,46,746,722,-6,-4,-1
IMU,140147,59,747,733,-7,-4,-2
IMU,140157,54,751,727,-6,-3,-2
IMU,140166,42,751,733,-7,-3,-2
IMU,140176,44,738,725,-6,-3,-2
IMU,140186,45,736,729,-7,-3,-2
IMU,140196,51,744,729,-6,-3,-2
IMU,140206,46,745,722,-7,-3,-2
IMU,140215,45,747,726,-6,-3,-2
IMU,140225,39,749,722,-7,-3,-2
IMU,140235,45,751,732,-7,-3,-2
IMU,140245,47,754,711,-7,-3,-2
IMU,140254,44,747,720,-6,-3,-2
IMU,140264,56,751,711,-7,-3,-2
IMU,140274,45,754,716,-6,-2,-3
SPM,132156,0.00
SPM,135178,31.16
SPM,138206,31.70
SPM,141223,32.08
SPM,144244,32.35
SPM,147269,32.53
