Type,Millis,Lat,Lon,Speed_kmh,Dist_m,Sats,HDOP,Alt_m,Course_deg
GPS,71904,59.416991,17.982085,0.00,0.06,14,0.80,15.50,0.00
GPS,72509,59.416991,17.982085,0.00,0.06,14,0.80,15.50,0.00
GPS,72910,59.416990,17.982085,0.00,0.12,14,0.80,15.40,0.00
GPS,73515,59.416990,17.982085,0.00,0.12,14,0.80,15.40,0.00
GPS,73916,59.416990,17.982084,0.00,0.20,14,0.80,15.20,0.00
GPS,74521,59.416990,17.982084,0.00,0.20,14,0.80,15.20,0.00
GPS,74921,59.416989,17.982084,0.00,0.26,14,0.80,15.10,0.00
GPS,75527,59.416989,17.982084,0.00,0.26,14,0.80,15.10,0.00
GPS,75917,59.416988,17.982083,0.00,0.39,14,0.80,14.90,0.00
GPS,76523,59.416988,17.982083,0.00,0.39,14,0.80,14.90,0.00
GPS,76933,59.416988,17.982091,0.00,0.58,14,0.80,14.80,0.00
GPS,77539,59.416988,17.982091,2.26,0.58,14,0.80,14.80,0.00
GPS,77939,59.416987,17.982102,2.26,1.14,14,0.80,14.50,0.00
GPS,78544,59.416987,17.982102,2.52,1.14,14,0.80,14.50,0.00
GPS,78935,59.416984,17.982111,2.52,1.78,14,0.80,14.50,0.00
GPS,79541,59.416984,17.982111,2.28,1.78,14,0.80,14.50,0.00
GPS,79941,59.416977,17.982113,2.28,2.28,14,0.80,14.40,0.00
GPS,80546,59.416977,17.982113,3.19,2.28,14,0.80,14.40,0.00
GPS,80937,59.416970,17.982101,3.19,2.64,14,0.80,14.30,0.00
GPS,81552,59.416970,17.982101,4.76,2.64,14,0.80,14.30,229.75
IMU,71533,-383,-154,970,-7,-3,0
IMU,71542,-384,-154,974,-7,-3,0
IMU,71552,-382,-156,976,-7,-3,0
IMU,71562,-384,-157,975,-7,-2,0
IMU,71572,-387,-156,973,-7,-3,0
IMU,71582,-387,-158,978,-7,-3,0
IMU,71591,-386,-155,971,-6,-3,0
IMU,71601,-386,-154,965,-6,-3,0
IMU,71611,-388,-150,967,-6,-4,0
IMU,71621,-390,-149,967,-6,-4,0
IMU,71630,-390,-148,970,-7,-5,0
IMU,71640,-390,-148,973,-7,-5,0
IMU,71650,-389,-152,976,-8,-5,-1
IMU,71660,-390,-157,975,-8,-6,-1
IMU,71669,-387,-160,980,-8,-6,-1
IMU,71679,-385,-159,975,-7,-6,-1
IMU,71689,-383,-161,973,-7,-6,-1
IMU,71699,-384,-159,970,-6,-6,-1
IMU,71708,-384,-159,968,-6,-6,0
IMU,71718,-386,-158,966,-6,-6,0
IMU,71728,-385,-155,971,-6,-7,0
IMU,71738,-382,-155,973,-7,-7,0
IMU,71748,-378,-158,979,-7,-7,0
IMU,71757,-382,-158,977,-7,-7,0
IMU,71767,-387,-160,973,-7,-7,0
IMU,71777,-389,-160,967,-7,-7,0
IMU,71787,-388,-164,967,-7,-7,0
IMU,71796,-390,-166,972,-7,-7,0
IMU,71806,-388,-171,975,-7,-7,0
IMU,71816,-388,-178,989,-6,-7,0
IMU,71826,-386,-184,997,-6,-6,0
IMU,71835,-388,-186,996,-4,-5,1
IMU,71845,-394,-181,995,-3,-5,1
IMU,71855,-396,-177,988,-2,-5,2
IMU,71865,-400,-172,988,-2,-5,2
IMU,71875,-404,-168,988,-1,-5,3
IMU,71884,-407,-171,992,-1,-6,4
IMU,71894,-402,-174,1000,-1,-6,6
IMU,71904,-396,-182,1000,0,-6,8
IMU,71914,-398,-184,999,0,-6,9
IMU,71923,-407,-191,997,2,-6,10
IMU,71933,-408,-183,987,4,-5,11
IMU,71943,-413,-172,974,5,-5,11
IMU,71953,-373,-101,1015,9,-4,4
IMU,71962,-410,-130,1004,14,1,-7
IMU,71972,-440,-172,921,11,2,-6
IMU,71982,-438,-171,951,8,-3,4
IMU,71992,-418,-132,947,6,-4,13
IMU,72001,-405,-90,950,5,-5,16
IMU,72011,-407,-61,929,2,-8,12
IMU,72021,-429,-25,820,-9,-18,5
IMU,72031,-430,-68,916,-12,-31,0
IMU,72041,-398,-139,967,-12,-37,1
IMU,72050,-366,-141,980,-9,-35,6
IMU,72060,-398,-123,913,-9,-34,8
IMU,72070,-386,-116,928,-11,-37,7
IMU,72080,-401,-127,952,-11,-37,7
IMU,72089,-394,-135,899,-11,-37,7
IMU,72099,-381,-151,935,-11,-37,9
IMU,72109,-371,-162,923,-10,-37,9
IMU,72119,-339,-162,964,-9,-37,9
IMU,72128,-325,-161,937,-8,-35,9
IMU,72138,-314,-155,950,-9,-34,8
IMU,72148,-313,-147,940,-10,-31,8
IMU,72158,-324,-147,957,-13,-30,8
IMU,72167,-335,-150,979,-14,-30,8
IMU,72177,-337,-152,999,-15,-31,8
IMU,72187,-326,-164,1033,-15,-31,9
IMU,72197,-316,-171,1053,-13,-30,11
IMU,72207,-310,-170,1066,-11,-30,11
IMU,72216,-302,-170,1070,-9,-29,11
IMU,72226,-304,-168,1064,-7,-29,11
IMU,72236,-304,-168,1070,-5,-29,9
IMU,72246,-304,-164,1079,-3,-30,8
IMU,72255,-299,-159,1080,-1,-29,7
IMU,72265,-307,-163,1074,1,-28,7
IMU,72275,-324,-163,1058,3,-26,7
IMU,72285,-339,-154,1035,5,-25,7
IMU,72294,-341,-137,1023,6,-24,7
IMU,72304,-330,-118,1020,5,-23,6
IMU,72314,-317,-101,1001,4,-22,5
IMU,72324,-311,-86,998,0,-19,4
IMU,72333,-304,-81,1000,-2,-15,4
IMU,72343,-308,-87,988,-5,-11,4
IMU,72353,-318,-98,992,-9,-9,4
IMU,72363,-320,-106,999,-11,-7,3
IMU,72373,-302,-114,997,-12,-5,3
IMU,72382,-287,-117,994,-13,-1,3
IMU,72392,-279,-118,996,-14,2,3
IMU,72402,-280,-118,991,-15,6,3
IMU,72412,-284,-114,987,-17,9,2
IMU,72421,-292,-113,984,-18,11,1
IMU,72431,-298,-118,991,-21,12,0
IMU,72441,-291,-123,997,-22,13,0
IMU,72451,-292,-137,1002,-23,13,-2
IMU,72460,-298,-152,1016,-24,14,-4
IMU,72470,-308,-167,1018,-23,15,-5
IMU,72480,-318,-175,1026,-22,15,-6
IMU,72490,-324,-177,1029,-20,15,-6
IMU,72500,-323,-183,1026,-18,14,-7
IMU,72509,-330,-183,1030,-16,14,-7
IMU,72519,-338,-175,1036,-14,14,-7
IMU,72529,-348,-169,1034,-12,14,-6
IMU,72539,-364,-163,1032,-11,13,-4
IMU,72548,-365,-159,1021,-11,12,-3
IMU,72558,-369,-158,1013,-11,9,-2
IMU,72568,-367,-165,1017,-11,7,-2
IMU,72578,-344,-170,1034,-11,4,-2
IMU,72587,-327,-164,1020,-10,3,-2
IMU,72597,-320,-166,1033,-8,2,-3
IMU,72607,-322,-158,1007,-7,1,-3
IMU,72617,-335,-155,1000,-6,0,-4
IMU,72626,-349,-156,990,-5,-1,-5
IMU,72636,-360,-153,973,-4,-4,-5
IMU,72646,-367,-152,972,-5,-7,-5
IMU,72656,-367,-153,975,-5,-8,-3
IMU,72666,-370,-163,980,-6,-9,-2
IMU,72675,-364,-166,990,-6,-8,0
IMU,72685,-364,-164,977,-6,-7,2
IMU,72695,-362,-161,977,-6,-8,4
IMU,72705,-358,-152,965,-6,-9,4
IMU,72714,-345,-149,966,-6,-11,5
IMU,72724,-324,-147,975,-7,-13,4
IMU,72734,-308,-151,984,-7,-14,2
IMU,72744,-302,-155,994,-7,-13,1
IMU,72753,-309,-157,997,-7,-12,0
IMU,72763,-326,-159,991,-7,-11,0
IMU,72773,-342,-164,989,-7,-11,-1
IMU,72783,-350,-168,986,-7,-12,-1
IMU,72792,-349,-166,984,-7,-12,-1
IMU,72802,-337,-165,990,-6,-11,0
IMU,72812,-321,-162,997,-6,-9,0
IMU,72822,-310,-159,997,-6,-8,0
IMU,72832,-309,-155,1003,-6,-7,0
IMU,72841,-311,-152,998,-7,-6,0
IMU,72851,-316,-152,1000,-7,-7,0
IMU,72861,-313,-155,1005,-8,-7,0
IMU,72871,-324,-159,1002,-8,-7,-1
IMU,72880,-334,-163,1017,-7,-8,-1
IMU,72890,-336,-167,1017,-7,-7,0
IMU,72900,-334,-173,1025,-6,-6,0
IMU,72910,-334,-174,1026,-5,-5,0
IMU,72919,-335,-173,1024,-4,-5,0
IMU,72929,-340,-172,1020,-3,-4,0
IMU,72939,-340,-168,1014,-3,-5,0
IMU,72949,-341,-164,1011,-2,-5,0
IMU,72958,-337,-161,1014,-2,-5,0
IMU,72968,-332,-158,1020,-2,-5,0
IMU,72978,-335,-153,1019,-2,-5,0
IMU,72988,-334,-157,1024,-2,-5,-1
IMU,72998,-335,-150,1018,-2,-4,-1
IMU,73007,-332,-146,1009,-1,-4,-1
IMU,73017,-329,-146,1006,-2,-4,-1
IMU,73027,-329,-150,1014,-1,-4,-1
IMU,73037,-331,-155,1027,-1,-3,-2
IMU,73046,-331,-147,1033,0,-3,-2
IMU,73056,-358,-164,1031,2,-2,-4
IMU,73066,-356,-158,1014,2,-5,-1
IMU,73076,-348,-155,1027,3,-6,0
IMU,73085,-335,-155,1022,4,-7,1
IMU,73095,-336,-138,1004,5,-7,2
IMU,73105,-329,-134,990,4,-8,2
IMU,73115,-323,-125,983,3,-9,2
IMU,73125,-320,-127,986,2,-10,1
IMU,73134,-315,-132,986,0,-9,1
IMU,73144,-317,-136,984,0,-8,0
IMU,73154,-329,-140,985,-2,-7,0
IMU,73164,-336,-141,973,-2,-7,0
IMU,73173,-337,-143,973,-3,-7,0
IMU,73183,-331,-141,969,-4,-6,0
IMU,73193,-323,-137,962,-5,-4,1
IMU,73203,-324,-141,973,-7,-2,1
IMU,73212,-323,-144,984,-9,-1,1
IMU,73222,-324,-150,984,-10,0,2
IMU,73232,-330,-152,991,-10,0,2
IMU,73242,-331,-152,986,-10,0,1
IMU,73251,-327,-151,981,-10,0,1
IMU,73261,-325,-152,986,-11,0,1
IMU,73271,-327,-152,983,-12,0,2
IMU,73281,-332,-158,988,-13,1,2
IMU,73291,-335,-163,994,-13,1,3
IMU,73300,-324,-164,1021,-13,0,3
IMU,73310,-320,-168,1025,-11,0,3
IMU,73320,-320,-169,1023,-9,0,2
IMU,73330,-319,-164,1014,-8,0,2
IMU,73339,-317,-151,997,-8,-1,1
IMU,73349,-326,-155,1002,-8,-1,1
IMU,73359,-337,-154,1006,-8,-3,0
IMU,73369,-340,-155,1013,-8,-4,0
IMU,73378,-338,-157,1024,-7,-4,1
IMU,73388,-339,-155,1022,-6,-3,2
IMU,73398,-343,-157,1021,-6,-3,3
IMU,73408,-344,-151,1015,-5,-3,4
IMU,73417,-339,-147,1011,-4,-4,4
IMU,73427,-331,-140,1000,-3,-4,4
IMU,73437,-322,-134,1000,-3,-5,3
IMU,73447,-314,-128,991,-4,-4,2
IMU,73457,-314,-130,991,-5,-4,0
IMU,73466,-316,-133,994,-6,-3,0
IMU,73476,-329,-134,992,-6,-3,-2
IMU,73486,-332,-140,1001,-6,-3,-3
IMU,73496,-333,-142,994,-6,-3,-4
IMU,73505,-332,-141,998,-6,-3,-4
IMU,73515,-327,-145,994,-6,-2,-4
IMU,73525,-330,-147,989,-6,-1,-4
IMU,73535,-339,-147,995,-6,0,-3
IMU,73544,-341,-146,993,-6,0,-3
IMU,73554,-340,-149,997,-7,0,-2
IMU,73564,-330,-147,1003,-7,0,-2
IMU,73574,-329,-150,1005,-7,-1,-2
IMU,73583,-333,-153,1013,-8,-1,-2
IMU,73593,-339,-156,1015,-8,-1,-2
IMU,73603,-344,-162,1027,-7,-1,-2
IMU,73613,-350,-166,1025,-6,-1,-1
IMU,73623,-350,-169,1026,-6,-2,-1
IMU,73632,-342,-168,1012,-5,-2,0
IMU,73642,-333,-171,1018,-4,-2,0
IMU,73652,-330,-168,1018,-3,-1,0
IMU,73662,-328,-160,1004,-3,0,0
IMU,73671,-331,-152,997,-3,0,0
IMU,73681,-336,-147,989,-3,0,0
IMU,73691,-342,-144,984,-4,0,0
IMU,73701,-342,-146,985,-5,0,0
IMU,73710,-341,-147,987,-5,0,0
IMU,73720,-343,-147,989,-5,0,0
IMU,73730,-345,-149,995,-5,1,0
IMU,73740,-345,-147,997,-4,0,0
IMU,73750,-346,-146,995,-4,0,0
IMU,73759,-348,-146,996,-4,0,0
IMU,73769,-351,-147,996,-4,0,0
IMU,73779,-349,-151,997,-4,0,0
IMU,73789,-349,-150,999,-3,-1,0
IMU,73798,-348,-151,995,-3,-2,0
IMU,73808,-346,-151,990,-2,-2,-1
IMU,73818,-343,-148,981,-2,-3,-1
IMU,73828,-344,-146,980,-3,-4,-2
IMU,73837,-343,-146,979,-3,-5,-2
IMU,73847,-346,-144,981,-3,-5,-2
IMU,73857,-347,-141,979,-4,-5,-3
IMU,73867,-347,-144,986,-5,-6,-3
IMU,73876,-347,-147,985,-6,-6,-2
IMU,73886,-348,-149,983,-6,-5,-2
IMU,73896,-353,-152,983,-6,-5,-1
IMU,73906,-349,-156,979,-7,-5,-1
IMU,73916,-339,-157,987,-7,-5,-1
IMU,73925,-333,-160,995,-7,-5,-1
IMU,73935,-335,-163,999,-6,-4,-1
IMU,73945,-341,-164,1001,-6,-4,0
IMU,73955,-343,-166,1010,-6,-5,0
IMU,73964,-342,-169,1015,-6,-5,0
IMU,73974,-345,-171,1016,-4,-4,1
IMU,73984,-349,-169,1005,-3,-4,2
IMU,73994,-351,-160,997,-3,-4,2
IMU,74003,-351,-152,990,-3,-5,2
IMU,74013,-345,-151,989,-4,-6,1
IMU,74023,-337,-150,990,-5,-6,0
IMU,74033,-337,-151,993,-5,-5,0
IMU,74042,-341,-149,989,-5,-3,0
IMU,74052,-349,-147,986,-6,-3,0
IMU,74062,-353,-145,988,-6,-3,0
IMU,74072,-351,-142,987,-6,-4,0
IMU,74082,-347,-138,984,-7,-5,0
IMU,74091,-342,-142,988,-7,-5,-1
IMU,74101,-338,-144,986,-8,-5,-1
IMU,74111,-339,-147,994,-9,-4,-1
IMU,74121,-348,-149,996,-8,-2,-1
IMU,74130,-356,-152,998,-8,-2,0
IMU,74140,-355,-151,987,-8,-2,0
IMU,74150,-351,-148,981,-8,-3,0
IMU,74160,-348,-151,986,-8,-3,0
IMU,74169,-345,-154,993,-9,-3,0
IMU,74179,-345,-162,1006,-8,-3,0
IMU,74189,-348,-162,1011,-8,-3,0
IMU,74199,-348,-162,1005,-8,-3,0
IMU,74208,-347,-161,998,-8,-3,0
IMU,74218,-345,-161,995,-7,-3,0
IMU,74228,-346,-161,994,-7,-3,0
IMU,74238,-348,-159,992,-6,-3,0
IMU,74248,-349,-156,992,-6,-4,0
IMU,74257,-348,-152,987,-6,-4,0
IMU,74267,-345,-149,983,-6,-5,0
IMU,74277,-341,-145,982,-6,-5,0
IMU,74288,-342,-143,977,-6,-6,0
IMU,74296,-341,-138,973,-6,-7,0
IMU,74307,-340,-138,977,-8,-10,-1
IMU,74316,-334,-142,985,-9,-11,-1
IMU,74326,-331,-149,994,-9,-12,-2
IMU,74336,-336,-163,1007,-9,-12,-2
IMU,74345,-339,-170,1009,-8,-13,-3
IMU,74355,-337,-170,1012,-7,-13,-3
IMU,74365,-334,-168,1003,-5,-13,-3
IMU,74375,-333,-166,1002,-4,-12,-3
IMU,74384,-334,-159,1000,-4,-11,-2
IMU,74394,-332,-155,1004,-4,-10,-2
IMU,74404,-332,-153,1008,-5,-9,-1
IMU,74414,-332,-153,1016,-5,-7,0
IMU,74423,-335,-154,1018,-6,-6,0
IMU,74433,-337,-157,1015,-6,-4,1
IMU,74443,-339,-159,1022,-6,-4,2
IMU,74453,-337,-160,1024,-6,-3,2
IMU,74462,-336,-164,1021,-5,-2,2
IMU,74472,-338,-165,1023,-4,-1,2
IMU,74482,-341,-159,1012,-4,0,2
IMU,74492,-342,-152,1010,-4,0,2
IMU,74501,-342,-148,1001,-5,1,2
IMU,74511,-340,-146,997,-5,1,1
IMU,74521,-339,-146,996,-6,2,1
IMU,74531,-342,-145,995,-6,2,0
IMU,74541,-340,-144,991,-6,2,0
IMU,74550,-338,-141,986,-6,2,0
IMU,74560,-339,-140,980,-6,2,0
IMU,74570,-340,-139,977,-7,1,0
IMU,74580,-342,-143,981,-7,1,0
IMU,74589,-341,-142,981,-8,0,0
IMU,74599,-342,-146,985,-8,0,-1
IMU,74609,-343,-150,988,-9,-1,-2
IMU,74619,-342,-156,990,-9,-2,-2
IMU,74628,-343,-160,991,-9,-3,-2
IMU,74638,-343,-169,998,-8,-4,-3
IMU,74648,-344,-170,996,-7,-4,-3
IMU,74658,-345,-170,994,-7,-4,-2
IMU,74667,-349,-170,993,-6,-4,-2
IMU,74677,-349,-166,990,-5,-4,-1
IMU,74687,-350,-160,985,-5,-4,0
IMU,74697,-350,-157,987,-5,-5,0
IMU,74707,-349,-153,984,-6,-5,0
IMU,74716,-345,-155,990,-7,-6,0
IMU,74726,-348,-162,1001,-7,-6,0
IMU,74736,-348,-171,1009,-7,-5,1
IMU,74746,-350,-175,1007,-6,-5,1
IMU,74755,-346,-176,1003,-5,-5,1
IMU,74765,-347,-174,997,-4,-6,1
IMU,74775,-347,-166,991,-3,-6,2
IMU,74785,-347,-160,990,-3,-6,1
IMU,74794,-344,-156,990,-4,-6,1
IMU,74804,-343,-151,988,-5,-5,1
IMU,74814,-341,-150,988,-6,-5,1
IMU,74824,-341,-149,991,-7,-5,0
IMU,74833,-342,-149,992,-7,-5,0
IMU,74843,-341,-151,990,-7,-5,0
IMU,74853,-342,-152,984,-7,-5,0
IMU,74863,-340,-150,989,-7,-5,0
IMU,74873,-339,-153,993,-7,-5,0
IMU,74882,-339,-153,999,-7,-5,-1
IMU,74892,-341,-151,997,-7,-5,0
IMU,74902,-342,-153,998,-8,-5,0
IMU,74912,-339,-154,992,-8,-5,0
IMU,74921,-339,-156,997,-8,-5,0
IMU,74931,-340,-161,1001,-8,-5,0
IMU,74941,-345,-162,1001,-7,-5,0
IMU,74951,-342,-164,1002,-7,-6,0
IMU,74960,-337,-165,1001,-7,-5,0
IMU,74970,-337,-166,1004,-6,-4,0
IMU,74980,-341,-166,1004,-6,-4,0
IMU,74990,-345,-165,1004,-6,-4,1
IMU,75000,-345,-167,1003,-5,-4,1
IMU,75009,-346,-167,1000,-5,-4,1
IMU,75019,-344,-161,993,-5,-4,1
IMU,75029,-343,-158,992,-5,-3,2
IMU,75039,-342,-158,993,-5,-3,2
IMU,75048,-343,-159,993,-6,-3,2
IMU,75058,-347,-158,991,-6,-4,1
IMU,75068,-348,-156,987,-6,-5,1
IMU,75078,-344,-155,988,-6,-5,0
IMU,75087,-339,-150,986,-6,-5,0
IMU,75097,-338,-154,982,-7,-5,0
IMU,75107,-338,-155,986,-7,-5,0
IMU,75117,-340,-158,985,-7,-5,0
IMU,75126,-342,-161,991,-7,-5,0
IMU,75136,-344,-164,990,-7,-5,0
IMU,75146,-337,-167,997,-7,-5,1
IMU,75156,-335,-166,996,-6,-5,1
IMU,75166,-337,-167,1001,-6,-4,1
IMU,75175,-340,-163,996,-5,-4,1
IMU,75185,-341,-156,996,-5,-5,1
IMU,75195,-341,-149,989,-5,-5,0
IMU,75205,-342,-144,986,-6,-6,0
IMU,75214,-341,-146,989,-7,-6,0
IMU,75224,-339,-150,992,-8,-7,0
IMU,75234,-337,-158,996,-8,-7,0
IMU,75244,-335,-163,1004,-8,-7,-1
IMU,75253,-338,-167,1002,-8,-7,-1
IMU,75263,-341,-167,1001,-7,-7,-1
IMU,75273,-337,-165,997,-7,-6,-1
IMU,75283,-339,-166,998,-6,-6,-1
IMU,75292,-341,-164,998,-5,-5,0
IMU,75302,-344,-160,996,-5,-4,0
IMU,75312,-345,-156,998,-6,-4,0
IMU,75322,-344,-152,999,-6,-4,0
IMU,75332,-341,-155,1001,-7,-4,0
IMU,75341,-341,-157,1002,-7,-4,1
IMU,75351,-344,-163,1012,-7,-4,1
IMU,75361,-342,-164,1010,-6,-4,1
IMU,75371,-343,-167,1010,-6,-4,1
IMU,75380,-342,-167,1007,-5,-5,0
IMU,75390,-342,-163,1003,-5,-5,1
IMU,75400,-341,-161,998,-5,-5,1
IMU,75410,-342,-162,996,-5,-5,1
IMU,75419,-338,-164,995,-5,-5,1
IMU,75429,-335,-164,991,-5,-5,1
IMU,75439,-336,-162,989,-5,-4,1
IMU,75449,-337,-159,987,-5,-4,0
IMU,75458,-334,-158,988,-5,-4,0
IMU,75468,-334,-157,991,-6,-4,0
IMU,75478,-334,-156,989,-6,-4,0
IMU,75488,-337,-156,986,-6,-4,1
IMU,75498,-335,-157,991,-7,-4,1
IMU,75507,-332,-159,994,-7,-4,1
IMU,75517,-333,-164,995,-7,-4,0
IMU,75527,-334,-166,998,-6,-5,0
IMU,75537,-333,-166,993,-6,-4,0
IMU,75546,-336,-162,989,-7,-4,0
IMU,75556,-337,-158,989,-7,-4,0
IMU,75566,-339,-159,987,-7,-5,0
IMU,75576,-339,-161,991,-8,-5,0
IMU,75585,-339,-159,988,-8,-5,0
IMU,75595,-338,-159,986,-8,-5,-1
IMU,75605,-338,-157,986,-8,-5,-1
IMU,75615,-338,-159,988,-8,-5,-1
IMU,75625,-340,-161,988,-8,-5,-1
IMU,75634,-338,-161,996,-9,-6,-1
IMU,75644,-340,-161,995,-9,-6,0
IMU,75654,-339,-163,993,-9,-6,0
IMU,75664,-342,-163,992,-8,-6,0
IMU,75673,-343,-164,993,-8,-6,0
IMU,75683,-345,-163,993,-8,-6,0
IMU,75693,-347,-161,993,-8,-7,0
IMU,75703,-346,-164,991,-8,-7,0
IMU,75712,-344,-164,995,-9,-7,0
IMU,75722,-348,-165,990,-9,-7,0
IMU,75732,-347,-166,990,-9,-7,0
IMU,75742,-345,-168,994,-10,-7,0
IMU,75751,-344,-168,993,-10,-7,0
IMU,75761,-350,-169,994,-10,-7,1
IMU,75771,-350,-176,989,-10,-7,1
IMU,75781,-353,-173,989,-9,-7,1
IMU,75791,-357,-173,990,-9,-7,1
IMU,75800,-359,-174,989,-9,-7,2
IMU,75810,-358,-174,988,-9,-7,2
IMU,75820,-355,-178,982,-10,-7,2
IMU,75830,-354,-178,989,-11,-7,2
IMU,75839,-352,-185,983,-12,-7,2
IMU,75849,-355,-189,984,-12,-6,1
IMU,75859,-361,-194,975,-13,-5,0
IMU,75869,-366,-194,975,-13,-4,0
IMU,75878,-370,-187,969,-13,-3,0
IMU,75888,-372,-180,967,-13,-1,0
IMU,75898,-376,-175,973,-14,0,1
IMU,75908,-378,-166,973,-14,0,1
IMU,75917,-370,-157,983,-15,0,1
IMU,75927,-366,-154,993,-16,1,0
IMU,75937,-359,-148,994,-16,2,-1
IMU,75947,-357,-145,990,-15,2,-1
IMU,75957,-355,-137,992,-14,3,-3
IMU,75966,-357,-127,985,-13,2,-4
IMU,75976,-356,-114,984,-13,0,-6
IMU,75986,-351,-98,989,-13,-2,-8
IMU,75996,-347,-80,994,-14,-3,-10
IMU,76005,-342,-65,1003,-15,-4,-12
IMU,76015,-337,-60,1007,-15,-5,-16
IMU,76025,-328,-62,1015,-14,-7,-19
IMU,76035,-323,-59,1028,-12,-6,-23
IMU,76044,-321,-51,1026,-8,-5,-27
IMU,76054,-321,-40,1027,-6,-5,-29
IMU,76064,-323,-25,1019,-3,-4,-29
IMU,76074,-329,-13,1011,-2,-3,-26
IMU,76083,-331,-9,1012,-1,-3,-23
IMU,76093,-336,1,1019,0,-2,-21
IMU,76103,-335,19,1020,0,-1,-19
IMU,76113,-328,24,1042,0,-1,-18
IMU,76123,-321,26,1054,0,-1,-17
IMU,76132,-324,27,1051,0,0,-17
IMU,76142,-335,24,1061,-2,-2,-17
IMU,76152,-332,16,1070,-3,-4,-17
IMU,76162,-320,11,1079,-3,-5,-18
IMU,76171,-308,7,1089,-2,-5,-19
IMU,76181,-299,0,1087,-1,-3,-19
IMU,76191,-300,-2,1085,0,-1,-19
IMU,76201,-311,3,1074,2,1,-19
IMU,76210,-335,20,1053,4,3,-19
IMU,76220,-354,39,1039,5,4,-18
IMU,76230,-358,49,1025,5,2,-17
IMU,76240,-343,46,1039,2,0,-15
IMU,76250,-306,46,1029,0,3,-11
IMU,76259,-315,32,1015,0,9,-7
IMU,76269,-314,-1,1086,1,11,-5
IMU,76279,-328,5,1063,3,12,-6
IMU,76289,-332,4,1099,9,10,-7
IMU,76298,-322,4,1069,15,11,-9
IMU,76308,-326,39,1017,18,11,-10
IMU,76318,-349,50,1088,23,13,-10
IMU,76328,-380,57,975,23,17,-12
IMU,76337,-403,102,962,26,9,-18
IMU,76347,-419,73,1060,30,5,-25
IMU,76357,-414,80,1114,37,16,-33
IMU,76367,-395,42,1129,40,28,-39
IMU,76376,-395,-14,1139,48,43,-41
IMU,76386,-373,-103,1057,51,52,-39
IMU,76396,-373,-133,920,45,40,-33
IMU,76406,-396,-113,885,41,20,-28
IMU,76416,-419,-98,892,39,-2,-24
IMU,76425,-421,-79,941,38,-16,-24
IMU,76435,-418,-90,938,36,-23,-24
IMU,76445,-399,-101,924,33,-30,-23
IMU,76455,-384,-132,927,29,-39,-23
IMU,76464,-386,-168,945,26,-47,-23
IMU,76474,-393,-200,957,24,-57,-24
IMU,76484,-392,-223,966,23,-68,-27
IMU,76494,-384,-226,990,23,-78,-29
IMU,76503,-356,-242,1030,23,-84,-31
IMU,76513,-327,-257,1069,21,-85,-32
IMU,76523,-317,-228,1078,20,-85,-32
IMU,76533,-317,-212,1120,22,-81,-39
IMU,76542,-302,-230,1130,27,-73,-46
IMU,76552,-296,-266,1100,33,-64,-55
IMU,76562,-270,-335,1052,39,-59,-58
IMU,76572,-250,-385,1072,43,-54,-54
IMU,76582,-204,-409,1076,43,-38,-40
IMU,76591,-198,-357,981,42,-28,-23
IMU,76601,-210,-313,948,40,-19,-12
IMU,76611,-197,-282,926,35,-13,-4
IMU,76621,-207,-237,941,31,-8,0
IMU,76630,-222,-224,971,26,-2,1
IMU,76640,-243,-236,973,22,5,2
IMU,76650,-266,-243,971,19,8,3
IMU,76660,-279,-243,970,16,5,1
IMU,76669,-267,-240,983,11,-2,-2
IMU,76679,-253,-237,1005,7,-12,-7
IMU,76689,-257,-202,1069,6,-16,-12
IMU,76699,-278,-187,1099,6,-12,-20
IMU,76708,-283,-211,1042,2,-7,-28
IMU,76718,-273,-232,957,-3,-11,-32
IMU,76728,-260,-260,997,-6,-16,-30
IMU,76738,-212,-278,1045,-15,-14,-24
IMU,76748,-185,-210,1006,-13,-8,-24
IMU,76757,-204,-207,1031,-12,-5,-27
IMU,76767,-194,-254,1018,-14,-5,-29
IMU,76777,-198,-295,1079,-11,-5,-29
IMU,76787,-214,-318,1091,-9,0,-24
IMU,76796,-242,-286,1075,-8,6,-16
IMU,76806,-267,-239,982,-8,10,-11
IMU,76816,-277,-203,887,-10,6,-9
IMU,76826,-281,-193,883,-13,3,-7
IMU,76835,-288,-201,932,-16,6,-3
IMU,76845,-297,-208,946,-20,12,0
IMU,76855,-298,-218,933,-23,14,2
IMU,76865,-286,-225,938,-25,12,1
IMU,76875,-272,-231,969,-27,9,0
IMU,76884,-266,-238,981,-30,6,0
IMU,76894,-252,-253,972,-32,7,1
IMU,76904,-271,-257,937,-32,10,3
IMU,76914,-329,-221,908,-34,5,0
IMU,76923,-323,-236,933,-36,-6,-6
IMU,76933,-283,-261,1021,-35,-15,-13
IMU,76943,-250,-273,1089,-31,-12,-18
IMU,76953,-227,-264,1038,-29,-6,-20
IMU,76962,-232,-270,1001,-29,0,-20
IMU,76972,-255,-277,935,-31,1,-17
IMU,76982,-281,-266,899,-35,-3,-13
IMU,76992,-299,-240,917,-36,-7,-12
IMU,77001,-307,-230,915,-37,-8,-10
IMU,77011,-301,-217,902,-38,-7,-8
IMU,77021,-297,-209,910,-38,-5,-7
IMU,77031,-287,-205,926,-38,-3,-6
IMU,77041,-286,-189,946,-35,-1,-6
IMU,77050,-285,-184,1032,-31,4,-7
IMU,77060,-277,-204,1079,-28,10,-6
IMU,77070,-291,-159,1021,-26,14,-3
IMU,77080,-327,-54,934,-25,8,-4
IMU,77089,-335,-20,985,-14,3,-10
IMU,77099,-335,41,1052,-9,5,-18
IMU,77109,-319,48,1082,-7,12,-28
IMU,77119,-299,16,1057,-7,18,-35
IMU,77128,-313,38,998,-8,13,-38
IMU,77139,-338,54,1007,-3,5,-42
IMU,77148,-328,30,1090,4,4,-44
IMU,77159,-291,-24,1177,11,14,-36
IMU,77167,-262,-31,1155,9,21,-26
IMU,77177,-226,0,1071,13,21,-18
IMU,77188,-227,38,1032,8,14,-22
IMU,77197,-233,-6,1024,0,6,-26
IMU,77208,-264,-66,1066,-4,-4,-22
IMU,77217,-307,-137,1074,-11,-5,-8
IMU,77226,-295,-126,966,-21,-10,7
IMU,77236,-311,-100,846,-40,-29,17
IMU,77246,-241,-19,726,-69,-62,22
IMU,77255,-22,140,446,-183,-133,19
IMU,77265,-199,45,720,-160,-236,-3
IMU,77275,-596,203,2264,-78,-168,20
IMU,77285,-287,-78,2090,-34,9,-9
IMU,77294,-248,-124,983,-35,73,-7
IMU,77304,-146,20,579,-73,14,-12
IMU,77314,-286,134,902,-39,-33,-6
IMU,77324,-280,188,1091,-19,-41,-13
IMU,77333,-231,104,1114,-10,-38,-32
IMU,77343,-230,13,1255,2,-22,-37
IMU,77353,-263,-64,1183,1,0,-38
IMU,77363,-351,-168,1081,3,12,-33
IMU,77373,-309,-166,1010,1,17,-28
IMU,77382,-224,-151,1023,-3,12,-17
IMU,77392,-179,-140,1108,-5,8,-4
IMU,77402,-206,79,1176,-2,10,0
IMU,77412,-270,105,1099,6,7,-8
IMU,77421,-282,115,1158,15,7,-23
IMU,77431,-233,105,1273,20,15,-35
IMU,77441,-259,66,1225,20,26,-45
IMU,77451,-265,61,1149,24,32,-59
IMU,77460,-249,7,1162,27,35,-68
IMU,77470,-230,-42,1135,28,34,-69
IMU,77480,-238,-5,1132,27,29,-67
IMU,77490,-244,11,1135,25,25,-70
IMU,77500,-244,-12,1144,21,17,-75
IMU,77509,-233,-43,1190,19,9,-81
IMU,77519,-206,-95,1222,19,4,-85
IMU,77529,-178,-150,1263,22,3,-87
IMU,77539,-169,-180,1269,27,6,-88
IMU,77548,-179,-175,1244,34,11,-91
IMU,77558,-194,-196,1194,42,15,-95
IMU,77568,-201,-233,1148,47,16,-94
IMU,77578,-202,-268,1110,50,12,-87
IMU,77587,-217,-273,1131,53,9,-80
IMU,77597,-222,-257,1110,53,6,-68
IMU,77607,-155,-232,1107,54,4,-66
IMU,77617,-133,-223,1186,55,7,-70
IMU,77626,-167,-258,1117,55,13,-74
IMU,77636,-181,-254,1061,53,13,-77
IMU,77646,-177,-299,1052,52,12,-78
IMU,77656,-164,-323,1018,50,11,-77
IMU,77666,-146,-329,974,48,9,-73
IMU,77675,-138,-325,969,46,8,-71
IMU,77685,-134,-322,966,44,8,-72
IMU,77695,-137,-338,965,42,6,-72
IMU,77705,-144,-362,989,38,4,-71
IMU,77714,-142,-377,1008,35,2,-71
IMU,77724,-132,-402,1025,32,2,-71
IMU,77734,-124,-418,1026,30,3,-70
IMU,77744,-127,-431,1018,29,4,-70
IMU,77753,-134,-441,996,28,5,-69
IMU,77763,-142,-444,980,27,6,-67
IMU,77773,-145,-447,975,27,5,-65
IMU,77783,-139,-462,974,26,4,-62
IMU,77792,-133,-463,983,23,3,-58
IMU,77802,-142,-408,1011,21,4,-55
IMU,77812,-139,-397,1000,18,10,-59
IMU,77822,-137,-430,972,17,15,-59
IMU,77832,-144,-474,927,13,15,-51
IMU,77841,-179,-427,893,10,11,-41
IMU,77851,-193,-388,894,6,8,-35
IMU,77861,-194,-376,882,2,7,-33
IMU,77871,-181,-392,878,0,7,-30
IMU,77880,-170,-397,881,-5,8,-26
IMU,77890,-169,-405,883,-8,10,-23
IMU,77900,-177,-416,893,-9,12,-21
IMU,77910,-202,-427,884,-10,14,-17
IMU,77919,-196,-400,848,-14,13,-10
IMU,77929,-175,-332,871,-15,13,-10
IMU,77939,-204,-333,841,-16,15,-13
IMU,77949,-208,-340,821,-20,13,-12
IMU,77958,-216,-323,843,-24,12,-11
IMU,77968,-213,-330,856,-28,10,-11
IMU,77979,-223,-321,880,-32,8,-10
IMU,77988,-230,-318,875,-35,6,-9
IMU,77998,-239,-319,878,-40,3,-8
IMU,78008,-248,-330,883,-44,0,-6
IMU,78017,-260,-337,898,-47,-1,-5
IMU,78028,-264,-342,916,-49,-4,-4
IMU,78038,-258,-353,942,-50,-6,-3
IMU,78046,-251,-356,964,-51,-6,-2
IMU,78057,-252,-356,986,-51,-7,-1
IMU,78066,-255,-355,1010,-50,-8,0
IMU,78076,-268,-351,1023,-49,-9,1
IMU,78085,-282,-342,1019,-48,-11,2
IMU,78095,-289,-338,1025,-47,-12,4
IMU,78105,-280,-334,1026,-46,-13,6
IMU,78115,-269,-332,1044,-46,-14,8
IMU,78125,-260,-332,1069,-44,-14,10
IMU,78134,-256,-328,1088,-43,-14,12
IMU,78144,-263,-324,1117,-39,-15,13
IMU,78154,-271,-307,1132,-35,-15,15
IMU,78164,-266,-288,1126,-31,-13,17
IMU,78173,-247,-280,1106,-27,-12,21
IMU,78183,-236,-239,1101,-25,-11,27
IMU,78193,-236,-204,1099,-24,-11,29
IMU,78203,-236,-187,1096,-23,-12,30
IMU,78212,-240,-169,1103,-23,-12,32
IMU,78222,-257,-122,1096,-23,-12,32
IMU,78232,-267,-72,1111,-22,-10,33
IMU,78242,-288,-10,1104,-23,-7,32
IMU,78251,-314,32,1122,-28,-6,29
IMU,78261,-295,48,1131,-34,-5,25
IMU,78271,-268,44,1092,-43,-11,24
IMU,78281,-232,61,1161,-49,-15,22
IMU,78291,-209,63,1131,-56,-18,20
IMU,78300,-187,50,1150,-61,-21,18
IMU,78310,-157,31,1182,-64,-23,15
IMU,78320,-121,6,1183,-64,-24,12
IMU,78330,-124,31,1225,-62,-23,6
IMU,78339,-117,5,1178,-55,-20,0
IMU,78349,-102,-44,1163,-51,-20,-2
IMU,78359,-114,-15,1175,-47,-18,-1
IMU,78369,-141,0,1155,-43,-14,-1
IMU,78378,-152,-16,1150,-40,-9,2
IMU,78388,-179,-18,1106,-36,-4,11
IMU,78398,-211,9,1098,-35,-2,18
IMU,78408,-242,64,1094,-34,3,23
IMU,78417,-271,120,1055,-30,8,23
IMU,78427,-278,124,1071,-25,13,21
IMU,78437,-265,90,1079,-24,18,19
IMU,78447,-274,41,1090,-23,21,20
IMU,78457,-298,36,1081,-22,23,23
IMU,78466,-273,77,1092,-21,25,17
IMU,78476,-234,194,1170,-37,36,5
IMU,78486,-178,130,1186,-22,31,-11
IMU,78496,-159,96,1251,-13,30,-26
IMU,78506,-165,-40,1296,-8,33,-34
IMU,78515,-143,-70,1212,2,29,-33
IMU,78526,-121,-128,1195,16,22,-25
IMU,78535,-154,-44,1234,26,20,-21
IMU,78544,-172,3,1186,33,24,-22
IMU,78555,-170,21,1143,38,25,-24
IMU,78564,-164,28,1117,41,25,-27
IMU,78575,-151,22,1089,45,24,-32
IMU,78584,-135,16,1073,48,24,-37
IMU,78593,-139,12,1058,50,24,-43
IMU,78603,-147,-5,1097,53,25,-47
IMU,78613,-156,-33,1130,57,27,-52
IMU,78623,-152,-56,1150,60,29,-56
IMU,78632,-130,-87,1175,63,29,-61
IMU,78642,-114,-101,1172,67,31,-65
IMU,78652,-118,-102,1161,71,32,-70
IMU,78662,-130,-107,1128,73,32,-75
IMU,78671,-143,-101,1092,75,30,-82
IMU,78681,-147,-101,1059,75,25,-89
IMU,78691,-138,-122,1073,76,21,-95
IMU,78701,-117,-161,1120,76,18,-100
IMU,78710,-101,-188,1135,76,18,-102
IMU,78720,-94,-213,1138,76,22,-105
IMU,78730,-107,-260,1138,78,26,-108
IMU,78740,-113,-298,1124,80,29,-109
IMU,78750,-122,-312,1090,85,32,-109
IMU,78759,-146,-297,1021,88,34,-110
IMU,78769,-145,-304,1013,89,33,-111
IMU,78779,-149,-304,1011,90,36,-111
IMU,78789,-157,-308,1002,90,39,-113
IMU,78798,-162,-321,999,90,41,-116
IMU,78808,-154,-348,983,88,41,-118
IMU,78818,-147,-372,964,83,38,-119
IMU,78828,-151,-378,994,78,34,-121
IMU,78837,-147,-419,1014,73,36,-125
IMU,78847,-170,-436,977,75,36,-126
IMU,78857,-197,-449,994,75,37,-128
IMU,78867,-218,-460,958,75,37,-131
IMU,78876,-231,-472,956,76,36,-134
IMU,78886,-238,-487,949,78,38,-136
IMU,78897,-248,-500,947,81,40,-136
IMU,78906,-264,-498,930,82,43,-133
IMU,78916,-291,-463,904,79,44,-127
IMU,78926,-330,-404,895,75,42,-125
IMU,78935,-363,-399,900,69,38,-128
IMU,78945,-375,-436,914,60,28,-127
IMU,78956,-295,-466,995,46,15,-130
IMU,78964,-230,-486,1068,40,12,-141
IMU,78975,-169,-506,1097,34,21,-154
IMU,78984,-140,-521,1058,31,31,-160
IMU,78994,-137,-599,963,32,36,-158
IMU,79003,-180,-619,868,38,34,-148
IMU,79013,-231,-568,870,41,31,-140
IMU,79023,-254,-545,835,41,28,-137
IMU,79033,-249,-529,863,39,25,-135
IMU,79042,-296,-604,925,37,27,-122
IMU,79052,-244,-548,967,26,26,-98
IMU,79062,-163,-480,1020,21,27,-96
IMU,79072,-149,-539,1095,26,34,-110
IMU,79082,-215,-535,1053,30,41,-121
IMU,79091,-237,-507,945,28,34,-125
IMU,79101,-214,-504,971,26,27,-128
IMU,79111,-184,-511,945,25,23,-129
IMU,79121,-163,-506,950,23,21,-131
IMU,79130,-154,-512,967,22,21,-133
IMU,79140,-152,-521,978,23,22,-134
IMU,79150,-159,-505,984,25,25,-134
IMU,79160,-177,-481,944,25,27,-134
IMU,79169,-208,-427,876,21,23,-133
IMU,79179,-226,-388,895,16,19,-131
IMU,79189,-240,-341,903,11,19,-128
IMU,79199,-243,-333,898,6,18,-125
IMU,79208,-247,-325,914,1,18,-120
IMU,79218,-253,-314,910,-4,16,-115
IMU,79228,-236,-285,948,-12,13,-119
IMU,79238,-181,-343,1033,-10,15,-121
IMU,79248,-158,-391,1059,-7,20,-121
IMU,79257,-137,-420,1054,-3,24,-115
IMU,79267,-162,-373,1046,-1,24,-107
IMU,79277,-202,-317,1041,0,26,-103
IMU,79287,-233,-267,1009,0,27,-100
IMU,79296,-253,-206,972,0,26,-97
IMU,79306,-252,-175,955,-3,24,-94
IMU,79316,-234,-160,982,-6,21,-92
IMU,79326,-209,-137,1013,-10,21,-91
IMU,79335,-208,-129,1057,-13,23,-91
IMU,79345,-210,-96,1099,-21,30,-90
IMU,79355,-243,-79,1103,-20,28,-92
IMU,79365,-248,-62,1052,-16,25,-89
IMU,79375,-263,-27,1057,-15,20,-88
IMU,79384,-263,-9,1063,-16,19,-88
IMU,79394,-254,5,1073,-18,17,-87
IMU,79404,-236,19,1072,-20,16,-88
IMU,79414,-219,22,1086,-21,15,-87
IMU,79424,-225,34,1077,-22,15,-87
IMU,79433,-236,39,1070,-21,16,-86
IMU,79444,-241,37,1080,-20,17,-84
IMU,79453,-242,44,1072,-19,17,-83
IMU,79462,-231,32,1080,-16,18,-81
IMU,79473,-221,24,1102,-13,22,-79
IMU,79482,-216,19,1108,-9,24,-78
IMU,79493,-210,14,1118,-5,28,-78
IMU,79502,-211,10,1138,0,31,-77
IMU,79511,-210,6,1145,4,34,-77
IMU,79521,-214,2,1152,10,37,-77
IMU,79531,-216,5,1157,17,39,-78
IMU,79541,-213,17,1152,24,41,-80
IMU,79550,-206,27,1142,29,42,-81
IMU,79560,-201,29,1142,33,43,-83
IMU,79570,-198,31,1142,37,43,-86
IMU,79580,-207,35,1136,42,44,-89
IMU,79589,-210,34,1141,46,44,-92
IMU,79599,-203,41,1118,49,43,-95
IMU,79609,-193,41,1115,51,41,-98
IMU,79619,-182,34,1126,53,39,-102
IMU,79628,-176,28,1133,54,37,-105
IMU,79638,-174,11,1164,56,36,-107
IMU,79648,-174,-3,1175,58,36,-109
IMU,79658,-173,-21,1182,62,38,-110
IMU,79667,-175,-27,1173,65,40,-110
IMU,79677,-180,-31,1154,68,43,-111
IMU,79687,-182,-31,1136,71,44,-110
IMU,79697,-186,-25,1115,73,45,-110
IMU,79707,-197,-28,1110,73,44,-110
IMU,79716,-208,-38,1127,74,43,-109
IMU,79726,-219,-51,1139,74,42,-107
IMU,79736,-230,-56,1136,74,42,-105
IMU,79746,-244,-73,1141,74,41,-103
IMU,79755,-250,-86,1141,75,40,-101
IMU,79765,-252,-100,1120,75,37,-99
IMU,79775,-256,-120,1118,76,35,-97
IMU,79785,-265,-131,1099,76,31,-96
IMU,79794,-276,-146,1079,76,28,-94
IMU,79804,-282,-168,1079,76,24,-92
IMU,79814,-290,-180,1064,76,21,-91
IMU,79824,-299,-186,1045,76,17,-89
IMU,79833,-294,-209,1036,75,11,-86
IMU,79843,-291,-236,1051,74,4,-82
IMU,79853,-285,-271,1062,73,-3,-79
IMU,79863,-282,-317,1087,73,-10,-76
IMU,79873,-284,-367,1101,75,-17,-73
IMU,79882,-283,-418,1102,79,-20,-71
IMU,79892,-284,-452,1088,83,-21,-67
IMU,79902,-293,-488,1054,86,-20,-64
IMU,79912,-297,-506,1010,87,-19,-62
IMU,79921,-289,-537,955,87,-18,-61
IMU,79931,-297,-558,910,83,-22,-57
IMU,79941,-322,-516,919,78,-29,-55
IMU,79951,-347,-460,949,71,-34,-58
IMU,79960,-350,-430,950,60,-42,-66
IMU,79970,-316,-515,965,50,-48,-73
IMU,79980,-291,-536,1078,43,-48,-78
IMU,79990,-275,-559,1049,37,-46,-84
IMU,80000,-233,-654,1035,32,-44,-90
IMU,80009,-202,-725,1031,30,-41,-86
IMU,80019,-197,-742,973,30,-39,-78
IMU,80029,-199,-702,933,29,-40,-70
IMU,80039,-196,-697,943,29,-33,-64
IMU,80048,-198,-685,911,28,-25,-57
IMU,80058,-201,-657,895,27,-17,-51
IMU,80068,-208,-637,868,24,-9,-44
IMU,80078,-214,-620,869,19,-2,-39
IMU,80087,-215,-610,895,13,3,-34
IMU,80097,-202,-614,917,5,9,-30
IMU,80107,-203,-607,896,0,12,-28
IMU,80117,-201,-630,898,-4,13,-27
IMU,80126,-202,-647,923,-7,15,-27
IMU,80137,-211,-641,899,-10,18,-26
IMU,80146,-223,-621,857,-13,18,-27
IMU,80156,-242,-616,843,-17,18,-28
IMU,80166,-298,-639,821,-23,18,-23
IMU,80175,-279,-595,805,-29,18,-18
IMU,80186,-230,-579,834,-33,18,-21
IMU,80196,-252,-598,843,-35,22,-25
IMU,80205,-280,-588,817,-40,25,-26
IMU,80215,-291,-580,795,-46,25,-26
IMU,80224,-279,-567,853,-56,29,-29
IMU,80234,-300,-564,858,-74,40,-34
IMU,80244,-279,-565,780,-72,39,-34
IMU,80253,-274,-609,843,-72,37,-31
IMU,80263,-274,-626,847,-65,31,-24
IMU,80273,-298,-582,840,-60,24,-16
IMU,80283,-309,-544,854,-59,21,-12
IMU,80292,-311,-526,850,-60,19,-8
IMU,80302,-306,-512,875,-61,19,-5
IMU,80312,-303,-491,874,-61,20,-3
IMU,80322,-304,-461,888,-61,20,-1
IMU,80332,-309,-413,915,-65,21,-1
IMU,80341,-316,-366,907,-64,14,0
IMU,80351,-321,-321,931,-65,7,0
IMU,80361,-328,-273,946,-68,1,1
IMU,80371,-330,-241,962,-73,-1,3
IMU,80380,-332,-226,957,-76,-4,6
IMU,80390,-336,-222,963,-77,-7,8
IMU,80400,-331,-199,985,-76,-11,8
IMU,80410,-339,-164,977,-74,-16,8
IMU,80419,-337,-130,991,-72,-24,9
IMU,80429,-341,-124,1005,-72,-27,12
IMU,80439,-362,-99,995,-73,-30,17
IMU,80449,-392,-48,1009,-75,-32,22
IMU,80458,-415,17,1025,-74,-31,23
IMU,80468,-410,22,1021,-74,-30,21
IMU,80478,-408,9,1037,-73,-30,20
IMU,80488,-407,13,1036,-71,-34,21
IMU,80498,-409,27,1057,-70,-36,20
IMU,80507,-404,39,1084,-69,-38,20
IMU,80517,-407,47,1099,-68,-36,22
IMU,80527,-425,70,1081,-68,-34,24
IMU,80537,-430,55,1081,-68,-32,25
IMU,80546,-423,48,1094,-66,-30,26
IMU,80556,-405,52,1092,-63,-28,26
IMU,80566,-380,56,1098,-60,-25,24
IMU,80576,-359,63,1114,-57,-23,22
IMU,80585,-347,61,1143,-56,-19,20
IMU,80595,-347,36,1188,-53,-15,20
IMU,80605,-359,17,1213,-49,-11,20
IMU,80615,-367,0,1235,-44,-5,19
IMU,80625,-368,-12,1244,-37,0,19
IMU,80634,-358,-16,1242,-29,3,19
IMU,80644,-350,-11,1234,-22,7,19
IMU,80654,-348,-4,1233,-15,11,20
IMU,80664,-349,0,1234,-10,16,20
IMU,80673,-349,-4,1248,-4,19,19
IMU,80683,-361,-8,1286,4,18,17
IMU,80693,-378,-12,1297,9,12,12
IMU,80703,-357,-56,1354,5,13,6
IMU,80712,-207,3,1477,-10,44,4
IMU,80722,-259,-94,1496,-20,66,0
IMU,80732,-281,-137,1352,-7,69,-7
IMU,80742,-277,-196,1221,-3,61,-6
IMU,80751,-256,-237,1151,9,41,-5
IMU,80761,-242,-226,1073,35,13,-6
IMU,80771,-224,-208,1030,49,-5,-6
IMU,80781,-200,-184,1052,59,-18,-10
IMU,80791,-187,-194,1095,61,-19,-16
IMU,80800,-188,-216,1142,65,-15,-21
IMU,80810,-192,-226,1173,72,-8,-24
IMU,80820,-208,-224,1192,82,0,-25
IMU,80830,-234,-199,1167,86,8,-24
IMU,80839,-261,-128,1063,81,11,-25
IMU,80849,-252,-135,1048,79,6,-27
IMU,80859,-221,-150,1037,75,-3,-28
IMU,80869,-185,-165,1055,70,-11,-31
IMU,80878,-167,-197,1074,66,-13,-35
IMU,80888,-156,-237,1091,64,-12,-39
IMU,80898,-149,-268,1103,64,-8,-44
IMU,80908,-154,-301,1113,65,2,-48
IMU,80917,-171,-330,1072,63,15,-50
IMU,80927,-192,-325,1005,62,21,-49
IMU,80937,-199,-320,956,68,21,-49
IMU,80947,-197,-314,925,69,16,-49
IMU,80957,-193,-328,940,61,16,-49
IMU,80966,-193,-358,975,57,19,-50
IMU,80976,-203,-381,1000,55,26,-47
IMU,80986,-246,-400,1029,43,39,-49
IMU,80996,-265,-427,953,39,49,-48
IMU,81005,-275,-470,873,33,55,-42
IMU,81015,-267,-458,821,39,45,-38
IMU,81025,-242,-458,859,54,31,-43
IMU,81035,-205,-498,922,60,33,-50
IMU,81044,-182,-559,902,49,46,-53
IMU,81054,-179,-614,835,38,54,-52
IMU,81064,-184,-655,768,33,51,-46
IMU,81074,-188,-590,751,42,38,-40
IMU,81083,-164,-616,746,51,25,-36
IMU,81093,-287,-579,758,54,22,-26
IMU,81103,-300,-567,758,47,18,-30
IMU,81113,-312,-551,720,45,13,-32
IMU,81123,-302,-566,745,43,9,-31
IMU,81132,-285,-577,740,39,8,-30
IMU,81142,-284,-583,742,35,7,-28
IMU,81152,-286,-591,756,31,5,-26
IMU,81162,-288,-599,763,29,5,-25
IMU,81171,-289,-597,768,26,3,-23
IMU,81181,-286,-598,770,24,0,-21
IMU,81191,-289,-589,775,21,-2,-19
IMU,81201,-284,-579,773,17,-5,-18
IMU,81210,-282,-583,807,12,-8,-17
IMU,81220,-285,-602,835,9,-9,-16
IMU,81230,-297,-624,831,7,-9,-15
IMU,81240,-305,-654,843,5,-10,-13
IMU,81250,-296,-661,854,5,-11,-10
IMU,81259,-287,-646,852,4,-9,-6
IMU,81269,-270,-617,834,4,-6,-2
IMU,81279,-309,-582,827,-1,-6,-2
IMU,81289,-349,-582,820,-10,-7,-3
IMU,81298,-393,-546,823,-17,-15,-6
IMU,81308,-366,-572,883,-22,-23,-10
IMU,81318,-312,-608,967,-27,-30,-10
IMU,81328,-272,-618,1021,-30,-31,-11
IMU,81337,-267,-621,1039,-31,-32,-12
IMU,81347,-285,-601,1015,-32,-32,-14
IMU,81357,-304,-571,965,-32,-32,-15
IMU,81367,-317,-546,882,-32,-32,-13
IMU,81376,-330,-509,834,-38,-36,-11
IMU,81386,-322,-473,829,-47,-40,-9
IMU,81396,-301,-432,869,-53,-38,-11
IMU,81406,-292,-435,905,-59,-34,-16
IMU,81416,-289,-478,946,-66,-30,-19
IMU,81425,-295,-488,952,-70,-28,-21
IMU,81435,-312,-473,960,-73,-27,-21
IMU,81446,-333,-448,945,-78,-23,-20
IMU,81455,-334,-448,943,-82,-20,-17
IMU,81464,-315,-441,972,-86,-17,-14
IMU,81475,-289,-426,997,-88,-15,-12
IMU,81484,-256,-427,1019,-88,-13,-11
IMU,81494,-244,-397,1022,-87,-11,-11
IMU,81503,-246,-355,1029,-85,-10,-11
IMU,81513,-258,-315,1022,-83,-9,-10
IMU,81523,-278,-271,1001,-84,-9,-9
IMU,81533,-300,-234,988,-85,-8,-9
IMU,81542,-313,-206,977,-86,-6,-7
IMU,81552,-316,-191,982,-86,-4,-7
SPM,74543,0.00
SPM,77546,0.00
SPM,80550,0.00
GPS,81933,59.416966,17.982084,4.76,2.89,14,0.80,14.40,229.75
GPS,82548,59.416966,17.982084,3.89,2.89,14,0.80,14.40,250.10
GPS,82929,59.416960,17.982064,3.89,3.64,14,0.80,14.40,250.10
GPS,83535,59.416960,17.982064,4.63,3.64,14,0.80,14.40,238.30
GPS,83945,59.416953,17.982044,4.63,4.80,14,0.80,14.40,238.30
GPS,84550,59.416953,17.982044,4.94,4.80,14,0.80,14.40,235.10
GPS,84941,59.416947,17.982029,4.94,5.85,14,0.80,14.50,235.10
GPS,85556,59.416947,17.982029,4.13,5.85,14,0.80,14.50,220.54
GPS,85937,59.416943,17.982017,4.13,6.60,13,0.90,14.60,220.54
GPS,86542,59.416943,17.982017,2.63,6.60,13,0.90,14.60,220.54
GPS,86933,59.416946,17.982012,2.63,6.49,13,0.90,15.00,220.54
GPS,87539,59.416946,17.982012,2.94,6.49,13,0.90,15.00,220.54
GPS,87939,59.416956,17.982026,2.94,5.16,13,0.90,15.30,220.54
GPS,88545,59.416956,17.982026,6.09,5.16,13,0.90,15.30,45.02
GPS,88945,59.416965,17.982042,6.09,3.76,14,0.80,15.70,45.02
GPS,89550,59.416965,17.982042,3.96,3.76,14,0.80,15.70,46.72
GPS,89941,59.416970,17.982057,3.96,2.86,14,0.80,15.40,46.72
GPS,90546,59.416970,17.982057,3.72,2.86,14,0.80,15.40,62.04
GPS,90937,59.416976,17.982073,3.72,1.86,14,0.80,15.40,62.04
GPS,91552,59.416976,17.982073,3.63,1.86,14,0.80,15.40,50.10
IMU,81562,-304,-184,1004,-85,-3,-7
IMU,81572,-291,-177,1030,-83,-2,-8
IMU,81582,-286,-150,1033,-81,0,-8
IMU,81591,-300,-120,1020,-78,1,-8
IMU,81601,-321,-98,1007,-76,3,-7
IMU,81611,-346,-83,1001,-74,3,-7
IMU,81621,-361,-69,1005,-72,2,-6
IMU,81630,-361,-47,1009,-70,2,-4
IMU,81640,-355,-52,988,-69,3,-2
IMU,81650,-361,-37,987,-68,1,4
IMU,81660,-392,-17,979,-68,0,9
IMU,81669,-415,1,999,-66,-1,13
IMU,81679,-429,-4,1017,-64,0,16
IMU,81689,-451,20,995,-61,0,18
IMU,81699,-460,17,1014,-55,0,17
IMU,81708,-458,-21,1025,-51,-1,17
IMU,81718,-459,-45,1052,-47,-3,19
IMU,81728,-458,-62,1078,-40,-3,22
IMU,81738,-448,-66,1081,-33,-2,24
IMU,81748,-438,-74,1080,-26,0,27
IMU,81757,-429,-72,1058,-19,0,28
IMU,81767,-426,-73,1062,-13,0,27
IMU,81777,-423,-72,1074,-6,-1,26
IMU,81787,-421,-59,1066,1,-1,24
IMU,81796,-414,-52,1084,8,-1,23
IMU,81806,-411,-45,1098,12,-1,22
IMU,81816,-407,-48,1117,15,-2,21
IMU,81826,-404,-63,1147,16,-4,19
IMU,81835,-396,-90,1175,20,-7,16
IMU,81845,-391,-115,1195,24,-9,14
IMU,81855,-388,-133,1188,29,-12,11
IMU,81865,-375,-158,1207,34,-14,8
IMU,81875,-354,-189,1229,40,-14,6
IMU,81884,-349,-195,1230,46,-10,6
IMU,81894,-353,-181,1213,51,-5,6
IMU,81904,-342,-171,1206,57,-1,7
IMU,81914,-322,-154,1196,62,1,5
IMU,81923,-318,-154,1180,66,0,0
IMU,81933,-333,-158,1211,69,-6,-8
IMU,81943,-337,-169,1240,70,-13,-15
IMU,81953,-310,-200,1246,67,-21,-23
IMU,81962,-276,-256,1260,59,-27,-30
IMU,81972,-246,-320,1261,54,-31,-34
IMU,81982,-233,-374,1247,54,-33,-36
IMU,81992,-221,-425,1216,58,-33,-39
IMU,82001,-221,-450,1153,65,-30,-39
IMU,82011,-226,-457,1095,74,-29,-39
IMU,82021,-217,-455,1074,84,-27,-37
IMU,82031,-214,-446,1049,90,-24,-35
IMU,82041,-205,-441,1049,94,-17,-32
IMU,82050,-214,-430,1013,94,-6,-28
IMU,82060,-221,-422,964,91,-1,-24
IMU,82070,-213,-421,956,85,0,-20
IMU,82080,-197,-412,937,77,0,-19
IMU,82089,-187,-399,914,69,-2,-24
IMU,82099,-174,-396,915,63,-7,-32
IMU,82109,-143,-410,935,59,-11,-45
IMU,82119,-106,-468,961,53,-9,-58
IMU,82128,-84,-567,976,49,0,-65
IMU,82138,-76,-633,938,47,4,-66
IMU,82148,-114,-613,886,53,4,-63
IMU,82158,-156,-581,847,53,4,-62
IMU,82167,-177,-543,780,46,1,-62
IMU,82177,-221,-511,757,34,-6,-63
IMU,82187,-191,-512,813,23,-11,-68
IMU,82197,-141,-579,833,15,-9,-69
IMU,82207,-122,-625,846,9,-3,-66
IMU,82216,-128,-654,860,9,5,-62
IMU,82226,-149,-683,856,11,13,-56
IMU,82236,-173,-688,845,15,21,-51
IMU,82246,-181,-687,834,19,30,-47
IMU,82255,-241,-699,844,19,41,-38
IMU,82265,-202,-641,772,17,44,-29
IMU,82275,-119,-619,808,23,42,-31
IMU,82285,-128,-672,882,20,46,-31
IMU,82294,-177,-606,834,15,50,-27
IMU,82304,-201,-578,780,14,45,-26
IMU,82314,-194,-563,808,11,40,-24
IMU,82324,-182,-561,777,7,38,-23
IMU,82334,-181,-559,775,6,35,-22
IMU,82343,-191,-558,769,4,34,-22
IMU,82354,-217,-564,764,3,32,-21
IMU,82363,-235,-566,779,3,30,-19
IMU,82373,-247,-566,799,2,29,-16
IMU,82383,-247,-565,795,1,28,-13
IMU,82392,-250,-557,803,-2,26,-11
IMU,82403,-234,-569,804,-5,23,-8
IMU,82413,-253,-543,817,-7,19,-5
IMU,82421,-262,-539,830,-12,16,-7
IMU,82431,-282,-545,809,-18,12,-9
IMU,82441,-297,-560,807,-21,3,-10
IMU,82451,-284,-593,843,-24,-5,-10
IMU,82460,-273,-613,908,-26,-10,-9
IMU,82470,-258,-646,964,-30,-11,-9
IMU,82480,-245,-653,967,-30,-8,-9
IMU,82490,-238,-646,963,-29,-4,-8
IMU,82500,-231,-620,905,-29,-1,-9
IMU,82509,-270,-574,880,-30,-4,-9
IMU,82519,-306,-530,893,-38,-11,-13
IMU,82529,-316,-550,960,-46,-23,-17
IMU,82539,-301,-558,1025,-53,-33,-20
IMU,82548,-258,-572,1111,-59,-39,-20
IMU,82558,-228,-570,1169,-62,-41,-20
IMU,82568,-231,-553,1166,-65,-39,-18
IMU,82578,-267,-518,1096,-67,-37,-15
IMU,82587,-311,-474,1025,-69,-36,-12
IMU,82597,-337,-438,950,-71,-36,-9
IMU,82607,-336,-418,916,-74,-38,-5
IMU,82617,-316,-422,934,-77,-39,-2
IMU,82626,-291,-448,999,-79,-37,0
IMU,82636,-274,-467,1089,-80,-34,4
IMU,82646,-272,-458,1124,-79,-27,10
IMU,82656,-296,-428,1132,-78,-21,17
IMU,82666,-325,-392,1112,-79,-18,23
IMU,82675,-352,-335,1073,-79,-19,28
IMU,82685,-366,-279,1010,-80,-23,31
IMU,82695,-357,-260,1017,-80,-31,31
IMU,82705,-305,-259,1059,-79,-36,31
IMU,82714,-250,-262,1097,-76,-36,32
IMU,82724,-231,-253,1106,-71,-33,32
IMU,82734,-245,-230,1106,-66,-28,34
IMU,82744,-282,-182,1061,-62,-26,34
IMU,82753,-324,-139,1034,-59,-25,35
IMU,82763,-352,-98,996,-57,-26,36
IMU,82773,-360,-67,959,-56,-29,36
IMU,82783,-350,-75,975,-54,-29,38
IMU,82792,-319,-92,955,-49,-28,44
IMU,82802,-344,-67,977,-45,-26,51
IMU,82812,-351,-49,976,-44,-19,54
IMU,82822,-358,-24,947,-39,-14,55
IMU,82832,-371,-6,935,-33,-10,56
IMU,82841,-387,-5,922,-30,-6,55
IMU,82851,-400,2,896,-28,-5,57
IMU,82861,-381,-25,903,-28,-6,62
IMU,82871,-406,52,927,-26,-2,61
IMU,82880,-409,39,956,-22,1,55
IMU,82890,-411,29,956,-18,5,50
IMU,82900,-409,20,938,-13,7,47
IMU,82911,-400,23,944,-11,8,45
IMU,82920,-386,20,943,-8,8,43
IMU,82929,-383,12,966,-6,9,42
IMU,82940,-390,-6,974,-4,11,40
IMU,82949,-396,-29,1004,-1,11,38
IMU,82958,-390,-47,1022,2,10,35
IMU,82969,-377,-59,1032,7,10,33
IMU,82978,-362,-79,1053,11,11,31
IMU,82989,-350,-86,1077,16,13,31
IMU,82999,-361,-98,1095,20,15,31
IMU,83007,-370,-117,1122,24,16,31
IMU,83017,-377,-137,1136,29,16,32
IMU,83027,-381,-161,1147,36,16,31
IMU,83037,-375,-189,1150,42,14,30
IMU,83046,-358,-209,1156,48,14,29
IMU,83056,-353,-205,1148,52,14,29
IMU,83066,-372,-172,1138,55,14,29
IMU,83076,-399,-127,1105,55,14,28
IMU,83085,-415,-104,1070,51,10,25
IMU,83095,-417,-111,1067,44,3,19
IMU,83105,-396,-148,1082,34,-7,9
IMU,83115,-361,-227,1123,25,-20,0
IMU,83125,-314,-331,1196,21,-28,-11
IMU,83134,-278,-415,1231,19,-31,-19
IMU,83144,-271,-509,1263,24,-30,-25
IMU,83154,-282,-546,1240,29,-29,-25
IMU,83164,-297,-527,1158,35,-29,-24
IMU,83173,-288,-521,1114,39,-29,-21
IMU,83183,-268,-517,1065,40,-28,-17
IMU,83193,-246,-537,1043,41,-26,-14
IMU,83203,-255,-578,1055,44,-20,-9
IMU,83212,-275,-598,1044,50,-13,-5
IMU,83222,-298,-597,1027,56,-8,-2
IMU,83232,-294,-570,996,61,-5,0
IMU,83242,-264,-519,971,64,-3,0
IMU,83251,-229,-474,951,62,-3,0
IMU,83261,-208,-450,947,55,-4,-5
IMU,83271,-211,-428,939,44,-8,-15
IMU,83281,-214,-436,924,33,-13,-28
IMU,83291,-221,-492,921,24,-17,-41
IMU,83300,-221,-520,913,19,-20,-49
IMU,83310,-198,-553,893,14,-24,-56
IMU,83320,-163,-582,882,11,-25,-59
IMU,83330,-140,-604,876,10,-22,-57
IMU,83339,-136,-615,876,11,-15,-53
IMU,83349,-152,-620,827,13,-5,-48
IMU,83359,-185,-610,787,15,0,-41
IMU,83369,-212,-591,767,15,1,-35
IMU,83378,-225,-564,745,12,2,-27
IMU,83388,-233,-551,731,9,3,-22
IMU,83398,-222,-569,745,5,4,-15
IMU,83408,-210,-577,756,1,6,-10
IMU,83417,-197,-585,773,-2,7,-8
IMU,83427,-186,-610,797,-5,7,-8
IMU,83438,-184,-650,829,-3,9,-7
IMU,83447,-219,-652,822,-1,10,-3
IMU,83458,-193,-598,763,0,10,0
IMU,83466,-167,-577,764,2,9,-1
IMU,83476,-209,-568,737,4,11,-4
IMU,83487,-226,-540,710,4,12,-4
IMU,83496,-229,-527,702,3,12,-2
IMU,83505,-240,-515,691,0,11,-1
IMU,83515,-254,-502,706,-3,9,0
IMU,83525,-262,-499,727,-8,6,1
IMU,83535,-271,-519,753,-11,4,1
IMU,83544,-272,-543,781,-13,2,2
IMU,83554,-271,-555,793,-14,1,3
IMU,83564,-270,-570,802,-15,0,3
IMU,83574,-267,-592,825,-16,-3,3
IMU,83583,-257,-616,843,-16,-5,2
IMU,83593,-264,-628,860,-16,-8,0
IMU,83603,-277,-634,868,-15,-12,-1
IMU,83613,-293,-638,868,-15,-15,-3
IMU,83623,-306,-628,853,-17,-18,-3
IMU,83632,-309,-621,831,-20,-19,-2
IMU,83642,-291,-618,849,-26,-19,-1
IMU,83652,-259,-618,859,-31,-15,0
IMU,83662,-252,-624,875,-35,-14,-1
IMU,83671,-267,-634,932,-39,-18,-5
IMU,83681,-294,-618,1010,-40,-27,-9
IMU,83691,-298,-597,1064,-41,-36,-13
IMU,83701,-293,-564,1089,-42,-43,-14
IMU,83710,-281,-514,1081,-46,-47,-13
IMU,83720,-268,-480,1062,-52,-47,-10
IMU,83730,-277,-458,1012,-61,-47,-8
IMU,83740,-304,-453,985,-70,-47,-6
IMU,83750,-316,-447,966,-75,-46,-2
IMU,83759,-314,-438,957,-77,-43,1
IMU,83769,-308,-433,972,-76,-36,6
IMU,83779,-311,-426,1001,-75,-28,13
IMU,83789,-315,-406,1024,-73,-20,19
IMU,83798,-328,-397,1037,-73,-14,25
IMU,83808,-358,-363,1052,-72,-9,33
IMU,83818,-381,-307,1075,-72,-4,39
IMU,83828,-379,-299,1042,-71,1,45
IMU,83837,-384,-288,1017,-71,2,49
IMU,83847,-399,-272,999,-72,0,49
IMU,83857,-381,-265,1036,-71,-6,47
IMU,83867,-348,-227,1054,-72,-11,45
IMU,83876,-310,-206,1091,-71,-16,43
IMU,83886,-298,-192,1093,-72,-18,43
IMU,83896,-318,-167,1056,-71,-19,43
IMU,83906,-354,-152,1034,-70,-22,43
IMU,83916,-374,-141,1008,-69,-28,42
IMU,83925,-358,-140,1011,-67,-33,41
IMU,83935,-329,-131,1026,-64,-38,41
IMU,83945,-316,-131,1037,-60,-38,41
IMU,83955,-322,-137,1045,-56,-35,43
IMU,83964,-322,-166,1019,-53,-32,49
IMU,83974,-343,-124,985,-49,-31,57
IMU,83984,-375,-48,981,-44,-29,58
IMU,83994,-393,-10,961,-39,-26,54
IMU,84003,-399,-7,927,-36,-25,49
IMU,84013,-391,-39,949,-33,-26,47
IMU,84023,-385,-58,979,-30,-25,47
IMU,84033,-386,-72,994,-28,-24,47
IMU,84042,-392,-73,995,-22,-19,47
IMU,84052,-392,-69,988,-18,-18,47
IMU,84062,-381,-61,994,-15,-17,45
IMU,84072,-365,-65,995,-11,-19,42
IMU,84082,-356,-71,1014,-8,-19,39
IMU,84091,-354,-78,1014,-4,-19,36
IMU,84101,-359,-84,1041,0,-18,33
IMU,84111,-347,-96,1056,4,-17,31
IMU,84121,-327,-106,1077,9,-15,30
IMU,84130,-311,-116,1089,14,-12,28
IMU,84140,-303,-118,1103,19,-8,26
IMU,84150,-315,-116,1101,24,-3,24
IMU,84160,-327,-124,1112,28,0,22
IMU,84169,-332,-128,1123,32,2,21
IMU,84179,-331,-131,1128,37,4,21
IMU,84189,-324,-136,1137,41,6,20
IMU,84199,-310,-151,1144,43,8,20
IMU,84208,-309,-173,1144,45,10,18
IMU,84218,-321,-196,1159,46,10,16
IMU,84228,-335,-203,1171,47,10,14
IMU,84238,-340,-198,1172,49,11,12
IMU,84248,-333,-188,1146,51,13,10
IMU,84257,-330,-184,1126,51,12,6
IMU,84267,-333,-203,1135,48,7,0
IMU,84277,-326,-229,1148,43,-2,-11
IMU,84287,-298,-291,1188,35,-13,-22
IMU,84296,-273,-354,1232,31,-18,-31
IMU,84306,-251,-422,1244,28,-18,-37
IMU,84316,-248,-478,1220,28,-15,-41
IMU,84326,-267,-524,1177,29,-12,-42
IMU,84335,-289,-543,1123,32,-10,-40
IMU,84345,-288,-550,1077,34,-9,-36
IMU,84355,-259,-554,1042,38,-3,-29
IMU,84365,-226,-556,1006,42,4,-23
IMU,84375,-209,-555,997,46,13,-17
IMU,84384,-215,-542,986,48,21,-14
IMU,84394,-232,-514,973,50,27,-11
IMU,84404,-251,-512,957,48,29,-10
IMU,84414,-262,-515,952,45,28,-11
IMU,84423,-268,-522,941,42,27,-11
IMU,84433,-275,-520,930,39,26,-14
IMU,84443,-272,-549,954,38,25,-19
IMU,84453,-250,-574,955,39,24,-24
IMU,84462,-218,-582,936,40,22,-30
IMU,84472,-172,-583,925,39,20,-39
IMU,84482,-137,-612,901,36,19,-48
IMU,84492,-138,-637,862,32,18,-53
IMU,84501,-184,-616,844,29,17,-56
IMU,84511,-225,-606,809,26,16,-58
IMU,84521,-258,-598,782,22,13,-60
IMU,84531,-253,-593,767,20,10,-57
IMU,84541,-233,-583,757,18,9,-52
IMU,84550,-220,-582,749,14,9,-45
IMU,84560,-211,-601,740,11,9,-40
IMU,84570,-216,-612,748,6,9,-35
IMU,84580,-218,-621,755,3,7,-31
IMU,84589,-218,-633,755,0,6,-29
IMU,84599,-220,-637,752,-2,3,-27
IMU,84609,-215,-636,762,-3,1,-25
IMU,84619,-210,-642,770,-3,0,-22
IMU,84628,-208,-642,769,-3,1,-19
IMU,84638,-210,-625,746,-2,2,-15
IMU,84648,-206,-608,732,-2,3,-11
IMU,84658,-196,-590,715,-2,5,-7
IMU,84667,-189,-581,691,-2,6,-4
IMU,84677,-200,-571,686,-3,7,-2
IMU,84687,-211,-566,692,-4,8,0
IMU,84697,-222,-540,701,-4,10,3
IMU,84707,-236,-524,694,-6,9,6
IMU,84716,-250,-517,718,-9,5,7
IMU,84726,-283,-531,743,-13,1,8
IMU,84736,-259,-530,739,-17,-3,8
IMU,84746,-236,-541,805,-20,-8,8
IMU,84755,-247,-550,836,-21,-12,7
IMU,84765,-279,-556,828,-22,-17,6
IMU,84775,-290,-565,814,-23,-21,6
IMU,84785,-295,-556,807,-24,-25,6
IMU,84794,-290,-538,823,-27,-27,6
IMU,84804,-285,-556,827,-29,-28,6
IMU,84814,-287,-565,860,-32,-30,6
IMU,84824,-283,-560,877,-33,-30,7
IMU,84833,-277,-550,888,-34,-29,7
IMU,84843,-279,-539,913,-35,-29,6
IMU,84853,-294,-505,933,-38,-31,4
IMU,84863,-305,-469,963,-44,-38,2
IMU,84873,-304,-454,998,-52,-46,-1
IMU,84882,-290,-444,1029,-59,-53,-3
IMU,84892,-276,-439,1064,-65,-59,-5
IMU,84902,-264,-429,1077,-71,-65,-4
IMU,84912,-251,-426,1083,-75,-70,-4
IMU,84921,-234,-426,1082,-78,-72,-2
IMU,84931,-232,-411,1063,-79,-72,2
IMU,84941,-241,-400,1063,-79,-71,7
IMU,84951,-236,-399,1075,-77,-69,12
IMU,84960,-219,-395,1089,-74,-63,17
IMU,84970,-200,-374,1096,-69,-55,23
IMU,84980,-194,-332,1110,-65,-44,28
IMU,84990,-206,-298,1131,-62,-34,31
IMU,85000,-231,-285,1150,-59,-26,33
IMU,85009,-257,-287,1146,-58,-20,35
IMU,85019,-278,-260,1152,-55,-15,38
IMU,85029,-286,-212,1153,-50,-8,40
IMU,85039,-288,-174,1146,-44,0,38
IMU,85048,-288,-160,1134,-39,7,35
IMU,85058,-291,-154,1120,-35,12,32
IMU,85068,-293,-145,1115,-32,14,29
IMU,85078,-294,-136,1102,-29,15,26
IMU,85087,-287,-126,1101,-27,16,22
IMU,85097,-277,-129,1100,-24,16,17
IMU,85107,-271,-144,1124,-21,14,12
IMU,85117,-270,-154,1133,-16,14,7
IMU,85126,-276,-157,1131,-9,14,4
IMU,85136,-273,-157,1121,-2,15,0
IMU,85146,-260,-154,1099,3,15,-1
IMU,85156,-245,-164,1091,8,16,-5
IMU,85166,-230,-175,1080,13,17,-8
IMU,85175,-228,-183,1069,17,18,-10
IMU,85185,-226,-188,1064,22,20,-12
IMU,85195,-221,-187,1035,25,23,-12
IMU,85205,-219,-193,1028,29,25,-12
IMU,85214,-219,-194,1026,32,27,-13
IMU,85224,-219,-198,1026,35,29,-14
IMU,85234,-214,-199,1025,36,31,-17
IMU,85244,-206,-201,1036,38,34,-19
IMU,85253,-201,-201,1040,39,38,-21
IMU,85263,-199,-204,1044,41,42,-24
IMU,85273,-201,-207,1041,43,46,-28
IMU,85283,-207,-207,1034,44,47,-34
IMU,85292,-208,-200,1038,46,46,-41
IMU,85302,-195,-198,1038,47,46,-49
IMU,85312,-183,-216,1048,47,46,-57
IMU,85322,-186,-244,1064,49,47,-65
IMU,85332,-193,-270,1082,51,48,-73
IMU,85341,-201,-287,1098,55,49,-80
IMU,85351,-209,-307,1103,60,51,-85
IMU,85361,-221,-319,1082,66,53,-91
IMU,85371,-228,-316,1055,70,54,-97
IMU,85380,-228,-310,1045,73,54,-102
IMU,85390,-223,-301,1036,74,54,-107
IMU,85400,-224,-308,1024,74,53,-114
IMU,85410,-215,-335,1058,75,53,-120
IMU,85419,-208,-355,1063,77,54,-123
IMU,85429,-210,-380,1060,81,57,-126
IMU,85439,-227,-401,1068,87,61,-129
IMU,85449,-230,-408,1085,93,64,-131
IMU,85458,-221,-402,1081,98,66,-132
IMU,85468,-210,-401,1076,102,68,-134
IMU,85478,-188,-399,1073,106,70,-135
IMU,85488,-174,-398,1063,108,74,-138
IMU,85498,-177,-395,1052,111,78,-141
IMU,85507,-188,-382,1047,113,81,-143
IMU,85517,-196,-361,1030,114,83,-146
IMU,85527,-187,-347,1043,113,83,-150
IMU,85537,-174,-341,1047,112,82,-154
IMU,85546,-162,-347,1064,112,80,-158
IMU,85556,-153,-372,1100,111,78,-164
IMU,85566,-157,-393,1131,111,75,-172
IMU,85576,-152,-414,1166,112,74,-184
IMU,85585,-136,-457,1158,115,74,-193
IMU,85595,-114,-513,1157,117,75,-198
IMU,85605,-101,-530,1123,120,79,-198
IMU,85615,-108,-508,1091,124,84,-198
IMU,85625,-128,-466,1024,125,86,-201
IMU,85635,-131,-450,1002,126,87,-206
IMU,85644,-128,-436,988,124,89,-208
IMU,85654,-121,-433,996,123,91,-209
IMU,85664,-114,-451,1017,122,95,-210
IMU,85673,-123,-465,1039,122,99,-210
IMU,85683,-135,-481,1036,124,104,-209
IMU,85693,-157,-486,1037,126,109,-208
IMU,85703,-176,-475,1025,128,113,-207
IMU,85712,-181,-458,1023,130,115,-205
IMU,85722,-171,-438,1022,131,118,-203
IMU,85732,-153,-437,1008,133,120,-202
IMU,85742,-152,-430,984,135,123,-202
IMU,85751,-161,-429,965,137,124,-204
IMU,85761,-180,-414,952,138,125,-206
IMU,85771,-190,-400,950,139,126,-209
IMU,85781,-177,-399,955,138,125,-211
IMU,85791,-170,-399,966,137,125,-213
IMU,85800,-173,-394,959,135,125,-215
IMU,85810,-185,-395,955,133,123,-217
IMU,85820,-210,-377,940,132,121,-218
IMU,85830,-233,-353,914,131,118,-219
IMU,85839,-250,-349,920,129,114,-220
IMU,85849,-241,-361,958,129,109,-220
IMU,85859,-227,-364,966,129,106,-220
IMU,85869,-210,-367,1010,130,104,-219
IMU,85878,-205,-366,997,130,104,-216
IMU,85888,-212,-356,977,131,104,-215
IMU,85898,-241,-342,949,131,103,-214
IMU,85908,-273,-301,900,130,101,-214
IMU,85917,-292,-260,881,126,96,-215
IMU,85927,-293,-236,868,120,89,-217
IMU,85937,-272,-263,919,112,81,-219
IMU,85947,-265,-289,940,107,76,-221
IMU,85957,-260,-320,984,104,73,-222
IMU,85966,-275,-341,977,104,72,-221
IMU,85976,-299,-353,976,105,70,-220
IMU,85986,-319,-342,967,106,67,-220
IMU,85996,-327,-326,955,109,63,-218
IMU,86005,-333,-305,930,110,61,-216
IMU,86015,-331,-292,919,109,59,-214
IMU,86025,-322,-280,902,107,57,-211
IMU,86035,-313,-264,888,103,55,-207
IMU,86044,-314,-243,888,100,54,-205
IMU,86054,-306,-253,871,99,54,-204
IMU,86064,-309,-267,887,97,51,-204
IMU,86075,-293,-290,923,96,48,-205
IMU,86083,-275,-294,922,94,47,-205
IMU,86094,-274,-297,901,93,49,-202
IMU,86104,-296,-305,895,90,50,-200
IMU,86113,-328,-294,873,88,50,-198
IMU,86124,-382,-245,867,85,46,-195
IMU,86132,-338,-291,881,82,42,-194
IMU,86142,-343,-250,839,79,40,-190
IMU,86152,-342,-238,888,74,35,-187
IMU,86162,-330,-236,881,72,35,-182
IMU,86171,-338,-214,868,67,33,-180
IMU,86181,-341,-218,898,64,31,-178
IMU,86191,-354,-195,876,60,28,-176
IMU,86201,-367,-195,874,55,25,-173
IMU,86210,-390,-193,839,50,22,-168
IMU,86220,-412,-172,836,44,17,-161
IMU,86230,-414,-143,874,37,13,-156
IMU,86240,-398,-147,884,32,13,-150
IMU,86250,-397,-158,909,27,12,-143
IMU,86259,-399,-156,921,21,12,-136
IMU,86269,-390,-148,933,16,10,-130
IMU,86279,-373,-135,943,11,7,-125
IMU,86289,-357,-135,970,7,7,-120
IMU,86298,-349,-131,975,4,8,-113
IMU,86308,-348,-130,978,1,11,-106
IMU,86318,-352,-130,992,0,13,-99
IMU,86328,-350,-123,1001,0,16,-92
IMU,86337,-355,-106,1006,0,18,-87
IMU,86347,-347,-82,1009,0,21,-81
IMU,86357,-345,-57,992,-1,22,-77
IMU,86367,-348,-65,1017,-8,21,-73
IMU,86376,-344,-87,1044,-13,21,-67
IMU,86386,-349,-106,1069,-13,24,-58
IMU,86396,-358,-127,1104,-8,26,-51
IMU,86406,-360,-123,1126,-1,26,-45
IMU,86416,-339,-118,1127,6,25,-42
IMU,86425,-308,-110,1125,14,25,-40
IMU,86435,-284,-89,1087,17,26,-42
IMU,86445,-302,-66,1079,13,23,-49
IMU,86455,-283,-96,1132,10,24,-52
IMU,86464,-290,-104,1095,10,30,-49
IMU,86474,-329,-118,1132,14,35,-45
IMU,86484,-358,-130,1134,22,35,-41
IMU,86494,-346,-107,1101,29,30,-40
IMU,86503,-305,-115,1105,34,26,-42
IMU,86513,-270,-129,1110,37,26,-43
IMU,86523,-260,-168,1101,37,28,-45
IMU,86533,-267,-209,1143,38,32,-44
IMU,86542,-303,-241,1185,40,38,-42
IMU,86552,-309,-255,1154,44,40,-41
IMU,86562,-318,-262,1145,50,36,-41
IMU,86572,-301,-263,1134,58,31,-43
IMU,86582,-295,-251,1072,63,25,-45
IMU,86592,-297,-262,1045,68,19,-48
IMU,86601,-311,-283,1019,69,15,-50
IMU,86611,-329,-314,1029,69,10,-52
IMU,86621,-349,-340,1048,69,4,-55
IMU,86630,-345,-403,1094,72,0,-56
IMU,86640,-339,-443,1116,79,-3,-54
IMU,86650,-331,-447,1092,87,-6,-54
IMU,86660,-330,-457,1059,96,-8,-54
IMU,86669,-338,-461,1041,103,-9,-53
IMU,86679,-350,-459,981,107,-10,-53
IMU,86689,-374,-445,889,107,-15,-53
IMU,86699,-387,-464,876,105,-25,-55
IMU,86708,-364,-483,898,102,-29,-53
IMU,86718,-348,-487,866,99,-33,-52
IMU,86728,-347,-501,906,96,-39,-53
IMU,86738,-346,-534,959,94,-45,-56
IMU,86748,-351,-552,967,94,-50,-60
IMU,86757,-369,-571,959,93,-53,-63
IMU,86767,-372,-588,920,91,-53,-66
IMU,86777,-356,-613,889,89,-52,-69
IMU,86787,-342,-632,874,88,-51,-71
IMU,86796,-339,-636,854,86,-49,-76
IMU,86806,-342,-634,825,85,-50,-81
IMU,86816,-341,-627,845,83,-54,-85
IMU,86826,-343,-617,888,78,-57,-87
IMU,86835,-353,-606,894,72,-56,-87
IMU,86845,-377,-584,876,65,-52,-86
IMU,86855,-381,-593,854,58,-45,-85
IMU,86865,-365,-604,830,52,-41,-83
IMU,86875,-350,-602,808,47,-39,-82
IMU,86884,-334,-598,792,41,-39,-84
IMU,86894,-319,-592,819,35,-39,-85
IMU,86904,-289,-599,856,30,-35,-86
IMU,86914,-277,-619,886,25,-30,-84
IMU,86923,-283,-649,934,20,-21,-82
IMU,86933,-297,-658,930,16,-10,-78
IMU,86943,-318,-643,889,13,-4,-75
IMU,86953,-332,-618,848,10,0,-74
IMU,86962,-333,-606,819,7,1,-73
IMU,86972,-315,-595,804,2,2,-72
IMU,86982,-314,-581,826,-2,4,-70
IMU,86992,-322,-582,857,-7,6,-69
IMU,87001,-328,-585,883,-10,9,-68
IMU,87011,-341,-579,888,-12,13,-65
IMU,87021,-359,-571,882,-14,16,-63
IMU,87031,-385,-548,846,-15,18,-61
IMU,87041,-400,-520,812,-18,18,-59
IMU,87050,-408,-493,781,-21,17,-56
IMU,87060,-404,-472,774,-24,16,-55
IMU,87070,-395,-482,773,-27,16,-54
IMU,87080,-388,-480,776,-31,16,-52
IMU,87089,-386,-476,786,-34,17,-50
IMU,87099,-381,-478,815,-38,16,-48
IMU,87109,-386,-473,830,-40,14,-47
IMU,87119,-396,-458,849,-42,10,-46
IMU,87128,-403,-439,849,-44,7,-44
IMU,87138,-403,-417,855,-46,2,-42
IMU,87148,-396,-410,857,-49,-1,-39
IMU,87158,-383,-410,865,-51,-4,-36
IMU,87167,-374,-407,865,-53,-7,-33
IMU,87177,-356,-414,883,-54,-9,-31
IMU,87187,-347,-408,898,-53,-11,-28
IMU,87197,-345,-389,918,-51,-11,-26
IMU,87207,-348,-367,930,-49,-11,-23
IMU,87216,-357,-337,944,-49,-11,-20
IMU,87226,-362,-315,956,-50,-10,-17
IMU,87236,-362,-300,969,-50,-8,-12
IMU,87246,-353,-287,984,-50,-6,-9
IMU,87255,-341,-272,995,-50,-4,-6
IMU,87265,-329,-258,1013,-49,-2,-5
IMU,87275,-326,-235,1013,-49,-1,-3
IMU,87285,-336,-192,1028,-49,0,-3
IMU,87294,-339,-157,1035,-49,0,-3
IMU,87304,-341,-132,1060,-51,-1,-2
IMU,87314,-348,-121,1087,-52,0,-1
IMU,87324,-356,-113,1110,-53,1,0
IMU,87333,-371,-101,1113,-53,2,0
IMU,87343,-380,-93,1137,-52,4,1
IMU,87353,-377,-82,1154,-50,7,4
IMU,87363,-369,-83,1162,-49,8,8
IMU,87373,-369,-85,1176,-48,9,12
IMU,87382,-378,-77,1205,-44,11,18
IMU,87392,-384,-59,1227,-40,16,22
IMU,87402,-384,-25,1218,-36,23,25
IMU,87412,-370,-5,1202,-34,28,26
IMU,87421,-356,0,1183,-32,33,27
IMU,87431,-347,-3,1195,-31,37,27
IMU,87441,-354,-12,1208,-30,37,26
IMU,87451,-358,-27,1228,-28,34,24
IMU,87460,-357,-46,1247,-27,29,23
IMU,87470,-355,-30,1257,-27,23,22
IMU,87480,-342,-13,1273,-27,18,19
IMU,87490,-309,-57,1273,-26,17,15
IMU,87500,-295,-86,1242,-26,15,13
IMU,87509,-285,-111,1185,-25,14,10
IMU,87519,-279,-135,1141,-24,11,6
IMU,87529,-259,-171,1131,-20,10,2
IMU,87539,-237,-203,1116,-14,13,0
IMU,87548,-236,-234,1129,-6,17,-1
IMU,87558,-250,-263,1143,4,23,-2
IMU,87568,-262,-259,1148,15,29,-2
IMU,87578,-269,-239,1142,22,33,-3
IMU,87587,-262,-223,1133,27,34,-5
IMU,87597,-257,-204,1124,30,34,-8
IMU,87607,-260,-185,1118,32,32,-11
IMU,87617,-271,-178,1108,35,29,-15
IMU,87626,-271,-174,1115,38,23,-18
IMU,87636,-255,-171,1101,41,18,-23
IMU,87646,-228,-175,1069,44,13,-27
IMU,87656,-216,-176,1053,46,11,-32
IMU,87666,-209,-165,1052,45,11,-39
IMU,87675,-190,-175,1018,44,11,-51
IMU,87685,-175,-220,974,40,6,-63
IMU,87695,-158,-284,969,36,1,-69
IMU,87705,-149,-310,931,31,-3,-67
IMU,87714,-159,-306,993,30,-4,-66
IMU,87724,-170,-350,1031,34,0,-65
IMU,87734,-188,-374,1015,40,4,-64
IMU,87744,-204,-384,975,46,10,-62
IMU,87753,-200,-413,922,50,14,-62
IMU,87763,-188,-433,905,52,20,-62
IMU,87773,-183,-429,902,53,27,-60
IMU,87783,-195,-433,895,54,37,-56
IMU,87792,-211,-449,906,56,44,-52
IMU,87802,-245,-452,878,59,49,-48
IMU,87812,-277,-450,850,61,47,-45
IMU,87822,-279,-446,839,62,42,-44
IMU,87832,-271,-437,822,60,39,-42
IMU,87841,-255,-450,834,55,34,-42
IMU,87851,-241,-490,876,49,30,-44
IMU,87861,-246,-577,942,48,33,-44
IMU,87871,-259,-579,971,42,43,-41
IMU,87880,-285,-588,939,34,63,-40
IMU,87890,-335,-604,779,47,60,-41
IMU,87900,-325,-657,752,59,48,-28
IMU,87910,-379,-630,758,58,35,-12
IMU,87919,-373,-588,763,54,26,-2
IMU,87929,-376,-572,786,51,22,-6
IMU,87939,-387,-616,812,54,27,-21
IMU,87949,-409,-652,832,55,31,-27
IMU,87958,-401,-663,812,50,31,-26
IMU,87968,-362,-682,758,51,27,-22
IMU,87978,-391,-665,774,49,13,-24
IMU,87988,-393,-649,781,42,6,-28
IMU,87998,-404,-688,771,37,3,-34
IMU,88007,-410,-725,745,34,-5,-33
IMU,88017,-370,-733,796,33,-8,-34
IMU,88027,-340,-746,755,31,-9,-37
IMU,88037,-325,-787,761,30,-11,-39
IMU,88046,-334,-786,728,25,-14,-39
IMU,88056,-356,-757,743,19,-22,-41
IMU,88066,-353,-758,789,13,-28,-42
IMU,88076,-347,-751,795,8,-33,-41
IMU,88085,-342,-753,803,3,-36,-39
IMU,88095,-342,-778,792,0,-41,-38
IMU,88105,-351,-771,829,-2,-44,-36
IMU,88115,-355,-789,786,-4,-46,-35
IMU,88125,-354,-797,800,-4,-47,-33
IMU,88134,-345,-783,782,-1,-42,-30
IMU,88144,-336,-756,768,0,-35,-27
IMU,88154,-348,-717,757,2,-27,-23
IMU,88164,-367,-663,723,2,-21,-21
IMU,88173,-382,-603,695,0,-19,-19
IMU,88183,-393,-562,699,-5,-20,-18
IMU,88193,-397,-540,716,-12,-23,-18
IMU,88203,-390,-542,755,-18,-26,-17
IMU,88212,-377,-554,802,-23,-28,-17
IMU,88222,-356,-565,843,-26,-30,-18
IMU,88232,-326,-548,882,-28,-32,-21
IMU,88242,-301,-523,894,-29,-35,-23
IMU,88251,-299,-482,885,-29,-38,-26
IMU,88261,-310,-441,878,-30,-42,-27
IMU,88271,-326,-412,871,-32,-44,-27
IMU,88281,-327,-414,866,-34,-45,-25
IMU,88291,-305,-421,871,-35,-43,-24
IMU,88300,-276,-404,878,-35,-39,-23
IMU,88310,-248,-419,864,-36,-34,-21
IMU,88320,-265,-398,884,-37,-31,-17
IMU,88330,-298,-364,897,-36,-28,-13
IMU,88339,-329,-321,888,-37,-26,-7
IMU,88349,-337,-267,881,-39,-24,0
IMU,88359,-325,-234,859,-43,-22,8
IMU,88369,-323,-221,854,-48,-21,14
IMU,88378,-324,-231,864,-52,-21,18
IMU,88388,-312,-244,913,-54,-22,20
IMU,88398,-292,-242,951,-54,-21,22
IMU,88408,-285,-221,984,-54,-19,24
IMU,88417,-299,-190,1010,-54,-16,27
IMU,88427,-316,-147,1010,-56,-12,31
IMU,88437,-339,-129,984,-58,-10,36
IMU,88447,-359,-102,971,-59,-11,40
IMU,88457,-350,-90,973,-60,-13,42
IMU,88466,-338,-89,967,-54,-17,48
IMU,88476,-338,-92,1051,-58,-15,51
IMU,88486,-348,-64,1029,-59,-12,55
IMU,88497,-367,-20,1062,-58,-12,57
IMU,88505,-381,25,1097,-57,-10,56
IMU,88516,-392,41,1102,-53,-7,53
IMU,88526,-391,6,1133,-53,-5,52
IMU,88535,-391,14,1108,-51,-5,52
IMU,88545,-382,8,1116,-49,-8,48
IMU,88554,-378,17,1104,-48,-10,46
IMU,88564,-373,18,1138,-46,-12,42
IMU,88575,-368,13,1157,-43,-12,40
IMU,88583,-370,3,1181,-40,-13,39
IMU,88593,-378,-10,1187,-36,-14,37
IMU,88604,-370,-15,1183,-32,-17,35
IMU,88613,-356,-19,1169,-29,-19,33
IMU,88623,-345,-28,1158,-27,-20,31
IMU,88632,-344,-28,1150,-25,-21,29
IMU,88642,-346,-16,1168,-24,-22,27
IMU,88652,-344,-7,1183,-24,-22,25
IMU,88662,-342,-6,1201,-23,-24,22
IMU,88671,-341,-25,1244,-23,-30,18
IMU,88681,-322,-64,1317,-24,-39,13
IMU,88691,-294,-133,1401,-23,-48,9
IMU,88701,-247,-200,1439,-20,-51,7
IMU,88710,-202,-270,1422,-14,-49,9
IMU,88720,-187,-328,1423,-4,-42,11
IMU,88730,-193,-336,1335,7,-32,12
IMU,88740,-203,-319,1224,20,-24,11
IMU,88750,-205,-294,1158,31,-17,7
IMU,88759,-205,-260,1118,42,-9,2
IMU,88769,-203,-232,1111,50,-2,-4
IMU,88779,-214,-212,1119,55,4,-12
IMU,88789,-225,-206,1139,56,9,-18
IMU,88798,-231,-201,1146,55,12,-24
IMU,88808,-239,-211,1141,53,14,-29
IMU,88818,-243,-233,1118,52,13,-34
IMU,88828,-255,-231,1096,54,11,-38
IMU,88837,-257,-222,1052,58,8,-44
IMU,88847,-259,-209,1003,60,3,-51
IMU,88857,-235,-220,950,57,-5,-60
IMU,88868,-199,-258,955,49,-15,-68
IMU,88876,-156,-302,1008,41,-21,-72
IMU,88886,-116,-373,1092,35,-22,-73
IMU,88896,-113,-464,1169,36,-17,-73
IMU,88906,-132,-531,1155,42,-8,-74
IMU,88916,-138,-588,1117,55,4,-73
IMU,88925,-149,-609,1018,66,15,-69
IMU,88935,-154,-603,921,75,21,-62
IMU,88945,-155,-546,898,83,27,-55
IMU,88955,-154,-505,874,87,35,-51
IMU,88964,-158,-477,853,88,44,-46
IMU,88974,-179,-449,844,87,51,-41
IMU,88984,-208,-434,851,80,53,-39
IMU,88994,-232,-430,876,72,51,-41
IMU,89003,-242,-436,852,61,45,-44
IMU,89013,-244,-453,843,52,39,-48
IMU,89023,-240,-476,834,46,36,-51
IMU,89033,-235,-486,814,43,34,-53
IMU,89042,-234,-501,812,42,32,-55
IMU,89052,-228,-524,824,41,30,-57
IMU,89062,-216,-559,848,41,29,-59
IMU,89072,-212,-579,857,43,31,-59
IMU,89082,-221,-578,848,45,35,-58
IMU,89091,-253,-574,848,46,40,-55
IMU,89101,-284,-560,826,46,40,-51
IMU,89111,-303,-540,804,45,35,-48
IMU,89121,-304,-526,801,43,30,-45
IMU,89130,-295,-511,797,40,24,-43
IMU,89140,-276,-517,805,34,16,-41
IMU,89150,-256,-547,845,29,9,-39
IMU,89160,-249,-568,869,25,5,-37
IMU,89169,-247,-584,876,22,2,-35
IMU,89179,-250,-599,862,20,0,-33
IMU,89189,-259,-602,846,19,-4,-30
IMU,89199,-259,-604,839,17,-7,-27
IMU,89208,-252,-621,842,15,-9,-24
IMU,89218,-251,-637,865,14,-11,-21
IMU,89228,-244,-640,867,13,-9,-16
IMU,89238,-243,-651,868,12,-6,-11
IMU,89248,-247,-655,871,13,-1,-7
IMU,89257,-236,-652,859,12,4,-2
IMU,89267,-215,-647,837,10,10,0
IMU,89277,-204,-635,819,7,14,1
IMU,89287,-201,-648,807,3,15,0
IMU,89296,-223,-650,816,-2,10,-1
IMU,89306,-242,-654,839,-9,4,-5
IMU,89316,-249,-660,852,-17,-3,-9
IMU,89326,-240,-673,890,-24,-8,-11
IMU,89335,-230,-680,901,-31,-10,-12
IMU,89345,-241,-684,890,-36,-9,-12
IMU,89355,-275,-691,860,-38,-8,-12
IMU,89365,-303,-674,818,-39,-7,-12
IMU,89375,-319,-666,799,-39,-9,-13
IMU,89385,-306,-655,800,-39,-10,-14
IMU,89394,-293,-647,801,-41,-9,-13
IMU,89405,-279,-634,790,-46,-7,-11
IMU,89415,-275,-637,827,-50,-7,-9
IMU,89423,-295,-648,873,-55,-9,-8
IMU,89434,-317,-654,907,-60,-16,-7
IMU,89443,-317,-667,933,-62,-21,-6
IMU,89453,-289,-671,954,-63,-26,-5
IMU,89462,-252,-666,967,-62,-28,-2
IMU,89472,-235,-648,963,-59,-27,1
IMU,89482,-242,-616,949,-57,-27,6
IMU,89492,-254,-581,949,-56,-29,9
IMU,89501,-261,-550,971,-54,-31,13
IMU,89511,-254,-506,954,-52,-33,15
IMU,89521,-245,-494,960,-51,-33,15
IMU,89531,-223,-474,988,-50,-34,16
IMU,89541,-243,-468,1007,-49,-34,16
IMU,89550,-286,-449,989,-51,-37,18
IMU,89560,-284,-394,1046,-52,-41,21
IMU,89570,-284,-356,1034,-51,-40,23
IMU,89580,-290,-322,1026,-52,-41,26
IMU,89589,-305,-265,1005,-52,-40,27
IMU,89599,-307,-220,967,-54,-43,27
IMU,89609,-310,-192,970,-56,-46,27
IMU,89619,-310,-184,1007,-56,-48,26
IMU,89628,-300,-209,1063,-54,-47,26
IMU,89638,-285,-214,1116,-51,-44,25
IMU,89648,-280,-205,1132,-47,-38,27
IMU,89658,-281,-181,1119,-44,-32,31
IMU,89667,-276,-129,1078,-45,-26,39
IMU,89677,-193,-47,1044,-44,-28,40
IMU,89687,-307,-38,1052,-50,-28,43
IMU,89697,-368,-55,1013,-62,-30,56
IMU,89707,-368,78,962,-68,-35,61
IMU,89716,-395,104,1050,-62,-35,58
IMU,89726,-339,69,1093,-57,-24,51
IMU,89736,-322,7,1072,-57,-17,50
IMU,89746,-305,-20,1107,-56,-12,52
IMU,89755,-301,-27,1129,-54,-5,54
IMU,89765,-301,-29,1101,-52,0,56
IMU,89775,-302,-29,1085,-49,6,56
IMU,89785,-307,-18,1048,-47,9,56
IMU,89794,-315,-7,1020,-44,12,54
IMU,89804,-322,4,1001,-42,13,52
IMU,89814,-323,0,1002,-40,13,48
IMU,89824,-329,12,988,-41,10,43
IMU,89833,-326,-18,1047,-40,7,36
IMU,89843,-304,-115,1147,-36,10,34
IMU,89853,-309,-98,1129,-28,18,36
IMU,89863,-321,-77,1075,-23,20,34
IMU,89873,-331,-89,1092,-17,21,32
IMU,89882,-339,-80,1057,-12,20,29
IMU,89892,-338,-85,1046,-9,17,25
IMU,89902,-332,-97,1056,-5,14,22
IMU,89912,-317,-116,1090,-3,12,19
IMU,89921,-306,-140,1119,0,13,18
IMU,89931,-309,-156,1139,4,16,17
IMU,89941,-324,-147,1129,9,20,18
IMU,89951,-336,-134,1131,13,23,18
IMU,89960,-335,-124,1135,18,24,17
IMU,89970,-331,-126,1142,22,22,15
IMU,89980,-321,-144,1171,25,16,10
IMU,89990,-300,-170,1212,28,10,6
IMU,90000,-278,-196,1234,30,5,3
IMU,90009,-257,-219,1238,31,2,0
IMU,90019,-251,-238,1226,32,0,-1
IMU,90029,-255,-252,1195,33,0,-4
IMU,90039,-273,-275,1160,35,-1,-8
IMU,90048,-280,-308,1142,37,-3,-11
IMU,90058,-282,-334,1108,41,-6,-14
IMU,90068,-273,-368,1120,44,-8,-16
IMU,90078,-254,-397,1128,47,-8,-16
IMU,90087,-234,-405,1125,50,-4,-14
IMU,90097,-242,-423,1139,54,1,-11
IMU,90107,-274,-415,1116,59,7,-8
IMU,90117,-304,-388,1082,63,8,-6
IMU,90126,-328,-346,1038,67,7,-6
IMU,90136,-325,-313,996,69,3,-5
IMU,90146,-300,-290,952,66,0,-6
IMU,90156,-272,-303,958,60,-5,-7
IMU,90166,-250,-329,974,53,-10,-10
IMU,90175,-244,-352,972,47,-14,-13
IMU,90185,-254,-380,961,42,-17,-18
IMU,90195,-255,-397,948,37,-20,-24
IMU,90205,-248,-416,931,34,-21,-29
IMU,90214,-237,-441,910,31,-22,-32
IMU,90224,-233,-459,891,30,-21,-33
IMU,90234,-234,-473,871,29,-19,-32
IMU,90244,-236,-480,856,27,-17,-31
IMU,90253,-227,-492,862,25,-17,-31
IMU,90263,-208,-523,908,23,-14,-33
IMU,90273,-194,-562,923,24,-8,-33
IMU,90283,-195,-598,926,25,-3,-30
IMU,90292,-223,-581,915,27,2,-26
IMU,90302,-241,-562,877,29,5,-23
IMU,90312,-241,-545,841,29,5,-22
IMU,90322,-233,-538,831,27,5,-22
IMU,90332,-217,-550,836,25,5,-22
IMU,90341,-221,-555,856,22,7,-22
IMU,90351,-235,-573,867,21,10,-23
IMU,90361,-257,-568,859,17,13,-17
IMU,90371,-215,-552,824,15,13,-17
IMU,90380,-190,-591,894,17,16,-21
IMU,90390,-204,-602,822,18,22,-23
IMU,90400,-261,-559,794,20,22,-25
IMU,90410,-282,-539,772,19,21,-25
IMU,90419,-270,-544,792,17,20,-24
IMU,90429,-255,-538,793,14,21,-20
IMU,90439,-256,-545,800,11,22,-17
IMU,90449,-262,-555,803,10,24,-15
IMU,90458,-267,-555,791,8,25,-13
IMU,90468,-265,-543,782,7,23,-13
IMU,90478,-253,-535,788,5,22,-13
IMU,90488,-247,-532,788,4,21,-14
IMU,90498,-249,-531,808,3,21,-13
IMU,90508,-267,-531,824,3,22,-11
IMU,90517,-292,-531,820,4,22,-10
IMU,90528,-311,-526,823,5,19,-8
IMU,90537,-305,-518,824,5,16,-7
IMU,90546,-288,-510,844,4,12,-7
IMU,90556,-283,-501,847,2,8,-7
IMU,90566,-290,-496,841,0,4,-8
IMU,90576,-296,-500,839,-3,0,-9
IMU,90585,-303,-514,854,-6,-4,-10
IMU,90595,-295,-515,881,-7,-8,-11
IMU,90605,-276,-527,887,-6,-9,-15
IMU,90615,-262,-549,894,-4,-9,-19
IMU,90625,-267,-569,889,-5,-12,-22
IMU,90634,-293,-537,895,-9,-19,-24
IMU,90644,-314,-505,931,-14,-27,-27
IMU,90654,-309,-505,947,-19,-35,-29
IMU,90664,-285,-516,998,-25,-42,-32
IMU,90673,-260,-515,1048,-29,-47,-35
IMU,90683,-240,-515,1083,-31,-50,-38
IMU,90693,-230,-527,1087,-32,-50,-39
IMU,90703,-207,-513,1085,-32,-51,-39
IMU,90712,-259,-545,1045,-32,-50,-38
IMU,90722,-331,-603,947,-37,-52,-34
IMU,90732,-310,-552,1002,-40,-57,-27
IMU,90742,-296,-531,1003,-42,-53,-21
IMU,90751,-290,-527,1028,-44,-46,-15
IMU,90761,-256,-551,1114,-43,-33,-6
IMU,90771,-258,-521,1087,-40,-17,3
IMU,90781,-280,-488,1055,-40,-9,10
IMU,90791,-306,-458,1027,-41,-4,15
IMU,90800,-316,-440,1016,-44,-5,19
IMU,90810,-314,-434,1044,-45,-5,22
IMU,90820,-313,-414,1063,-44,-5,25
IMU,90830,-319,-386,1081,-44,-6,27
IMU,90839,-332,-341,1065,-44,-7,29
IMU,90849,-348,-287,1040,-48,-10,32
IMU,90859,-354,-244,995,-52,-14,34
IMU,90869,-346,-227,973,-57,-18,35
IMU,90878,-328,-220,950,-61,-22,35
IMU,90889,-308,-262,957,-63,-27,32
IMU,90899,-264,-301,1020,-62,-30,27
IMU,90908,-264,-310,1048,-59,-31,23
IMU,90918,-248,-291,1043,-54,-31,18
IMU,90927,-256,-271,1038,-51,-29,18
IMU,90937,-283,-220,998,-49,-25,20
IMU,90948,-316,-179,938,-50,-24,21
IMU,90957,-322,-155,916,-52,-26,22
IMU,90967,-306,-141,902,-55,-29,22
IMU,90977,-271,-151,914,-57,-30,22
IMU,90986,-248,-179,942,-57,-27,23
IMU,90996,-232,-208,981,-56,-22,24
IMU,91005,-238,-220,995,-54,-14,26
IMU,91015,-251,-215,987,-51,-6,30
IMU,91025,-263,-199,967,-48,1,33
IMU,91035,-273,-181,944,-45,7,36
IMU,91044,-280,-166,917,-42,11,37
IMU,91054,-283,-164,909,-38,15,37
IMU,91064,-284,-158,904,-35,17,36
IMU,91074,-294,-146,911,-33,19,35
IMU,91083,-309,-134,926,-31,21,34
IMU,91093,-326,-124,943,-30,21,33
IMU,91103,-335,-111,957,-29,18,31
IMU,91113,-348,-91,975,-27,16,29
IMU,91123,-351,-69,969,-25,13,25
IMU,91132,-345,-67,965,-23,8,20
IMU,91142,-334,-63,958,-21,5,17
IMU,91152,-331,-71,935,-20,4,15
IMU,91162,-342,-74,944,-18,1,14
IMU,91171,-355,-68,954,-15,0,12
IMU,91181,-360,-57,957,-11,-1,10
IMU,91191,-366,-45,981,-8,-4,9
IMU,91201,-361,-40,1017,-4,-3,7
IMU,91210,-356,-62,1032,0,-2,5
IMU,91220,-356,-69,1055,1,-2,5
IMU,91230,-353,-74,1054,3,-1,6
IMU,91240,-355,-75,1039,5,-2,7
IMU,91250,-356,-80,1041,7,-2,9
IMU,91259,-352,-91,1034,9,-4,9
IMU,91269,-344,-109,1040,10,-5,9
IMU,91279,-338,-122,1041,10,-6,9
IMU,91289,-323,-141,1063,11,-5,9
IMU,91298,-305,-163,1087,12,-2,10
IMU,91308,-316,-169,1103,14,2,12
IMU,91318,-328,-155,1108,17,7,14
IMU,91328,-323,-132,1114,22,12,15
IMU,91337,-321,-104,1111,27,12,14
IMU,91347,-320,-108,1160,30,8,9
IMU,91357,-323,-122,1203,33,0,2
IMU,91367,-319,-142,1232,35,-8,-4
IMU,91376,-307,-160,1255,37,-16,-10
IMU,91386,-290,-153,1238,37,-22,-14
IMU,91396,-272,-149,1231,36,-27,-16
IMU,91406,-259,-149,1213,34,-32,-18
IMU,91416,-251,-172,1192,33,-39,-21
IMU,91425,-241,-193,1143,32,-44,-23
IMU,91436,-217,-221,1086,30,-48,-26
IMU,91445,-188,-246,1065,31,-47,-27
IMU,91455,-154,-289,1044,32,-42,-28
IMU,91465,-153,-320,1050,32,-33,-26
IMU,91474,-171,-328,1063,34,-25,-24
IMU,91484,-187,-349,1123,37,-19,-21
IMU,91494,-195,-356,1127,40,-13,-19
IMU,91503,-207,-365,1104,41,-9,-17
IMU,91513,-211,-369,1072,39,-6,-18
IMU,91523,-205,-363,1019,35,-7,-22
IMU,91533,-192,-373,1025,29,-9,-26
IMU,91542,-174,-388,1057,23,-11,-30
IMU,91552,-166,-401,1091,20,-13,-34
IMU,91562,-169,-440,1108,17,-15,-37
IMU,91572,-171,-469,1110,16,-16,-38
IMU,91582,-169,-502,1091,16,-12,-38
IMU,91591,-165,-534,1058,19,-6,-37
IMU,91601,-159,-561,1042,24,1,-37
SPM,83581,54.41
SPM,86615,53.32
SPM,89636,53.32
GPS,91933,59.416982,17.982087,3.63,1.11,14,0.80,15.50,50.10
GPS,92548,59.416982,17.982087,3.41,1.11,14,0.80,15.50,50.10
GPS,92919,59.416982,17.982088,3.41,1.04,14,0.80,15.50,50.10
GPS,93525,59.416982,17.982088,0.00,1.04,14,0.80,15.50,50.10
GPS,93916,59.416983,17.982089,0.00,1.02,14,0.80,15.50,50.10
GPS,94531,59.416983,17.982089,0.00,1.02,14,0.80,15.50,50.10
GPS,94932,59.416983,17.982091,0.00,1.02,14,0.80,15.60,50.10
GPS,95566,59.416983,17.982091,0.00,1.02,14,0.80,15.60,50.10
GPS,95927,59.416974,17.982082,0.00,1.99,14,0.80,15.70,50.10
GPS,96562,59.416974,17.982082,4.83,1.99,14,0.80,15.70,212.87
GPS,96914,59.416974,17.982084,4.83,1.96,14,0.80,15.70,212.87
GPS,97558,59.416974,17.982084,0.00,1.96,14,0.80,15.70,212.87
GPS,97919,59.416974,17.982085,0.00,1.93,14,0.80,15.80,212.87
GPS,98554,59.416974,17.982085,0.00,1.93,14,0.80,15.80,212.87
GPS,98916,59.416975,17.982086,0.00,1.86,14,0.80,15.80,212.87
GPS,99550,59.416975,17.982086,0.00,1.86,14,0.80,15.80,212.87
GPS,99931,59.416972,17.982072,0.00,2.32,14,0.80,15.90,212.87
GPS,100566,59.416972,17.982072,3.96,2.32,14,0.80,15.90,250.03
GPS,100937,59.416965,17.982056,3.96,3.30,15,0.80,16.00,250.03
GPS,101582,59.416965,17.982056,3.87,3.30,15,0.80,16.00,231.37
IMU,91611,-165,-568,1008,29,7,-36
IMU,91621,-171,-541,962,34,14,-35
IMU,91630,-179,-493,893,33,18,-35
IMU,91640,-183,-481,927,27,16,-37
IMU,91650,-207,-497,959,17,14,-36
IMU,91660,-248,-542,919,4,12,-26
IMU,91669,-256,-556,948,-6,11,-14
IMU,91679,-237,-526,978,-5,18,-14
IMU,91689,-247,-580,916,0,24,-26
IMU,91699,-277,-639,926,5,25,-29
IMU,91708,-254,-644,956,10,25,-25
IMU,91718,-200,-644,977,16,30,-21
IMU,91728,-169,-639,944,19,37,-18
IMU,91738,-159,-632,933,21,42,-18
IMU,91748,-181,-613,890,21,47,-18
IMU,91757,-221,-594,847,21,47,-21
IMU,91767,-254,-573,830,21,44,-22
IMU,91777,-279,-559,810,21,41,-23
IMU,91787,-251,-548,792,21,37,-23
IMU,91796,-277,-593,811,21,35,-19
IMU,91806,-292,-559,780,13,29,0
IMU,91816,-244,-502,819,11,24,5
IMU,91826,-255,-533,819,15,24,-2
IMU,91835,-284,-549,805,19,23,-11
IMU,91845,-285,-550,786,19,18,-13
IMU,91855,-275,-543,766,19,14,-15
IMU,91865,-274,-538,752,18,10,-16
IMU,91875,-278,-520,744,17,6,-16
IMU,91884,-270,-516,744,16,2,-17
IMU,91894,-263,-520,761,15,0,-18
IMU,91904,-248,-531,761,15,-2,-20
IMU,91914,-229,-548,763,13,-6,-21
IMU,91923,-221,-571,791,11,-9,-21
IMU,91933,-231,-578,809,9,-10,-20
IMU,91943,-251,-589,817,9,-10,-19
IMU,91953,-269,-594,824,11,-10,-17
IMU,91962,-277,-598,838,14,-9,-15
IMU,91972,-270,-596,851,18,-6,-12
IMU,91982,-250,-592,845,21,-1,-9
IMU,91992,-233,-598,843,22,3,-7
IMU,92001,-215,-590,823,22,10,-5
IMU,92011,-209,-594,793,20,14,-2
IMU,92021,-228,-598,788,17,14,0
IMU,92031,-259,-609,785,15,11,-1
IMU,92041,-272,-627,817,11,5,-2
IMU,92050,-256,-652,881,8,1,-4
IMU,92060,-200,-650,918,6,0,-5
IMU,92070,-186,-641,975,6,2,-6
IMU,92080,-214,-617,961,4,4,-8
IMU,92089,-261,-579,929,1,0,-11
IMU,92099,-304,-556,884,-3,-7,-16
IMU,92109,-313,-546,873,-8,-15,-19
IMU,92119,-303,-538,845,-14,-22,-22
IMU,92128,-277,-545,864,-21,-24,-25
IMU,92138,-250,-562,907,-27,-23,-26
IMU,92148,-245,-569,948,-31,-21,-27
IMU,92158,-261,-565,965,-34,-21,-27
IMU,92167,-312,-558,955,-36,-22,-26
IMU,92177,-336,-531,908,-40,-24,-24
IMU,92187,-350,-546,929,-42,-26,-20
IMU,92197,-344,-552,956,-44,-27,-14
IMU,92207,-305,-568,1014,-44,-24,-7
IMU,92216,-257,-573,1026,-42,-18,0
IMU,92226,-235,-574,1031,-38,-13,4
IMU,92236,-245,-558,1026,-35,-10,9
IMU,92246,-291,-520,1033,-30,-8,14
IMU,92255,-334,-480,1040,-24,-6,21
IMU,92265,-362,-427,1016,-20,-5,30
IMU,92275,-372,-384,1008,-18,-4,38
IMU,92285,-366,-328,985,-21,-5,47
IMU,92294,-347,-302,973,-26,-6,55
IMU,92304,-341,-293,975,-30,-7,61
IMU,92314,-365,-277,968,-34,-9,64
IMU,92324,-401,-274,967,-37,-14,65
IMU,92334,-413,-303,1021,-37,-23,64
IMU,92344,-371,-324,1059,-35,-29,62
IMU,92353,-334,-322,1066,-34,-32,60
IMU,92364,-321,-302,1065,-32,-31,58
IMU,92373,-325,-265,1029,-32,-28,57
IMU,92382,-348,-207,970,-33,-27,56
IMU,92393,-362,-168,922,-36,-29,52
IMU,92402,-361,-144,890,-40,-35,50
IMU,92412,-325,-153,903,-43,-42,47
IMU,92421,-286,-155,920,-46,-46,46
IMU,92431,-273,-148,930,-50,-49,44
IMU,92441,-260,-174,999,-53,-50,44
IMU,92451,-252,-163,998,-54,-46,46
IMU,92460,-264,-149,984,-55,-43,48
IMU,92470,-273,-165,990,-55,-41,49
IMU,92480,-275,-164,981,-54,-42,49
IMU,92490,-260,-169,994,-52,-43,48
IMU,92500,-241,-162,991,-51,-43,48
IMU,92509,-242,-138,982,-49,-41,49
IMU,92519,-260,-125,986,-48,-39,51
IMU,92529,-275,-117,1009,-47,-38,54
IMU,92539,-299,-79,1028,-46,-38,56
IMU,92548,-326,-29,1034,-45,-40,54
IMU,92558,-316,-41,1027,-45,-42,50
IMU,92568,-304,-38,1024,-44,-43,49
IMU,92578,-297,-30,995,-45,-44,47
IMU,92587,-293,-35,979,-46,-44,44
IMU,92597,-289,-28,958,-46,-45,40
IMU,92607,-282,-30,984,-47,-46,36
IMU,92617,-282,-23,1014,-48,-47,33
IMU,92626,-270,-26,1049,-48,-46,30
IMU,92636,-263,-24,1068,-49,-43,28
IMU,92646,-263,-27,1085,-49,-39,28
IMU,92656,-273,-17,1069,-49,-34,29
IMU,92666,-287,-12,1046,-48,-31,30
IMU,92675,-304,-14,1047,-47,-29,31
IMU,92685,-303,-22,1048,-45,-28,30
IMU,92695,-296,-33,1079,-43,-27,30
IMU,92705,-281,-55,1123,-40,-24,30
IMU,92714,-274,-68,1171,-36,-17,32
IMU,92724,-290,-61,1187,-32,-10,33
IMU,92734,-303,-58,1184,-30,-6,34
IMU,92744,-297,-66,1190,-28,-5,34
IMU,92753,-303,-72,1161,-25,-4,34
IMU,92763,-308,-82,1152,-21,-3,32
IMU,92773,-300,-84,1137,-18,-3,31
IMU,92783,-281,-78,1128,-15,-2,29
IMU,92792,-267,-69,1146,-12,0,28
IMU,92802,-273,-61,1139,-12,0,26
IMU,92812,-293,-67,1163,-12,0,23
IMU,92822,-310,-73,1172,-11,-3,22
IMU,92832,-317,-91,1197,-11,-8,19
IMU,92841,-308,-145,1220,-9,-14,17
IMU,92851,-297,-178,1231,-5,-17,16
IMU,92861,-294,-190,1215,-3,-20,16
IMU,92871,-289,-203,1201,-1,-23,14
IMU,92880,-273,-197,1177,0,-25,12
IMU,92890,-258,-193,1157,0,-28,10
IMU,92900,-244,-204,1138,0,-31,7
IMU,92910,-222,-229,1108,-2,-33,2
IMU,92919,-193,-267,1119,-4,-32,-3
IMU,92929,-183,-278,1100,-3,-27,-6
IMU,92939,-184,-283,1099,0,-20,-8
IMU,92949,-203,-282,1102,4,-11,-8
IMU,92958,-212,-259,1082,9,-4,-8
IMU,92968,-224,-227,1041,10,0,-9
IMU,92978,-221,-201,1038,7,1,-8
IMU,92988,-228,-198,1060,4,3,-4
IMU,92998,-239,-223,1085,1,7,2
IMU,93007,-249,-277,1107,1,11,8
IMU,93017,-249,-315,1114,4,14,11
IMU,93027,-231,-347,1116,8,15,12
IMU,93037,-202,-366,1120,13,18,13
IMU,93046,-191,-359,1091,20,24,13
IMU,93056,-216,-323,1044,23,30,14
IMU,93066,-246,-294,990,22,32,15
IMU,93076,-273,-284,938,18,30,14
IMU,93085,-295,-282,934,14,23,11
IMU,93095,-291,-294,968,11,16,8
IMU,93105,-289,-305,985,9,9,6
IMU,93115,-279,-338,1045,8,1,4
IMU,93125,-263,-387,1085,7,-2,4
IMU,93134,-249,-417,1071,10,-3,4
IMU,93144,-247,-422,1045,15,-2,4
IMU,93154,-254,-405,1006,21,-1,4
IMU,93164,-251,-367,957,25,0,2
IMU,93173,-207,-332,950,27,-4,-3
IMU,93183,-198,-372,936,25,-6,-6
IMU,93193,-175,-408,895,20,-7,-4
IMU,93203,-149,-407,995,16,-7,-2
IMU,93212,-171,-446,1011,13,0,-1
IMU,93222,-202,-481,1037,14,1,-1
IMU,93232,-229,-495,1027,18,4,-1
IMU,93242,-225,-501,1029,24,5,0
IMU,93251,-208,-486,991,29,9,2
IMU,93261,-197,-468,967,33,14,5
IMU,93271,-202,-452,938,35,21,7
IMU,93281,-218,-443,910,35,25,8
IMU,93291,-244,-451,901,33,27,8
IMU,93300,-263,-455,896,30,27,6
IMU,93310,-267,-461,905,28,25,2
IMU,93320,-260,-468,914,26,23,0
IMU,93330,-255,-481,922,25,23,-2
IMU,93339,-272,-482,914,24,23,-4
IMU,93349,-296,-492,897,24,23,-6
IMU,93359,-325,-526,858,23,21,-5
IMU,93369,-313,-503,867,21,15,-3
IMU,93378,-295,-502,899,24,13,-10
IMU,93388,-287,-526,871,27,11,-14
IMU,93398,-281,-535,887,28,9,-16
IMU,93408,-290,-541,850,29,7,-17
IMU,93417,-301,-548,854,30,4,-18
IMU,93427,-312,-556,841,30,0,-20
IMU,93437,-315,-565,853,31,-5,-21
IMU,93447,-315,-579,860,32,-8,-22
IMU,93457,-308,-593,867,35,-11,-23
IMU,93466,-292,-618,872,37,-12,-25
IMU,93476,-275,-624,860,40,-10,-26
IMU,93486,-268,-620,841,41,-8,-28
IMU,93496,-271,-607,805,41,-6,-29
IMU,93505,-276,-584,778,39,-6,-31
IMU,93515,-279,-582,769,35,-8,-35
IMU,93525,-272,-579,769,30,-11,-38
IMU,93535,-262,-587,796,24,-14,-40
IMU,93545,-253,-592,823,17,-16,-42
IMU,93554,-253,-598,852,13,-15,-42
IMU,93564,-258,-608,865,10,-14,-41
IMU,93574,-270,-617,843,9,-12,-40
IMU,93583,-299,-610,820,8,-12,-39
IMU,93593,-323,-596,792,6,-12,-37
IMU,93603,-332,-587,797,3,-12,-34
IMU,93613,-326,-582,793,0,-12,-30
IMU,93623,-316,-581,826,-4,-10,-27
IMU,93632,-323,-580,826,-7,-8,-23
IMU,93642,-337,-573,826,-11,-6,-20
IMU,93652,-342,-560,824,-13,-5,-17
IMU,93662,-329,-548,827,-15,-3,-13
IMU,93671,-321,-541,801,-18,-3,-9
IMU,93681,-317,-490,792,-21,-5,-7
IMU,93691,-312,-468,799,-25,-7,-10
IMU,93701,-316,-486,806,-30,-11,-12
IMU,93710,-339,-481,820,-36,-15,-15
IMU,93720,-354,-478,844,-40,-17,-16
IMU,93730,-346,-484,865,-44,-18,-17
IMU,93740,-327,-486,892,-46,-18,-16
IMU,93750,-304,-472,908,-46,-17,-15
IMU,93759,-283,-450,906,-47,-17,-15
IMU,93769,-276,-422,903,-48,-18,-16
IMU,93779,-276,-408,897,-48,-20,-18
IMU,93789,-275,-383,904,-49,-22,-18
IMU,93798,-276,-363,894,-52,-25,-21
IMU,93808,-262,-375,942,-56,-27,-23
IMU,93818,-243,-388,977,-57,-27,-23
IMU,93828,-224,-394,1008,-58,-24,-23
IMU,93837,-224,-392,1015,-58,-20,-23
IMU,93847,-229,-376,1018,-56,-16,-23
IMU,93857,-236,-355,999,-54,-13,-23
IMU,93867,-254,-317,985,-52,-10,-24
IMU,93876,-242,-301,984,-50,-9,-26
IMU,93886,-243,-274,991,-49,-5,-27
IMU,93896,-251,-266,1010,-49,-1,-28
IMU,93906,-264,-261,1040,-48,3,-28
IMU,93916,-274,-247,1059,-46,8,-27
IMU,93925,-286,-231,1073,-45,11,-26
IMU,93935,-282,-212,1065,-43,14,-25
IMU,93945,-275,-194,1061,-41,16,-25
IMU,93955,-274,-178,1049,-39,20,-24
IMU,93964,-278,-157,1043,-38,24,-24
IMU,93974,-276,-146,1055,-38,26,-25
IMU,93984,-273,-145,1088,-38,27,-26
IMU,93994,-267,-158,1125,-37,27,-28
IMU,94003,-272,-168,1151,-34,28,-29
IMU,94013,-277,-178,1166,-29,31,-29
IMU,94023,-278,-184,1163,-24,35,-28
IMU,94033,-281,-187,1144,-17,39,-28
IMU,94042,-292,-183,1130,-11,41,-28
IMU,94052,-288,-188,1125,-6,43,-29
IMU,94062,-282,-195,1119,-2,45,-29
IMU,94072,-276,-214,1133,2,47,-29
IMU,94082,-279,-218,1120,7,51,-29
IMU,94091,-277,-242,1124,13,55,-30
IMU,94101,-281,-252,1124,20,59,-30
IMU,94112,-286,-263,1131,28,63,-31
IMU,94121,-286,-280,1127,35,65,-32
IMU,94130,-285,-291,1128,43,68,-35
IMU,94140,-282,-290,1117,50,71,-38
IMU,94150,-276,-293,1120,56,75,-42
IMU,94161,-271,-282,1111,64,80,-46
IMU,94169,-274,-279,1094,69,83,-50
IMU,94179,-283,-276,1090,74,85,-55
IMU,94190,-298,-268,1075,77,85,-61
IMU,94199,-300,-272,1082,80,85,-68
IMU,94208,-296,-277,1090,84,86,-73
IMU,94218,-286,-288,1103,88,89,-78
IMU,94228,-284,-292,1117,91,89,-83
IMU,94238,-282,-288,1121,94,88,-90
IMU,94248,-272,-273,1117,94,84,-99
IMU,94257,-250,-263,1117,93,79,-109
IMU,94267,-220,-261,1116,89,72,-120
IMU,94277,-193,-285,1132,86,66,-131
IMU,94287,-164,-320,1136,83,62,-144
IMU,94296,-144,-356,1141,81,59,-157
IMU,94306,-128,-393,1133,81,60,-166
IMU,94316,-118,-437,1126,85,64,-173
IMU,94326,-117,-455,1089,89,70,-179
IMU,94335,-123,-449,1051,94,75,-184
IMU,94345,-122,-430,1008,98,82,-188
IMU,94355,-118,-401,986,99,88,-190
IMU,94365,-118,-381,976,100,97,-191
IMU,94375,-129,-380,975,100,105,-190
IMU,94384,-150,-385,968,100,111,-190
IMU,94394,-167,-389,974,100,115,-189
IMU,94404,-184,-398,978,102,117,-189
IMU,94414,-191,-418,1000,104,117,-189
IMU,94423,-192,-429,1009,107,117,-188
IMU,94433,-197,-441,1023,111,117,-189
IMU,94443,-203,-446,1025,115,118,-190
IMU,94453,-215,-438,1001,120,117,-192
IMU,94462,-233,-411,968,124,116,-194
IMU,94472,-245,-385,946,127,115,-196
IMU,94482,-254,-358,904,128,113,-198
IMU,94492,-266,-336,888,128,108,-201
IMU,94501,-262,-313,877,126,105,-203
IMU,94511,-253,-301,868,123,101,-206
IMU,94521,-249,-302,878,118,98,-209
IMU,94531,-253,-302,889,113,93,-213
IMU,94541,-259,-303,897,109,88,-215
IMU,94550,-274,-306,910,105,84,-218
IMU,94560,-288,-296,912,102,79,-219
IMU,94570,-291,-326,947,100,76,-218
IMU,94580,-289,-342,961,99,73,-217
IMU,94589,-279,-350,966,98,72,-216
IMU,94599,-273,-352,951,98,71,-214
IMU,94609,-273,-341,930,98,70,-212
IMU,94619,-278,-322,912,97,69,-208
IMU,94628,-288,-322,922,96,67,-205
IMU,94638,-308,-306,941,94,64,-201
IMU,94648,-271,-347,967,95,63,-197
IMU,94658,-291,-338,945,95,62,-195
IMU,94667,-288,-360,990,96,63,-194
IMU,94677,-286,-347,951,97,65,-192
IMU,94687,-292,-355,963,98,66,-190
IMU,94697,-311,-356,965,100,67,-188
IMU,94707,-317,-355,956,102,67,-187
IMU,94716,-322,-358,954,105,66,-186
IMU,94726,-319,-357,952,107,65,-185
IMU,94736,-308,-356,951,109,65,-184
IMU,94746,-309,-354,947,112,65,-183
IMU,94755,-315,-354,936,113,65,-184
IMU,94765,-327,-351,928,115,64,-185
IMU,94775,-333,-345,917,116,61,-187
IMU,94785,-336,-339,912,116,58,-189
IMU,94794,-343,-330,923,116,54,-192
IMU,94804,-335,-324,930,116,52,-196
IMU,94814,-322,-342,926,115,50,-198
IMU,94824,-312,-361,905,113,48,-196
IMU,94833,-323,-341,909,111,45,-195
IMU,94843,-329,-338,899,108,42,-196
IMU,94853,-316,-347,923,107,39,-195
IMU,94863,-303,-360,924,106,38,-193
IMU,94873,-301,-379,948,105,38,-189
IMU,94882,-295,-379,937,105,40,-186
IMU,94892,-290,-355,906,102,42,-182
IMU,94902,-296,-317,877,99,42,-180
IMU,94912,-303,-277,848,92,41,-178
IMU,94921,-311,-256,848,85,41,-177
IMU,94932,-312,-233,829,77,39,-174
IMU,94941,-314,-256,853,71,37,-173
IMU,94952,-334,-299,912,65,35,-172
IMU,94961,-348,-318,930,61,33,-170
IMU,94970,-343,-323,931,58,32,-167
IMU,94980,-336,-312,933,56,34,-163
IMU,94990,-339,-290,905,51,37,-156
IMU,95000,-352,-270,854,46,37,-148
IMU,95010,-378,-207,874,39,35,-139
IMU,95019,-391,-147,873,36,35,-136
IMU,95029,-396,-107,845,32,32,-135
IMU,95040,-379,-120,859,24,27,-135
IMU,95048,-367,-129,897,16,24,-133
IMU,95058,-359,-180,942,11,25,-128
IMU,95068,-366,-213,1011,9,27,-123
IMU,95078,-378,-221,1014,9,31,-116
IMU,95087,-386,-222,1017,9,34,-109
IMU,95097,-394,-193,1001,12,36,-102
IMU,95107,-394,-169,976,13,35,-97
IMU,95117,-388,-149,972,13,33,-93
IMU,95126,-379,-142,992,12,28,-90
IMU,95136,-370,-143,1031,10,25,-86
IMU,95146,-366,-152,1058,8,24,-82
IMU,95156,-360,-163,1074,6,25,-76
IMU,95166,-351,-166,1074,4,26,-71
IMU,95175,-342,-175,1101,4,26,-67
IMU,95185,-331,-169,1097,5,26,-65
IMU,95195,-314,-153,1078,6,25,-64
IMU,95205,-299,-143,1084,7,24,-63
IMU,95214,-279,-130,1091,7,25,-62
IMU,95224,-276,-123,1095,7,27,-59
IMU,95234,-269,-129,1107,6,29,-57
IMU,95244,-262,-137,1101,5,32,-55
IMU,95253,-256,-147,1074,4,34,-54
IMU,95263,-261,-155,1074,3,37,-54
IMU,95273,-260,-179,1054,1,39,-54
IMU,95283,-254,-161,1094,0,40,-53
IMU,95292,-258,-107,1114,1,44,-54
IMU,95302,-256,-62,1132,1,49,-56
IMU,95312,-243,-82,1136,0,51,-57
IMU,95322,-239,-109,1127,-2,51,-56
IMU,95332,-250,-138,1096,-1,51,-55
IMU,95341,-262,-172,1079,0,51,-56
IMU,95351,-274,-188,1057,3,50,-56
IMU,95361,-273,-188,1044,5,48,-58
IMU,95371,-255,-182,1050,6,46,-61
IMU,95380,-235,-176,1071,4,42,-63
IMU,95390,-215,-183,1108,2,39,-65
IMU,95400,-204,-198,1148,2,38,-65
IMU,95410,-207,-208,1134,4,37,-66
IMU,95419,-204,-231,1112,7,34,-66
IMU,95429,-201,-257,1077,12,30,-66
IMU,95439,-200,-274,1052,16,28,-65
IMU,95449,-194,-282,1047,22,28,-64
IMU,95458,-188,-282,1023,27,30,-63
IMU,95469,-178,-278,1036,28,32,-64
IMU,95479,-166,-289,1074,26,33,-63
IMU,95488,-169,-297,1087,24,36,-61
IMU,95499,-187,-334,1125,24,40,-58
IMU,95507,-188,-332,1152,24,46,-55
IMU,95517,-173,-362,1175,20,64,-53
IMU,95528,-259,-363,1019,44,54,-52
IMU,95537,-242,-370,1088,47,46,-51
IMU,95546,-242,-348,996,51,44,-52
IMU,95556,-243,-345,1039,55,40,-52
IMU,95566,-262,-353,1022,55,38,-52
IMU,95576,-282,-362,1053,56,33,-51
IMU,95585,-317,-381,1061,58,30,-50
IMU,95595,-354,-390,1055,62,24,-50
IMU,95605,-367,-393,1035,67,18,-51
IMU,95615,-362,-382,987,72,10,-53
IMU,95625,-352,-384,967,75,2,-56
IMU,95634,-349,-395,927,76,-4,-60
IMU,95644,-348,-410,912,76,-7,-63
IMU,95654,-356,-439,899,76,-10,-64
IMU,95664,-363,-480,912,77,-11,-65
IMU,95673,-364,-505,944,84,-13,-66
IMU,95683,-367,-528,972,91,-14,-67
IMU,95693,-369,-523,962,99,-16,-69
IMU,95703,-366,-504,916,104,-17,-71
IMU,95712,-362,-495,883,105,-17,-72
IMU,95722,-366,-472,836,103,-17,-73
IMU,95732,-368,-471,820,99,-19,-76
IMU,95742,-371,-467,799,96,-21,-78
IMU,95751,-375,-465,792,93,-27,-82
IMU,95761,-364,-492,864,93,-34,-87
IMU,95771,-354,-508,894,94,-38,-90
IMU,95781,-360,-529,909,94,-40,-93
IMU,95791,-362,-544,923,94,-37,-93
IMU,95800,-366,-549,889,94,-32,-90
IMU,95810,-373,-542,863,94,-28,-88
IMU,95820,-373,-524,816,92,-25,-87
IMU,95830,-365,-498,802,89,-27,-87
IMU,95839,-268,-435,859,83,-34,-92
IMU,95849,-297,-488,862,74,-36,-92
IMU,95859,-340,-544,864,63,-39,-87
IMU,95869,-334,-545,887,58,-31,-86
IMU,95878,-316,-556,922,53,-25,-84
IMU,95888,-325,-567,909,49,-17,-82
IMU,95898,-326,-575,889,47,-14,-80
IMU,95908,-307,-566,880,46,-11,-79
IMU,95917,-283,-557,862,44,-7,-80
IMU,95927,-272,-546,853,40,-2,-78
IMU,95937,-282,-529,848,35,1,-77
IMU,95947,-297,-535,860,28,4,-76
IMU,95957,-316,-547,884,23,7,-76
IMU,95966,-330,-559,876,18,8,-77
IMU,95976,-343,-565,857,15,8,-78
IMU,95986,-348,-564,837,11,6,-80
IMU,95996,-340,-561,838,7,5,-80
IMU,96005,-329,-565,848,2,6,-81
IMU,96015,-325,-586,864,-1,7,-80
IMU,96025,-331,-603,861,-2,11,-79
IMU,96035,-341,-616,860,-2,15,-78
IMU,96044,-345,-621,854,-1,19,-76
IMU,96054,-347,-615,837,0,24,-74
IMU,96064,-348,-605,839,0,28,-72
IMU,96074,-348,-593,833,0,32,-69
IMU,96083,-355,-587,835,1,36,-66
IMU,96093,-372,-577,836,0,38,-64
IMU,96103,-385,-567,837,0,38,-62
IMU,96113,-392,-558,836,-2,38,-60
IMU,96123,-396,-559,845,-4,38,-58
IMU,96132,-393,-554,853,-5,37,-57
IMU,96142,-390,-551,861,-5,37,-56
IMU,96152,-401,-544,854,-5,36,-55
IMU,96162,-413,-540,849,-4,34,-53
IMU,96171,-426,-527,842,-3,32,-50
IMU,96181,-432,-519,856,-1,30,-48
IMU,96191,-432,-520,869,0,27,-45
IMU,96201,-433,-517,881,0,24,-43
IMU,96210,-439,-513,877,0,22,-41
IMU,96220,-436,-506,862,-1,20,-39
IMU,96230,-436,-494,848,-2,19,-36
IMU,96240,-437,-478,834,-4,18,-33
IMU,96250,-433,-470,824,-5,16,-29
IMU,96259,-431,-461,812,-7,14,-27
IMU,96269,-430,-470,821,-8,11,-25
IMU,96279,-420,-482,851,-8,8,-22
IMU,96289,-413,-495,873,-7,6,-21
IMU,96298,-405,-507,902,-6,6,-19
IMU,96308,-402,-507,912,-5,7,-17
IMU,96318,-404,-487,891,-3,8,-15
IMU,96328,-405,-475,895,-3,6,-13
IMU,96337,-410,-453,884,-4,3,-12
IMU,96347,-410,-445,885,-5,0,-11
IMU,96357,-405,-437,896,-5,-3,-10
IMU,96367,-396,-438,908,-6,-6,-8
IMU,96376,-392,-449,929,-7,-7,-6
IMU,96386,-386,-462,943,-6,-7,-3
IMU,96396,-383,-473,958,-6,-6,0
IMU,96406,-377,-469,967,-3,-3,2
IMU,96416,-379,-452,952,-1,0,6
IMU,96425,-377,-432,954,1,1,8
IMU,96435,-374,-415,960,4,1,9
IMU,96445,-359,-403,1004,7,2,10
IMU,96455,-351,-388,1025,11,4,11
IMU,96464,-354,-380,1037,14,6,11
IMU,96474,-365,-366,1028,15,6,9
IMU,96484,-362,-347,1029,14,3,7
IMU,96494,-352,-327,1021,12,-1,3
IMU,96503,-339,-310,1030,7,-8,-1
IMU,96513,-328,-303,1040,1,-15,-5
IMU,96523,-301,-300,1049,-3,-19,-9
IMU,96533,-282,-309,1046,-7,-21,-12
IMU,96542,-266,-307,1040,-9,-20,-15
IMU,96552,-259,-297,1010,-10,-18,-18
IMU,96562,-254,-289,1006,-10,-16,-19
IMU,96572,-249,-285,1002,-10,-13,-20
IMU,96582,-237,-291,1020,-11,-10,-21
IMU,96591,-228,-289,1023,-12,-5,-22
IMU,96601,-223,-278,1029,-12,0,-21
IMU,96611,-243,-254,1019,-14,6,-20
IMU,96621,-271,-238,1009,-15,10,-18
IMU,96630,-293,-222,991,-17,11,-17
IMU,96640,-297,-204,982,-19,10,-17
IMU,96650,-292,-194,1037,-18,10,-16
IMU,96660,-293,-189,1035,-17,13,-14
IMU,96669,-303,-192,1034,-16,15,-12
IMU,96679,-316,-168,1000,-17,16,-7
IMU,96689,-335,-124,977,-18,16,-2
IMU,96699,-358,-66,981,-19,16,0
IMU,96708,-386,-20,958,-20,15,0
IMU,96718,-397,-8,939,-23,11,0
IMU,96728,-405,19,939,-26,5,-2
IMU,96738,-418,40,954,-31,-1,-5
IMU,96748,-404,26,997,-34,-6,-9
IMU,96757,-397,9,998,-37,-10,-11
IMU,96767,-399,2,999,-39,-14,-10
IMU,96777,-404,-6,1019,-41,-18,-10
IMU,96787,-404,-1,1001,-41,-22,-11
IMU,96796,-392,0,1005,-42,-27,-13
IMU,96806,-379,11,1003,-43,-30,-14
IMU,96816,-366,20,987,-44,-32,-15
IMU,96826,-355,4,1006,-47,-33,-13
IMU,96835,-348,-4,1012,-47,-33,-12
IMU,96845,-338,-16,1026,-47,-33,-9
IMU,96855,-330,-27,1051,-46,-32,-6
IMU,96865,-316,-35,1075,-43,-30,-2
IMU,96875,-298,-49,1084,-39,-26,0
IMU,96884,-291,-65,1091,-35,-21,3
IMU,96894,-284,-73,1101,-31,-16,6
IMU,96904,-284,-59,1065,-27,-11,9
IMU,96914,-286,-67,1060,-24,-7,12
IMU,96923,-285,-79,1038,-20,-4,15
IMU,96933,-282,-79,1021,-18,0,17
IMU,96943,-290,-81,1014,-16,2,17
IMU,96953,-287,-91,1043,-14,4,16
IMU,96962,-286,-95,1072,-11,7,16
IMU,96972,-285,-91,1070,-9,10,16
IMU,96982,-294,-87,1059,-6,12,15
IMU,96992,-300,-87,1064,-5,11,13
IMU,97001,-297,-96,1079,-2,9,11
IMU,97011,-298,-98,1059,0,7,9
IMU,97021,-296,-106,1054,3,6,7
IMU,97031,-286,-107,1041,6,6,5
IMU,97041,-282,-104,1052,10,5,2
IMU,97050,-273,-91,1053,13,5,0
IMU,97060,-266,-78,1049,14,3,-5
IMU,97070,-255,-63,1055,12,2,-10
IMU,97080,-249,-53,1055,8,2,-13
IMU,97089,-251,-59,1055,5,3,-14
IMU,97099,-265,-77,1056,4,4,-14
IMU,97109,-268,-95,1048,4,4,-14
IMU,97119,-271,-98,1050,5,3,-15
IMU,97128,-266,-102,1060,8,2,-16
IMU,97138,-255,-98,1086,9,2,-17
IMU,97148,-255,-84,1092,7,4,-17
IMU,97158,-258,-89,1105,3,6,-14
IMU,97167,-271,-107,1104,-1,9,-10
IMU,97177,-290,-144,1107,-3,11,-7
IMU,97187,-301,-168,1101,-2,12,-5
IMU,97197,-291,-192,1088,0,12,-3
IMU,97207,-282,-209,1075,2,13,-1
IMU,97216,-277,-222,1104,6,16,1
IMU,97226,-281,-226,1114,9,19,5
IMU,97236,-289,-231,1126,11,22,10
IMU,97246,-311,-232,1104,12,23,14
IMU,97255,-326,-235,1098,13,22,17
IMU,97265,-328,-233,1080,15,21,20
IMU,97275,-323,-245,1096,18,18,22
IMU,97285,-327,-254,1090,22,13,22
IMU,97294,-333,-253,1091,24,5,21
IMU,97304,-323,-271,1092,25,-3,20
IMU,97314,-320,-288,1074,25,-9,19
IMU,97324,-312,-328,1084,26,-14,18
IMU,97333,-325,-355,1087,27,-15,19
IMU,97343,-345,-362,1072,31,-15,19
IMU,97353,-353,-371,1044,36,-16,19
IMU,97363,-345,-382,992,41,-18,20
IMU,97373,-341,-361,950,44,-22,20
IMU,97382,-346,-316,939,45,-24,18
IMU,97392,-354,-283,944,42,-26,13
IMU,97402,-340,-303,954,38,-28,7
IMU,97413,-341,-345,985,31,-32,1
IMU,97421,-343,-362,995,26,-35,-3
IMU,97431,-348,-379,1007,23,-40,-10
IMU,97442,-346,-392,1008,21,-44,-18
IMU,97451,-345,-421,967,20,-46,-23
IMU,97461,-331,-427,944,18,-51,-25
IMU,97470,-313,-437,949,16,-52,-27
IMU,97480,-292,-457,947,15,-52,-30
IMU,97491,-277,-474,942,15,-49,-33
IMU,97500,-268,-494,932,16,-46,-34
IMU,97509,-259,-501,922,19,-39,-34
IMU,97519,-256,-495,907,21,-31,-33
IMU,97529,-263,-480,886,24,-23,-31
IMU,97539,-276,-476,872,26,-19,-31
IMU,97548,-287,-476,862,26,-16,-32
IMU,97558,-296,-479,848,22,-15,-33
IMU,97568,-286,-518,888,18,-13,-34
IMU,97578,-277,-549,915,15,-9,-33
IMU,97587,-270,-575,933,15,-5,-33
IMU,97597,-276,-588,924,16,-1,-33
IMU,97607,-281,-572,886,17,0,-36
IMU,97617,-279,-559,854,17,1,-40
IMU,97626,-266,-560,821,15,1,-45
IMU,97636,-265,-571,812,12,0,-46
IMU,97646,-276,-590,826,8,0,-48
IMU,97656,-289,-618,848,4,0,-50
IMU,97666,-303,-637,853,3,0,-52
IMU,97675,-304,-644,856,2,0,-52
IMU,97685,-305,-638,841,1,1,-52
IMU,97695,-299,-623,824,1,2,-52
IMU,97705,-292,-606,806,0,4,-52
IMU,97714,-289,-603,799,-1,6,-52
IMU,97724,-291,-599,787,-3,6,-52
IMU,97734,-298,-605,780,-5,7,-51
IMU,97744,-307,-609,795,-6,8,-52
IMU,97753,-304,-603,813,-7,9,-50
IMU,97763,-304,-593,825,-8,11,-48
IMU,97773,-308,-580,827,-9,14,-45
IMU,97783,-308,-568,814,-11,16,-42
IMU,97792,-320,-552,816,-12,16,-39
IMU,97802,-330,-533,811,-13,17,-34
IMU,97812,-331,-535,820,-14,16,-31
IMU,97822,-324,-523,814,-14,15,-28
IMU,97832,-314,-519,820,-15,15,-25
IMU,97841,-311,-509,827,-16,15,-22
IMU,97851,-314,-500,832,-17,15,-20
IMU,97861,-328,-497,837,-18,16,-17
IMU,97871,-349,-494,833,-18,14,-16
IMU,97880,-364,-485,823,-18,11,-15
IMU,97890,-369,-478,822,-19,9,-14
IMU,97900,-362,-481,834,-21,6,-13
IMU,97910,-347,-476,837,-23,4,-12
IMU,97919,-332,-477,847,-26,4,-12
IMU,97929,-323,-487,863,-27,3,-11
IMU,97939,-322,-499,881,-26,2,-12
IMU,97949,-329,-513,886,-25,0,-14
IMU,97958,-332,-523,899,-23,-1,-15
IMU,97968,-328,-529,912,-20,-2,-15
IMU,97978,-322,-522,909,-18,0,-14
IMU,97989,-324,-509,892,-17,4,-14
IMU,97999,-312,-503,881,-18,8,-13
IMU,98007,-303,-496,861,-18,11,-12
IMU,98018,-302,-480,868,-19,11,-12
IMU,98027,-298,-476,888,-19,11,-13
IMU,98037,-283,-481,935,-19,8,-15
IMU,98047,-279,-483,981,-19,5,-17
IMU,98056,-284,-485,1008,-19,3,-18
IMU,98066,-295,-478,1002,-19,2,-19
IMU,98076,-305,-477,1006,-19,1,-17
IMU,98085,-321,-454,987,-19,1,-15
IMU,98095,-318,-443,964,-19,0,-13
IMU,98105,-301,-434,968,-20,0,-11
IMU,98115,-277,-420,974,-19,1,-9
IMU,98125,-271,-401,1009,-18,2,-7
IMU,98134,-283,-377,1046,-15,2,-4
IMU,98144,-307,-344,1057,-14,2,0
IMU,98154,-337,-326,1053,-13,0,3
IMU,98164,-372,-283,1053,-14,-3,6
IMU,98173,-392,-265,1060,-17,-9,8
IMU,98183,-386,-269,1100,-20,-16,11
IMU,98193,-369,-268,1111,-24,-23,13
IMU,98203,-336,-273,1125,-29,-31,13
IMU,98212,-310,-259,1126,-36,-40,11
IMU,98222,-282,-265,1137,-41,-47,9
IMU,98232,-269,-264,1115,-44,-51,7
IMU,98242,-265,-289,1112,-45,-53,5
IMU,98251,-239,-318,1124,-42,-53,3
IMU,98261,-219,-316,1113,-38,-50,2
IMU,98271,-191,-306,1105,-34,-44,1
IMU,98281,-189,-294,1072,-31,-35,1
IMU,98291,-212,-279,1073,-28,-24,4
IMU,98300,-236,-283,1049,-29,-16,9
IMU,98310,-264,-265,1012,-31,-14,16
IMU,98320,-298,-204,1028,-36,-16,23
IMU,98330,-327,-175,1022,-43,-16,30
IMU,98339,-356,-76,1002,-48,-14,32
IMU,98349,-384,-39,1015,-48,-16,29
IMU,98359,-390,-33,1051,-47,-15,26
IMU,98369,-373,-65,1026,-47,-16,25
IMU,98378,-359,-84,1053,-47,-18,27
IMU,98388,-360,-81,1037,-48,-20,29
IMU,98398,-357,-84,1022,-50,-24,30
IMU,98408,-348,-98,1012,-52,-28,31
IMU,98417,-339,-111,1004,-52,-32,31
IMU,98427,-326,-120,1002,-51,-35,31
IMU,98437,-313,-116,976,-48,-39,29
IMU,98447,-291,-115,964,-47,-42,26
IMU,98457,-261,-129,984,-46,-43,24
IMU,98466,-235,-146,999,-44,-39,23
IMU,98476,-220,-148,986,-42,-34,22
IMU,98486,-214,-159,992,-41,-29,20
IMU,98496,-200,-175,1000,-38,-23,19
IMU,98505,-198,-198,1005,-34,-17,19
IMU,98516,-206,-193,1005,-30,-11,20
IMU,98525,-214,-170,996,-27,-6,20
IMU,98536,-216,-156,1003,-24,-1,21
IMU,98545,-215,-161,1041,-22,3,23
IMU,98554,-227,-153,1051,-21,8,24
IMU,98565,-245,-144,1048,-20,10,24
IMU,98574,-249,-158,1074,-17,12,23
IMU,98583,-242,-167,1095,-12,17,23
IMU,98593,-248,-131,1060,-7,21,23
IMU,98603,-248,-117,1058,-5,23,21
IMU,98613,-243,-116,1062,-5,25,20
IMU,98623,-243,-112,1053,-4,27,19
IMU,98632,-245,-116,1043,-3,29,17
IMU,98642,-255,-112,1038,-3,30,14
IMU,98652,-265,-106,1037,-1,30,11
IMU,98662,-276,-102,1033,0,30,7
IMU,98671,-284,-95,1051,3,29,4
IMU,98681,-295,-92,1072,4,29,1
IMU,98691,-304,-95,1103,4,29,0
IMU,98701,-314,-94,1107,5,29,0
IMU,98710,-318,-93,1106,5,28,0
IMU,98720,-315,-93,1101,6,28,1
IMU,98730,-312,-92,1094,8,26,2
IMU,98740,-306,-94,1064,10,25,3
IMU,98750,-291,-111,1055,12,22,2
IMU,98759,-288,-124,1060,13,20,2
IMU,98769,-285,-142,1083,14,19,2
IMU,98779,-286,-166,1098,16,21,3
IMU,98789,-305,-176,1096,19,25,5
IMU,98798,-328,-178,1094,22,26,8
IMU,98808,-343,-167,1075,25,26,10
IMU,98818,-350,-162,1051,27,23,13
IMU,98828,-361,-168,1036,28,18,14
IMU,98837,-369,-182,1037,28,11,15
IMU,98847,-361,-201,1056,27,5,15
IMU,98857,-355,-238,1083,27,0,15
IMU,98867,-358,-277,1107,29,-3,16
IMU,98876,-372,-304,1115,33,-7,16
IMU,98886,-388,-326,1119,37,-11,16
IMU,98896,-396,-325,1091,42,-15,17
IMU,98906,-380,-332,1068,47,-20,17
IMU,98916,-353,-346,1046,48,-23,17
IMU,98925,-342,-337,1015,48,-26,16
IMU,98935,-339,-339,1011,47,-30,13
IMU,98945,-333,-351,1051,45,-33,10
IMU,98955,-323,-369,1078,44,-35,6
IMU,98964,-330,-380,1085,44,-34,3
IMU,98974,-346,-372,1064,42,-32,0
IMU,98984,-339,-379,1030,39,-29,-2
IMU,98994,-335,-368,984,35,-26,-5
IMU,99003,-333,-365,954,29,-25,-9
IMU,99013,-313,-379,941,24,-25,-13
IMU,99023,-295,-408,958,18,-24,-17
IMU,99033,-293,-441,975,14,-22,-21
IMU,99042,-307,-472,990,10,-18,-23
IMU,99052,-320,-492,989,9,-14,-24
IMU,99062,-341,-516,973,6,-9,-25
IMU,99072,-357,-521,955,3,-7,-26
IMU,99082,-355,-534,941,-2,-8,-25
IMU,99091,-333,-565,955,-4,-6,-21
IMU,99101,-320,-577,951,-5,-3,-17
IMU,99111,-299,-616,947,-3,2,-11
IMU,99121,-302,-624,909,1,9,-5
IMU,99130,-321,-625,890,8,14,0
IMU,99140,-333,-618,856,13,17,3
IMU,99150,-335,-603,812,18,20,6
IMU,99161,-343,-586,779,18,21,8
IMU,99169,-372,-621,746,12,18,17
IMU,99179,-326,-584,811,2,10,26
IMU,99189,-287,-540,898,0,12,22
IMU,99199,-308,-591,867,4,17,8
IMU,99208,-343,-618,836,4,15,0
IMU,99218,-352,-624,795,4,9,-4
IMU,99228,-349,-627,793,4,3,-8
IMU,99238,-329,-627,782,5,0,-12
IMU,99248,-317,-633,783,5,-2,-14
IMU,99257,-312,-636,792,5,-4,-15
IMU,99267,-316,-641,796,6,-5,-18
IMU,99277,-322,-639,786,8,-6,-20
IMU,99287,-324,-628,776,9,-8,-22
IMU,99296,-326,-609,753,10,-9,-24
IMU,99306,-325,-597,740,10,-10,-25
IMU,99316,-319,-582,732,9,-12,-26
IMU,99326,-309,-583,736,8,-14,-28
IMU,99335,-298,-584,752,7,-15,-29
IMU,99345,-290,-587,773,7,-15,-30
IMU,99355,-279,-581,765,8,-13,-31
IMU,99365,-277,-574,757,9,-10,-31
IMU,99375,-279,-561,752,9,-8,-31
IMU,99384,-277,-541,749,10,-6,-30
IMU,99394,-280,-531,746,11,-4,-31
IMU,99404,-286,-518,751,12,-4,-31
IMU,99414,-288,-501,766,11,-6,-32
IMU,99423,-288,-490,786,9,-7,-34
IMU,99433,-291,-483,806,7,-7,-34
IMU,99443,-293,-481,812,4,-6,-34
IMU,99453,-302,-482,817,2,-6,-34
IMU,99462,-306,-477,805,0,-6,-33
IMU,99472,-313,-472,789,-1,-6,-32
IMU,99482,-316,-463,767,-2,-6,-31
IMU,99492,-321,-468,777,-4,-7,-30
IMU,99501,-316,-487,810,-4,-7,-28
IMU,99511,-317,-503,844,-3,-6,-27
IMU,99521,-324,-522,885,-1,-3,-26
IMU,99531,-326,-522,891,1,0,-25
IMU,99541,-328,-504,862,2,5,-24
IMU,99550,-330,-469,827,0,8,-23
IMU,99560,-329,-434,789,-3,11,-23
IMU,99570,-328,-402,763,-10,11,-24
IMU,99580,-328,-408,776,-15,11,-26
IMU,99589,-314,-463,844,-17,10,-29
IMU,99599,-284,-515,914,-17,8,-32
IMU,99609,-259,-540,959,-15,6,-33
IMU,99620,-273,-517,1000,-12,6,-34
IMU,99628,-291,-503,1007,-10,5,-35
IMU,99638,-328,-482,995,-9,4,-35
IMU,99649,-368,-451,955,-10,0,-35
IMU,99658,-381,-437,925,-11,-6,-35
IMU,99667,-370,-436,915,-14,-12,-34
IMU,99677,-351,-438,941,-16,-14,-33
IMU,99687,-320,-446,966,-18,-13,-32
IMU,99697,-299,-448,986,-19,-11,-29
IMU,99707,-302,-436,1018,-19,-10,-26
IMU,99716,-311,-413,1036,-18,-12,-23
IMU,99726,-334,-395,1064,-18,-16,-22
IMU,99736,-347,-369,1101,-18,-23,-20
IMU,99746,-339,-351,1105,-20,-30,-18
IMU,99755,-313,-351,1134,-22,-32,-13
IMU,99765,-283,-355,1117,-25,-31,-8
IMU,99775,-263,-366,1095,-28,-28,-3
IMU,99785,-269,-377,1083,-29,-26,0
IMU,99794,-282,-382,1081,-28,-26,2
IMU,99804,-292,-368,1076,-27,-31,2
IMU,99814,-300,-345,1093,-28,-36,2
IMU,99824,-302,-317,1112,-30,-42,2
IMU,99833,-286,-309,1147,-33,-43,3
IMU,99843,-271,-314,1170,-36,-42,7
IMU,99853,-269,-312,1159,-37,-36,11
IMU,99863,-269,-314,1134,-35,-32,15
IMU,99873,-268,-296,1106,-32,-31,15
IMU,99882,-255,-282,1080,-28,-33,12
IMU,99892,-231,-262,1073,-25,-34,9
IMU,99902,-203,-246,1089,-20,-33,9
IMU,99912,-198,-214,1115,-17,-26,13
IMU,99921,-222,-177,1098,-16,-18,19
IMU,99931,-245,-144,1054,-19,-13,24
IMU,99941,-262,-110,1026,-22,-12,28
IMU,99951,-217,-47,1019,-26,-16,29
IMU,99960,-280,-48,1011,-32,-18,31
IMU,99970,-342,-13,943,-39,-20,33
IMU,99980,-321,58,950,-43,-24,29
IMU,99990,-300,-5,1025,-49,-25,27
IMU,100000,-278,-55,1037,-52,-23,25
IMU,100009,-261,-70,1107,-52,-21,28
IMU,100019,-263,-55,1058,-51,-15,29
IMU,100029,-265,-53,1045,-51,-13,30
IMU,100039,-265,-53,1003,-51,-9,30
IMU,100048,-264,-52,980,-50,-10,28
IMU,100058,-256,-67,991,-49,-10,25
IMU,100068,-237,-77,1014,-47,-11,22
IMU,100078,-219,-82,1033,-44,-8,20
IMU,100087,-215,-85,1049,-42,-5,19
IMU,100097,-217,-91,1068,-41,-1,19
IMU,100107,-236,-94,1062,-39,3,19
IMU,100117,-263,-84,1031,-38,6,19
IMU,100126,-280,-72,1009,-37,6,18
IMU,100136,-279,-73,1010,-35,5,17
IMU,100146,-271,-80,1019,-33,5,15
IMU,100156,-262,-97,1044,-31,7,15
IMU,100166,-251,-125,1072,-26,12,17
IMU,100175,-257,-142,1071,-22,20,21
IMU,100185,-281,-130,1048,-17,26,23
IMU,100195,-283,-112,1025,-13,29,24
IMU,100205,-280,-103,1024,-11,30,24
IMU,100214,-283,-102,1035,-8,31,24
IMU,100224,-291,-102,1053,-5,32,25
IMU,100234,-309,-107,1073,-1,33,24
IMU,100244,-327,-106,1084,3,33,23
IMU,100253,-331,-92,1091,6,30,21
IMU,100263,-331,-93,1090,8,28,19
IMU,100273,-328,-95,1082,9,25,18
IMU,100283,-322,-100,1081,10,22,17
IMU,100293,-321,-116,1083,11,19,16
IMU,100302,-324,-129,1090,13,17,17
IMU,100312,-331,-133,1076,16,16,17
IMU,100323,-333,-131,1070,18,15,18
IMU,100332,-330,-133,1067,20,14,18
IMU,100342,-328,-127,1080,19,13,20
IMU,100352,-327,-139,1110,18,12,23
IMU,100361,-330,-159,1131,16,11,26
IMU,100371,-332,-186,1126,16,10,31
IMU,100380,-340,-212,1111,16,10,36
IMU,100390,-348,-230,1104,18,10,39
IMU,100400,-342,-247,1103,19,8,41
IMU,100410,-328,-253,1087,20,7,42
IMU,100419,-317,-272,1097,19,5,43
IMU,100429,-311,-288,1107,16,4,43
IMU,100439,-316,-302,1112,13,4,42
IMU,100449,-330,-316,1102,12,7,41
IMU,100458,-345,-323,1089,11,7,40
IMU,100468,-350,-323,1093,11,5,38
IMU,100478,-334,-339,1093,12,0,34
IMU,100488,-321,-360,1121,13,-5,30
IMU,100498,-314,-372,1130,14,-8,28
IMU,100507,-318,-381,1131,15,-7,27
IMU,100517,-334,-387,1119,17,-4,26
IMU,100527,-349,-381,1071,17,-3,24
IMU,100537,-352,-379,1025,14,-4,19
IMU,100546,-344,-375,972,11,-6,12
IMU,100556,-328,-386,959,7,-7,6
IMU,100566,-324,-424,961,4,-8,0
IMU,100576,-340,-469,980,2,-8,-5
IMU,100585,-365,-518,999,2,-9,-8
IMU,100595,-384,-540,985,3,-8,-10
IMU,100605,-384,-555,969,4,-7,-10
IMU,100615,-370,-565,956,5,-6,-9
IMU,100625,-355,-564,950,7,-3,-7
IMU,100634,-352,-563,929,10,0,-5
IMU,100644,-357,-565,890,15,3,-3
IMU,100654,-361,-556,859,20,4,-3
IMU,100664,-361,-542,836,22,4,-5
IMU,100673,-360,-526,828,21,4,-6
IMU,100683,-354,-529,839,19,5,-7
IMU,100693,-339,-540,862,15,6,-9
IMU,100703,-347,-537,880,11,7,-10
IMU,100712,-354,-573,906,10,9,-10
IMU,100722,-365,-566,890,10,9,-11
IMU,100732,-357,-558,868,10,9,-11
IMU,100742,-336,-551,854,10,8,-12
IMU,100751,-320,-548,848,9,8,-11
IMU,100761,-312,-560,843,8,9,-11
IMU,100771,-311,-566,831,7,12,-10
IMU,100781,-321,-575,836,7,16,-8
IMU,100791,-334,-558,830,7,20,-6
IMU,100800,-333,-540,820,6,23,-5
IMU,100810,-323,-516,809,5,26,-3
IMU,100820,-322,-495,794,3,26,-3
IMU,100830,-319,-496,811,0,24,-3
IMU,100839,-319,-510,818,-3,22,-4
IMU,100849,-352,-558,812,-5,21,-3
IMU,100859,-394,-539,765,-13,15,11
IMU,100870,-326,-526,828,-12,11,14
IMU,100878,-335,-542,847,-6,18,6
IMU,100889,-357,-539,807,0,24,-1
IMU,100899,-365,-537,803,4,29,-5
IMU,100908,-370,-521,758,7,30,-5
IMU,100917,-389,-502,721,9,28,-5
IMU,100927,-384,-472,712,10,24,-6
IMU,100937,-375,-446,703,9,19,-8
IMU,100947,-375,-438,728,8,15,-11
IMU,100957,-382,-429,745,9,11,-13
IMU,100966,-396,-422,746,10,9,-15
IMU,100976,-416,-421,743,12,6,-15
IMU,100986,-425,-412,728,13,2,-15
IMU,100996,-409,-399,724,14,-1,-16
IMU,101005,-383,-386,724,14,-6,-18
IMU,101015,-367,-375,721,14,-10,-21
IMU,101025,-366,-362,713,12,-15,-25
IMU,101035,-373,-355,719,9,-21,-28
IMU,101044,-383,-350,729,7,-27,-31
IMU,101054,-395,-350,745,6,-31,-32
IMU,101064,-400,-354,769,6,-34,-33
IMU,101074,-393,-359,788,8,-36,-33
IMU,101083,-389,-354,808,8,-36,-31
IMU,101093,-379,-326,801,8,-38,-31
IMU,101103,-341,-303,852,8,-39,-36
IMU,101113,-393,-350,814,7,-39,-36
IMU,101123,-418,-385,813,4,-44,-33
IMU,101132,-409,-377,828,3,-46,-30
IMU,101142,-399,-388,845,3,-47,-28
IMU,101152,-407,-397,855,4,-47,-26
IMU,101162,-405,-405,863,5,-46,-23
IMU,101171,-395,-416,893,7,-43,-20
IMU,101181,-395,-420,896,10,-40,-18
IMU,101191,-399,-425,900,11,-38,-17
IMU,101201,-394,-425,901,12,-38,-17
IMU,101210,-378,-428,908,11,-38,-18
IMU,101220,-347,-425,907,11,-38,-19
IMU,101230,-325,-440,917,10,-36,-19
IMU,101240,-332,-455,904,10,-31,-18
IMU,101250,-345,-459,888,11,-29,-18
IMU,101259,-338,-456,910,10,-30,-19
IMU,101269,-303,-441,944,9,-31,-21
IMU,101279,-261,-418,982,8,-32,-24
IMU,101289,-231,-426,1026,5,-32,-29
IMU,101298,-210,-431,1035,2,-32,-31
IMU,101308,-198,-403,1078,0,-32,-37
IMU,101318,-246,-431,996,-6,-33,-39
IMU,101328,-285,-457,941,-13,-38,-37
IMU,101337,-313,-448,928,-18,-41,-36
IMU,101347,-271,-429,947,-21,-41,-35
IMU,101357,-232,-442,973,-22,-37,-32
IMU,101367,-213,-457,1007,-22,-31,-28
IMU,101376,-208,-462,1022,-20,-26,-24
IMU,101387,-210,-462,1032,-17,-22,-20
IMU,101396,-208,-460,1025,-14,-20,-17
IMU,101406,-201,-471,1025,-10,-17,-13
IMU,101416,-196,-474,1037,-4,-10,-8
IMU,101425,-202,-466,1019,0,-4,-5
IMU,101435,-217,-452,1007,1,0,-2
IMU,101445,-214,-421,996,2,2,0
IMU,101455,-199,-379,995,2,1,-1
IMU,101464,-193,-346,1015,0,-1,-3
IMU,101474,-197,-310,1033,-5,-7,-6
IMU,101484,-199,-286,1039,-12,-13,-8
IMU,101494,-208,-277,1021,-18,-16,-8
IMU,101503,-219,-291,998,-24,-20,-8
IMU,101513,-226,-315,979,-28,-24,-9
IMU,101523,-213,-342,973,-30,-29,-12
IMU,101533,-196,-365,995,-30,-32,-14
IMU,101542,-177,-374,1019,-28,-32,-16
IMU,101552,-171,-366,1016,-25,-30,-16
IMU,101562,-180,-356,1012,-23,-27,-15
IMU,101572,-192,-335,998,-20,-24,-13
IMU,101582,-207,-305,980,-17,-22,-12
IMU,101591,-211,-264,964,-16,-21,-10
IMU,101601,-203,-226,967,-17,-21,-9
SPM,92667,53.14
SPM,95680,0.00
SPM,98723,0.00
GPS,101933,59.416960,17.982048,3.87,4.06,15,0.80,16.00,231.37
GPS,102578,59.416960,17.982048,1.04,4.06,15,0.80,16.00,231.37
GPS,102949,59.416955,17.982036,1.04,4.87,15,0.80,16.00,231.37
GPS,103604,59.416955,17.982036,4.85,4.87,15,0.80,16.00,250.92
GPS,103935,59.416950,17.982026,4.85,5.64,15,0.80,15.80,250.92
GPS,104580,59.416950,17.982026,0.78,5.64,15,0.80,15.80,250.92
GPS,104931,59.416946,17.982018,0.78,6.31,15,0.80,15.70,250.92
GPS,105585,59.416946,17.982018,3.39,6.31,15,0.80,15.70,250.92
GPS,105947,59.416946,17.982024,3.39,6.11,15,0.80,15.70,250.92
GPS,106592,59.416946,17.982024,4.52,6.11,15,0.80,15.70,67.12
GPS,106933,59.416946,17.982025,4.52,6.05,15,0.80,15.80,67.12
GPS,107578,59.416946,17.982025,0.00,6.05,15,0.80,15.80,67.12
GPS,107929,59.416947,17.982026,0.00,5.99,15,0.80,15.90,67.12
GPS,108574,59.416947,17.982026,0.00,5.99,15,0.80,15.90,67.12
GPS,108935,59.416947,17.982027,0.00,5.89,15,0.80,15.90,67.12
GPS,109580,59.416947,17.982027,0.00,5.89,15,0.80,15.90,67.12
GPS,109951,59.416954,17.982049,0.00,4.60,15,0.80,16.00,67.12
GPS,110605,59.416954,17.982049,6.61,4.60,15,0.80,16.00,58.08
GPS,110947,59.416965,17.982070,6.61,3.01,15,0.80,16.90,58.08
GPS,111591,59.416965,17.982070,3.74,3.01,15,0.80,16.90,36.84
GPS,111953,59.416973,17.982089,3.74,2.12,15,0.80,17.50,36.84
IMU,101611,-176,-221,986,-19,-21,-9
IMU,101621,-165,-217,1003,-21,-21,-9
IMU,101630,-172,-212,1014,-23,-21,-10
IMU,101640,-193,-199,1036,-24,-22,-11
IMU,101650,-211,-177,1050,-24,-22,-10
IMU,101660,-222,-158,1053,-26,-23,-8
IMU,101669,-227,-143,1078,-26,-22,-5
IMU,101679,-246,-113,1062,-28,-22,-3
IMU,101689,-260,-86,1061,-31,-24,-4
IMU,101699,-252,-85,1077,-34,-25,-4
IMU,101708,-248,-83,1058,-36,-26,-3
IMU,101718,-249,-83,1080,-39,-27,0
IMU,101728,-251,-59,1088,-40,-25,4
IMU,101738,-281,-26,1079,-42,-23,9
IMU,101748,-310,6,1089,-44,-21,12
IMU,101757,-316,28,1071,-46,-21,13
IMU,101767,-316,32,1063,-49,-23,14
IMU,101777,-310,4,1104,-52,-24,16
IMU,101787,-290,-23,1150,-52,-21,21
IMU,101796,-281,-33,1163,-50,-15,28
IMU,101806,-300,-30,1162,-47,-6,36
IMU,101816,-329,-9,1132,-44,-1,44
IMU,101826,-333,-5,1100,-43,0,51
IMU,101835,-334,20,1110,-43,-2,59
IMU,101845,-327,54,1136,-40,-1,64
IMU,101855,-305,29,1150,-39,0,65
IMU,101865,-296,-12,1148,-38,4,68
IMU,101875,-288,-45,1168,-36,8,71
IMU,101884,-289,-48,1142,-35,10,71
IMU,101894,-290,-73,1134,-34,7,69
IMU,101904,-281,-136,1189,-30,6,68
IMU,101914,-279,-142,1179,-25,8,68
IMU,101923,-275,-133,1150,-21,7,65
IMU,101933,-266,-149,1174,-19,7,60
IMU,101943,-263,-155,1175,-18,7,55
IMU,101953,-259,-176,1199,-18,8,49
IMU,101962,-270,-196,1202,-18,7,43
IMU,101972,-296,-221,1218,-17,2,34
IMU,101982,-311,-247,1252,-15,-4,26
IMU,101992,-299,-273,1296,-13,-11,19
IMU,102001,-279,-287,1297,-11,-16,14
IMU,102011,-251,-296,1289,-9,-15,14
IMU,102021,-235,-294,1234,-6,-10,17
IMU,102031,-231,-305,1188,-4,-4,20
IMU,102041,-231,-306,1121,0,0,21
IMU,102050,-231,-304,1078,2,1,21
IMU,102060,-219,-305,1072,5,1,18
IMU,102070,-204,-318,1084,8,3,14
IMU,102080,-206,-342,1098,8,5,10
IMU,102089,-218,-370,1104,7,9,6
IMU,102099,-237,-386,1089,7,13,1
IMU,102109,-259,-387,1063,6,17,-2
IMU,102119,-271,-378,1022,5,21,-6
IMU,102128,-271,-366,1014,6,22,-8
IMU,102138,-274,-360,997,8,23,-7
IMU,102148,-288,-349,990,12,24,-5
IMU,102158,-301,-328,937,16,27,-2
IMU,102167,-312,-320,902,18,27,0
IMU,102177,-307,-326,888,15,27,1
IMU,102187,-285,-342,907,11,27,4
IMU,102197,-267,-357,928,7,29,6
IMU,102207,-263,-377,942,5,30,7
IMU,102216,-264,-389,956,5,30,8
IMU,102226,-273,-406,982,8,31,9
IMU,102236,-269,-414,987,14,31,10
IMU,102246,-269,-402,983,20,31,12
IMU,102255,-269,-389,977,23,29,12
IMU,102265,-264,-367,966,24,26,13
IMU,102275,-264,-352,946,22,24,12
IMU,102285,-267,-338,932,19,21,10
IMU,102294,-268,-324,910,15,19,8
IMU,102304,-277,-306,894,12,18,5
IMU,102314,-286,-290,877,7,16,3
IMU,102324,-290,-274,873,4,14,1
IMU,102333,-289,-264,870,1,11,0
IMU,102343,-286,-261,863,-3,8,-2
IMU,102353,-288,-272,859,-11,4,-6
IMU,102363,-288,-311,886,-17,1,-10
IMU,102373,-300,-356,907,-21,1,-11
IMU,102382,-316,-382,910,-21,3,-10
IMU,102392,-328,-416,906,-20,4,-7
IMU,102402,-320,-394,910,-17,4,-3
IMU,102412,-330,-361,918,-10,5,-3
IMU,102421,-338,-363,892,-4,6,-3
IMU,102431,-338,-359,867,-2,5,-2
IMU,102441,-340,-386,870,-3,3,-4
IMU,102451,-340,-408,899,-3,1,-7
IMU,102460,-341,-420,912,-2,1,-8
IMU,102470,-338,-434,926,0,1,-9
IMU,102480,-346,-440,906,1,0,-9
IMU,102490,-343,-432,882,4,-3,-10
IMU,102500,-335,-432,866,8,-5,-11
IMU,102509,-332,-431,838,9,-7,-12
IMU,102519,-335,-429,829,9,-9,-15
IMU,102529,-321,-445,849,8,-9,-16
IMU,102539,-315,-464,861,9,-6,-15
IMU,102548,-324,-484,877,11,-3,-14
IMU,102558,-336,-491,870,14,0,-13
IMU,102568,-340,-488,871,18,1,-12
IMU,102578,-343,-482,868,22,2,-13
IMU,102587,-342,-462,864,25,3,-13
IMU,102597,-352,-444,857,27,4,-14
IMU,102607,-361,-437,875,30,6,-14
IMU,102617,-370,-432,884,32,8,-12
IMU,102626,-381,-440,890,35,10,-11
IMU,102636,-389,-449,889,37,11,-10
IMU,102646,-393,-448,892,39,10,-10
IMU,102656,-385,-448,896,41,8,-10
IMU,102666,-368,-451,905,42,7,-11
IMU,102675,-343,-459,913,42,8,-11
IMU,102685,-312,-471,920,41,9,-12
IMU,102695,-303,-486,910,40,10,-15
IMU,102705,-328,-491,905,38,7,-18
IMU,102714,-345,-495,903,35,2,-23
IMU,102724,-336,-509,911,30,-3,-28
IMU,102734,-322,-515,921,24,-9,-33
IMU,102744,-312,-523,920,16,-11,-37
IMU,102753,-305,-527,926,9,-12,-39
IMU,102763,-305,-528,907,2,-11,-39
IMU,102773,-301,-532,894,-2,-10,-39
IMU,102783,-304,-545,884,-5,-11,-39
IMU,102792,-315,-546,878,-6,-13,-39
IMU,102802,-323,-551,904,-5,-14,-38
IMU,102812,-319,-565,927,-1,-12,-35
IMU,102822,-309,-581,957,5,-6,-30
IMU,102832,-305,-582,974,15,2,-24
IMU,102841,-308,-570,969,23,9,-19
IMU,102851,-313,-550,961,32,14,-15
IMU,102861,-312,-517,924,39,15,-13
IMU,102871,-303,-492,896,44,11,-14
IMU,102880,-283,-465,878,45,6,-17
IMU,102890,-261,-437,854,44,2,-19
IMU,102900,-246,-421,849,41,0,-22
IMU,102910,-248,-399,826,36,-1,-25
IMU,102919,-258,-380,809,31,-3,-28
IMU,102929,-264,-367,799,24,-8,-34
IMU,102939,-260,-364,811,17,-16,-40
IMU,102949,-249,-359,841,11,-22,-45
IMU,102958,-235,-371,866,4,-28,-50
IMU,102968,-234,-397,902,0,-30,-53
IMU,102978,-251,-412,908,-3,-29,-53
IMU,102988,-279,-420,898,-6,-29,-51
IMU,102998,-294,-431,896,-8,-29,-48
IMU,103007,-294,-420,878,-9,-28,-44
IMU,103017,-279,-405,875,-9,-26,-39
IMU,103027,-251,-382,872,-10,-22,-35
IMU,103037,-227,-365,889,-11,-18,-31
IMU,103046,-225,-361,891,-12,-12,-27
IMU,103056,-239,-365,906,-13,-8,-23
IMU,103066,-260,-362,908,-13,-4,-20
IMU,103076,-268,-354,910,-14,-3,-18
IMU,103085,-264,-370,928,-14,-2,-16
IMU,103095,-253,-396,959,-14,0,-14
IMU,103105,-240,-404,978,-13,4,-12
IMU,103115,-244,-400,959,-13,8,-11
IMU,103125,-255,-392,946,-13,11,-10
IMU,103134,-266,-373,910,-14,12,-10
IMU,103144,-274,-358,895,-15,10,-10
IMU,103154,-277,-352,890,-17,6,-12
IMU,103164,-269,-387,947,-16,4,-12
IMU,103173,-267,-400,973,-14,5,-11
IMU,103183,-274,-383,968,-13,7,-9
IMU,103193,-283,-378,971,-12,9,-6
IMU,103203,-301,-367,950,-12,11,-4
IMU,103212,-319,-360,936,-12,11,-3
IMU,103222,-334,-344,916,-13,7,-4
IMU,103232,-325,-347,950,-13,3,-5
IMU,103242,-297,-361,984,-11,3,-5
IMU,103251,-288,-361,995,-8,5,-3
IMU,103261,-288,-371,1018,-5,8,-2
IMU,103271,-311,-360,1015,-2,9,-1
IMU,103281,-329,-359,1031,0,7,-2
IMU,103291,-348,-340,1016,0,4,-2
IMU,103300,-351,-329,1039,1,1,-2
IMU,103310,-355,-301,1041,2,-1,-1
IMU,103320,-364,-274,1045,1,-4,1
IMU,103330,-372,-256,1045,0,-8,3
IMU,103339,-380,-240,1039,-3,-14,5
IMU,103349,-373,-253,1056,-6,-22,8
IMU,103359,-357,-277,1074,-8,-27,11
IMU,103369,-337,-306,1097,-7,-29,14
IMU,103378,-311,-322,1112,-5,-28,17
IMU,103388,-294,-324,1102,-2,-25,20
IMU,103398,-295,-314,1111,0,-23,22
IMU,103408,-307,-286,1101,2,-24,22
IMU,103417,-305,-248,1119,3,-30,21
IMU,103427,-263,-168,1174,7,-32,14
IMU,103437,-298,-201,1123,10,-28,8
IMU,103447,-308,-237,1072,6,-30,15
IMU,103457,-282,-209,1114,2,-31,23
IMU,103466,-286,-183,1075,0,-31,25
IMU,103476,-292,-147,1033,-2,-33,23
IMU,103486,-273,-134,1009,-6,-37,19
IMU,103496,-244,-158,999,-10,-39,14
IMU,103505,-244,-170,1003,-14,-39,10
IMU,103515,-256,-185,1001,-17,-39,5
IMU,103525,-256,-198,1032,-20,-38,0
IMU,103535,-248,-205,1038,-24,-37,-5
IMU,103544,-230,-220,1046,-26,-35,-7
IMU,103555,-225,-236,1028,-26,-29,-6
IMU,103564,-235,-248,1018,-26,-25,-5
IMU,103575,-250,-258,996,-24,-19,-3
IMU,103584,-269,-251,966,-23,-15,-1
IMU,103593,-281,-241,968,-22,-12,1
IMU,103604,-276,-223,940,-25,-4,7
IMU,103613,-282,-210,911,-30,-1,12
IMU,103623,-300,-191,933,-36,1,17
IMU,103633,-326,-183,950,-39,5,20
IMU,103642,-342,-208,945,-41,7,22
IMU,103652,-355,-216,964,-42,7,24
IMU,103663,-351,-218,985,-42,5,25
IMU,103671,-339,-218,1005,-41,4,26
IMU,103681,-326,-224,1025,-40,4,27
IMU,103691,-328,-228,1044,-37,7,29
IMU,103701,-328,-213,1024,-34,7,30
IMU,103710,-329,-188,996,-33,7,29
IMU,103720,-329,-167,962,-32,3,26
IMU,103730,-324,-156,956,-32,0,21
IMU,103740,-318,-150,961,-32,-3,17
IMU,103750,-313,-152,977,-32,-4,14
IMU,103759,-315,-158,983,-32,-3,12
IMU,103769,-321,-151,952,-33,-2,10
IMU,103779,-322,-151,931,-33,-3,8
IMU,103789,-318,-157,920,-34,-4,5
IMU,103798,-317,-159,906,-34,-5,3
IMU,103808,-320,-173,921,-34,-6,1
IMU,103818,-312,-185,936,-32,-4,1
IMU,103828,-314,-197,953,-30,-1,2
IMU,103837,-327,-202,965,-28,1,4
IMU,103847,-341,-193,962,-24,5,6
IMU,103857,-355,-180,950,-21,8,9
IMU,103867,-363,-168,943,-20,9,10
IMU,103876,-365,-158,940,-19,9,11
IMU,103886,-369,-157,951,-18,8,12
IMU,103896,-373,-164,965,-16,9,14
IMU,103906,-376,-171,972,-14,10,15
IMU,103916,-374,-163,954,-12,11,16
IMU,103925,-368,-158,951,-10,11,17
IMU,103935,-363,-149,934,-10,10,16
IMU,103946,-361,-153,942,-9,8,15
IMU,103955,-362,-158,950,-8,8,14
IMU,103965,-365,-170,969,-6,7,13
IMU,103975,-368,-170,976,-4,7,13
IMU,103984,-366,-175,989,-1,7,12
IMU,103994,-365,-171,987,0,7,12
IMU,104003,-363,-168,985,1,6,12
IMU,104013,-370,-168,983,1,5,11
IMU,104023,-362,-177,993,0,2,9
IMU,104033,-358,-194,1013,0,0,8
IMU,104042,-353,-213,1029,-1,0,8
IMU,104052,-346,-231,1033,0,0,9
IMU,104062,-337,-256,1046,3,2,10
IMU,104072,-336,-270,1057,7,3,9
IMU,104082,-333,-279,1078,10,2,8
IMU,104091,-328,-288,1107,13,0,5
IMU,104101,-313,-296,1131,14,-3,2
IMU,104111,-293,-295,1141,14,-6,0
IMU,104121,-288,-284,1146,11,-9,-2
IMU,104130,-292,-276,1136,8,-13,-5
IMU,104140,-296,-271,1116,3,-18,-8
IMU,104150,-300,-277,1104,0,-22,-11
IMU,104160,-293,-295,1097,-4,-26,-13
IMU,104169,-270,-325,1087,-5,-27,-13
IMU,104179,-248,-353,1073,-6,-27,-12
IMU,104189,-238,-381,1078,-6,-25,-9
IMU,104199,-224,-414,1076,-7,-22,-5
IMU,104208,-226,-438,1056,-6,-20,0
IMU,104218,-225,-456,1040,-4,-17,2
IMU,104228,-225,-471,1024,0,-14,7
IMU,104238,-220,-480,1020,4,-10,10
IMU,104248,-221,-486,1023,9,-6,13
IMU,104257,-228,-482,1009,13,-2,15
IMU,104267,-238,-477,1009,18,2,16
IMU,104277,-246,-455,990,22,6,16
IMU,104287,-257,-432,973,24,8,14
IMU,104296,-267,-417,973,25,7,12
IMU,104306,-266,-402,981,24,4,8
IMU,104316,-264,-402,1001,24,0,4
IMU,104326,-261,-410,1026,24,-3,0
IMU,104335,-266,-416,1016,25,-5,-2
IMU,104345,-271,-428,1013,25,-7,-5
IMU,104355,-271,-432,999,26,-9,-8
IMU,104365,-269,-432,991,26,-11,-11
IMU,104375,-277,-427,975,27,-12,-13
IMU,104384,-287,-426,964,28,-14,-13
IMU,104394,-299,-429,961,27,-17,-13
IMU,104404,-302,-446,984,26,-19,-12
IMU,104414,-307,-453,986,25,-19,-10
IMU,104423,-309,-458,981,24,-18,-8
IMU,104433,-315,-454,960,24,-16,-5
IMU,104443,-316,-434,942,23,-15,-2
IMU,104453,-313,-417,919,21,-14,0
IMU,104463,-309,-413,914,19,-15,3
IMU,104472,-305,-409,905,17,-16,5
IMU,104483,-305,-414,910,14,-17,8
IMU,104492,-303,-426,916,12,-18,10
IMU,104501,-304,-442,920,9,-18,13
IMU,104512,-305,-439,909,6,-20,16
IMU,104521,-305,-460,923,3,-22,18
IMU,104531,-307,-475,932,1,-24,21
IMU,104541,-311,-489,930,1,-25,24
IMU,104550,-312,-496,940,1,-25,27
IMU,104560,-306,-505,926,1,-24,32
IMU,104570,-296,-517,924,1,-22,37
IMU,104580,-290,-522,917,2,-19,41
IMU,104589,-287,-518,912,3,-18,44
IMU,104599,-283,-503,903,3,-16,48
IMU,104609,-284,-487,889,2,-16,52
IMU,104619,-291,-486,899,0,-16,56
IMU,104628,-304,-483,904,0,-14,60
IMU,104638,-308,-491,910,0,-12,65
IMU,104648,-315,-486,899,0,-9,71
IMU,104658,-320,-475,887,-1,-7,75
IMU,104667,-322,-462,874,-3,-6,79
IMU,104677,-322,-457,875,-6,-6,83
IMU,104687,-325,-458,872,-8,-6,86
IMU,104697,-330,-466,863,-11,-7,89
IMU,104707,-340,-465,863,-14,-8,92
IMU,104716,-356,-467,877,-16,-8,95
IMU,104726,-367,-479,877,-18,-9,100
IMU,104736,-374,-478,892,-20,-9,104
IMU,104746,-361,-469,882,-22,-10,108
IMU,104755,-353,-459,868,-25,-10,112
IMU,104765,-355,-447,864,-28,-10,115
IMU,104775,-356,-442,852,-33,-12,117
IMU,104785,-358,-464,854,-38,-16,118
IMU,104794,-366,-489,885,-42,-20,119
IMU,104804,-365,-528,915,-44,-24,120
IMU,104814,-351,-564,932,-48,-28,123
IMU,104824,-340,-563,958,-49,-30,128
IMU,104833,-335,-545,949,-50,-29,133
IMU,104843,-335,-517,927,-50,-28,137
IMU,104853,-343,-492,899,-51,-26,139
IMU,104863,-353,-478,863,-52,-27,140
IMU,104873,-364,-470,847,-56,-31,140
IMU,104882,-358,-476,860,-59,-36,139
IMU,104892,-341,-494,898,-63,-40,139
IMU,104902,-330,-510,943,-66,-44,140
IMU,104912,-321,-522,967,-69,-46,141
IMU,104921,-319,-527,987,-70,-48,143
IMU,104931,-315,-520,963,-72,-49,145
IMU,104941,-311,-510,947,-73,-51,148
IMU,104951,-306,-490,920,-74,-53,150
IMU,104960,-299,-472,897,-76,-55,151
IMU,104970,-287,-461,891,-79,-58,152
IMU,104981,-270,-444,906,-82,-58,153
IMU,104991,-261,-442,916,-83,-55,152
IMU,105000,-259,-466,924,-84,-52,153
IMU,105010,-246,-512,933,-85,-47,156
IMU,105019,-239,-526,939,-86,-45,161
IMU,105029,-248,-495,962,-86,-42,164
IMU,105040,-248,-485,964,-85,-40,166
IMU,105048,-245,-482,972,-84,-38,167
IMU,105059,-242,-468,971,-83,-34,170
IMU,105069,-237,-450,964,-83,-31,172
IMU,105078,-233,-436,953,-84,-28,174
IMU,105087,-226,-421,951,-85,-27,175
IMU,105097,-215,-404,943,-88,-26,175
IMU,105107,-210,-396,951,-91,-25,176
IMU,105117,-207,-396,950,-94,-24,176
IMU,105126,-210,-398,954,-96,-23,176
IMU,105136,-214,-404,964,-97,-22,176
IMU,105146,-217,-406,977,-98,-21,177
IMU,105156,-223,-401,979,-98,-20,177
IMU,105166,-236,-391,975,-99,-19,177
IMU,105175,-242,-378,971,-99,-19,177
IMU,105185,-251,-367,960,-101,-19,177
IMU,105195,-266,-364,971,-103,-20,178
IMU,105205,-275,-363,968,-106,-22,178
IMU,105214,-274,-370,969,-107,-24,178
IMU,105224,-266,-375,964,-109,-26,178
IMU,105234,-256,-388,956,-109,-25,177
IMU,105244,-252,-395,959,-108,-24,177
IMU,105253,-254,-383,946,-106,-23,176
IMU,105263,-265,-379,949,-105,-23,175
IMU,105273,-282,-370,953,-103,-24,173
IMU,105283,-298,-364,959,-101,-25,172
IMU,105292,-305,-359,965,-100,-27,171
IMU,105302,-308,-349,966,-99,-29,169
IMU,105312,-310,-342,966,-99,-30,168
IMU,105322,-310,-339,971,-98,-32,167
IMU,105332,-319,-331,963,-98,-35,166
IMU,105341,-318,-329,957,-98,-38,164
IMU,105351,-307,-335,957,-97,-43,163
IMU,105361,-303,-331,949,-96,-46,161
IMU,105371,-306,-339,958,-94,-49,160
IMU,105380,-313,-340,956,-93,-51,159
IMU,105390,-319,-339,961,-91,-53,157
IMU,105400,-328,-334,964,-90,-54,157
IMU,105410,-325,-340,969,-90,-56,156
IMU,105419,-328,-337,968,-89,-57,156
IMU,105429,-326,-330,963,-89,-58,156
IMU,105439,-315,-338,968,-88,-59,157
IMU,105449,-307,-339,960,-86,-60,158
IMU,105458,-302,-350,965,-83,-60,158
IMU,105468,-298,-352,975,-80,-61,158
IMU,105478,-292,-354,985,-76,-60,159
IMU,105488,-290,-352,1000,-72,-59,160
IMU,105498,-289,-347,996,-68,-57,162
IMU,105507,-288,-345,991,-65,-56,163
IMU,105517,-287,-331,970,-62,-55,163
IMU,105527,-291,-318,960,-61,-55,162
IMU,105537,-292,-310,957,-61,-54,160
IMU,105546,-290,-304,948,-61,-54,158
IMU,105556,-281,-311,960,-62,-55,156
IMU,105566,-273,-306,964,-64,-54,153
IMU,105576,-257,-310,974,-65,-55,150
IMU,105585,-253,-316,986,-65,-54,148
IMU,105595,-260,-314,990,-64,-54,145
IMU,105605,-262,-308,996,-62,-54,143
IMU,105615,-266,-295,983,-62,-54,142
IMU,105625,-258,-289,980,-62,-53,142
IMU,105634,-243,-283,981,-63,-53,141
IMU,105644,-233,-285,978,-65,-53,139
IMU,105654,-228,-293,988,-68,-54,137
IMU,105664,-233,-306,1001,-70,-56,134
IMU,105673,-237,-318,1020,-72,-57,132
IMU,105683,-237,-327,1026,-73,-58,131
IMU,105693,-239,-326,1035,-73,-58,131
IMU,105703,-242,-322,1039,-73,-59,132
IMU,105712,-242,-319,1037,-74,-61,132
IMU,105722,-238,-324,1041,-76,-63,133
IMU,105732,-232,-325,1041,-78,-64,133
IMU,105742,-227,-328,1045,-79,-65,133
IMU,105751,-226,-329,1053,-80,-65,134
IMU,105761,-222,-328,1052,-81,-65,135
IMU,105771,-219,-328,1047,-81,-66,136
IMU,105781,-214,-328,1038,-82,-66,137
IMU,105791,-208,-332,1032,-82,-64,139
IMU,105800,-206,-333,1036,-81,-62,142
IMU,105810,-207,-329,1026,-79,-59,145
IMU,105820,-209,-326,1023,-77,-55,147
IMU,105830,-210,-315,1014,-75,-52,150
IMU,105839,-211,-304,1010,-74,-48,152
IMU,105849,-215,-291,1009,-74,-45,154
IMU,105859,-220,-284,1006,-74,-42,155
IMU,105869,-222,-275,1003,-76,-40,155
IMU,105878,-221,-268,999,-77,-39,154
IMU,105888,-222,-263,990,-79,-39,153
IMU,105898,-224,-266,992,-81,-39,150
IMU,105908,-226,-265,990,-82,-39,148
IMU,105917,-231,-265,986,-83,-39,146
IMU,105927,-234,-264,986,-83,-40,143
IMU,105937,-237,-264,985,-84,-41,141
IMU,105947,-240,-260,972,-84,-41,139
IMU,105957,-243,-261,970,-85,-42,138
IMU,105966,-244,-263,964,-85,-43,136
IMU,105976,-246,-267,962,-86,-44,135
IMU,105986,-250,-275,969,-86,-46,134
IMU,105996,-258,-284,967,-87,-47,133
IMU,106005,-263,-297,971,-86,-48,132
IMU,106016,-268,-306,977,-86,-49,131
IMU,106026,-264,-316,985,-85,-49,132
IMU,106035,-263,-327,1000,-83,-50,132
IMU,106045,-261,-335,1005,-82,-50,132
IMU,106054,-258,-341,1012,-80,-51,132
IMU,106064,-263,-344,1016,-78,-52,132
IMU,106075,-267,-345,1017,-75,-54,131
IMU,106083,-273,-345,1014,-74,-56,131
IMU,106093,-275,-344,1026,-72,-58,130
IMU,106104,-273,-344,1033,-72,-60,130
IMU,106113,-269,-346,1036,-71,-61,130
IMU,106123,-266,-351,1038,-70,-63,129
IMU,106132,-262,-355,1030,-70,-65,129
IMU,106142,-253,-358,1030,-70,-67,127
IMU,106152,-240,-363,1018,-70,-69,125
IMU,106162,-228,-372,1015,-69,-71,124
IMU,106171,-230,-378,1007,-69,-71,123
IMU,106181,-236,-379,990,-68,-71,123
IMU,106191,-242,-385,974,-68,-69,123
IMU,106201,-243,-390,960,-66,-68,125
IMU,106210,-243,-394,943,-65,-66,127
IMU,106220,-243,-396,922,-63,-63,128
IMU,106230,-239,-393,895,-61,-60,130
IMU,106240,-247,-391,870,-60,-58,130
IMU,106250,-261,-386,863,-59,-56,130
IMU,106259,-276,-387,856,-58,-55,129
IMU,106269,-288,-390,857,-59,-56,128
IMU,106279,-299,-390,862,-60,-56,127
IMU,106289,-309,-390,854,-60,-59,124
IMU,106298,-311,-404,873,-61,-62,121
IMU,106308,-309,-413,881,-61,-65,116
IMU,106318,-303,-427,898,-60,-69,111
IMU,106328,-297,-434,899,-58,-72,105
IMU,106337,-290,-431,896,-57,-74,99
IMU,106347,-284,-421,885,-56,-76,94
IMU,106357,-275,-418,875,-55,-78,89
IMU,106367,-272,-411,863,-56,-79,85
IMU,106376,-276,-411,851,-57,-81,81
IMU,106386,-274,-418,856,-60,-84,75
IMU,106396,-260,-437,874,-62,-85,71
IMU,106406,-253,-450,895,-64,-83,68
IMU,106416,-243,-462,919,-65,-81,65
IMU,106425,-236,-460,938,-65,-77,62
IMU,106435,-233,-477,933,-64,-74,58
IMU,106445,-218,-511,931,-63,-71,55
IMU,106455,-199,-529,926,-62,-70,54
IMU,106464,-189,-537,929,-62,-69,54
IMU,106474,-193,-513,947,-61,-66,55
IMU,106484,-195,-503,967,-60,-60,55
IMU,106494,-197,-500,980,-59,-54,56
IMU,106503,-204,-497,991,-59,-51,57
IMU,106513,-203,-488,990,-58,-50,58
IMU,106523,-198,-481,988,-57,-49,58
IMU,106534,-204,-467,972,-55,-48,60
IMU,106543,-217,-464,980,-54,-46,61
IMU,106552,-218,-451,983,-53,-44,64
IMU,106563,-221,-433,997,-52,-41,66
IMU,106572,-224,-429,1016,-51,-40,67
IMU,106582,-219,-430,1034,-51,-40,68
IMU,106592,-212,-428,1040,-49,-42,68
IMU,106601,-213,-431,1039,-48,-44,68
IMU,106611,-216,-421,1023,-45,-45,68
IMU,106621,-219,-399,1009,-43,-44,69
IMU,106630,-224,-372,993,-42,-43,70
IMU,106640,-232,-342,972,-42,-42,71
IMU,106650,-237,-339,975,-43,-42,72
IMU,106660,-238,-339,981,-43,-42,73
IMU,106669,-233,-335,991,-43,-43,75
IMU,106679,-224,-328,996,-44,-42,77
IMU,106689,-221,-327,1000,-46,-41,78
IMU,106699,-233,-333,1007,-47,-42,78
IMU,106708,-242,-344,1024,-48,-43,78
IMU,106718,-248,-351,1035,-49,-44,77
IMU,106728,-238,-356,1052,-49,-45,76
IMU,106738,-218,-356,1063,-49,-43,78
IMU,106748,-208,-347,1056,-50,-40,79
IMU,106757,-220,-340,1042,-51,-38,81
IMU,106767,-235,-317,1026,-52,-38,81
IMU,106777,-237,-302,1016,-53,-40,80
IMU,106787,-227,-291,1012,-55,-42,78
IMU,106796,-217,-284,1026,-56,-43,77
IMU,106806,-215,-286,1034,-56,-43,77
IMU,106816,-225,-295,1051,-56,-41,78
IMU,106826,-238,-300,1054,-55,-40,78
IMU,106835,-245,-300,1057,-53,-40,77
IMU,106845,-246,-285,1047,-51,-41,75
IMU,106855,-237,-273,1050,-50,-43,72
IMU,106865,-226,-263,1045,-49,-45,70
IMU,106875,-218,-250,1047,-49,-46,68
IMU,106884,-215,-250,1046,-50,-47,67
IMU,106894,-214,-248,1048,-51,-47,65
IMU,106904,-212,-243,1042,-51,-48,63
IMU,106914,-214,-243,1043,-51,-48,62
IMU,106923,-214,-237,1031,-50,-48,60
IMU,106933,-219,-234,1034,-49,-47,59
IMU,106943,-215,-240,1054,-48,-45,59
IMU,106953,-205,-248,1076,-46,-42,58
IMU,106962,-198,-253,1087,-43,-38,58
IMU,106972,-192,-253,1091,-40,-32,58
IMU,106982,-195,-241,1069,-35,-27,58
IMU,106992,-203,-221,1046,-32,-23,56
IMU,107001,-212,-195,1026,-31,-20,54
IMU,107011,-211,-171,1015,-29,-18,51
IMU,107021,-211,-156,1015,-29,-16,48
IMU,107031,-220,-146,1027,-30,-15,45
IMU,107041,-229,-144,1044,-31,-14,41
IMU,107050,-237,-144,1069,-31,-13,37
IMU,107060,-249,-135,1071,-32,-12,33
IMU,107070,-258,-132,1072,-33,-12,30
IMU,107080,-261,-135,1066,-34,-12,26
IMU,107089,-258,-148,1074,-34,-13,23
IMU,107099,-262,-148,1080,-34,-14,21
IMU,107109,-256,-162,1085,-34,-15,19
IMU,107119,-252,-179,1094,-33,-16,17
IMU,107128,-248,-190,1107,-30,-16,15
IMU,107138,-245,-202,1136,-26,-15,15
IMU,107148,-248,-205,1145,-21,-11,15
IMU,107158,-262,-202,1140,-15,-7,16
IMU,107167,-271,-183,1112,-11,-4,17
IMU,107177,-269,-154,1092,-9,-4,16
IMU,107187,-260,-137,1080,-9,-5,14
IMU,107197,-250,-134,1087,-11,-6,13
IMU,107207,-248,-139,1096,-11,-7,12
IMU,107216,-261,-153,1109,-11,-6,12
IMU,107227,-273,-161,1106,-9,-6,13
IMU,107236,-270,-153,1102,-6,-5,14
IMU,107247,-260,-144,1086,-1,-3,15
IMU,107255,-256,-127,1066,1,-2,15
IMU,107265,-254,-107,1057,2,-2,15
IMU,107276,-241,-87,1064,1,-5,14
IMU,107285,-224,-88,1071,-1,-8,14
IMU,107295,-219,-109,1101,-2,-8,14
IMU,107305,-214,-138,1107,-2,-6,14
IMU,107314,-216,-156,1101,0,-4,15
IMU,107324,-215,-165,1087,5,0,16
IMU,107333,-212,-165,1076,10,3,17
IMU,107343,-210,-152,1062,16,8,17
IMU,107353,-203,-135,1071,22,12,17
IMU,107363,-202,-117,1060,26,15,18
IMU,107373,-209,-108,1064,26,16,18
IMU,107382,-211,-107,1077,24,16,18
IMU,107392,-210,-111,1079,22,18,19
IMU,107402,-220,-131,1076,20,20,19
IMU,107412,-243,-137,1054,20,20,18
IMU,107421,-256,-136,1048,21,18,16
IMU,107431,-256,-126,1069,24,15,13
IMU,107441,-254,-105,1072,26,12,11
IMU,107451,-252,-90,1059,26,8,8
IMU,107460,-251,-118,1112,22,2,6
IMU,107470,-252,-149,1163,20,-1,4
IMU,107480,-262,-187,1191,20,-4,2
IMU,107490,-286,-211,1215,24,-6,0
IMU,107500,-290,-206,1205,28,-9,-1
IMU,107509,-282,-192,1197,33,-12,-3
IMU,107519,-262,-178,1175,36,-15,-3
IMU,107529,-254,-176,1177,35,-16,-3
IMU,107539,-255,-181,1168,33,-16,-3
IMU,107548,-270,-199,1176,32,-15,0
IMU,107558,-284,-231,1191,32,-14,1
IMU,107568,-285,-256,1210,32,-12,3
IMU,107578,-285,-257,1209,35,-7,6
IMU,107587,-285,-245,1205,37,-2,9
IMU,107597,-278,-227,1192,39,3,9
IMU,107607,-274,-204,1175,39,5,7
IMU,107617,-277,-193,1170,37,5,4
IMU,107626,-287,-166,1158,34,2,0
IMU,107636,-288,-163,1155,27,-4,-7
IMU,107646,-263,-198,1197,18,-11,-15
IMU,107656,-243,-244,1187,10,-17,-24
IMU,107666,-232,-313,1199,5,-21,-31
IMU,107675,-232,-414,1211,6,-19,-36
IMU,107685,-252,-439,1136,9,-19,-40
IMU,107695,-263,-476,1137,16,-18,-43
IMU,107705,-278,-473,1093,24,-17,-43
IMU,107714,-279,-458,1072,30,-13,-42
IMU,107724,-251,-436,1029,33,-7,-39
IMU,107734,-240,-430,1012,32,-1,-36
IMU,107744,-259,-441,996,30,3,-34
IMU,107753,-282,-454,986,28,6,-32
IMU,107763,-290,-448,964,25,6,-31
IMU,107773,-284,-444,962,22,4,-31
IMU,107783,-275,-445,971,20,1,-34
IMU,107792,-270,-483,1014,22,1,-36
IMU,107802,-281,-465,995,24,5,-34
IMU,107812,-289,-447,955,23,6,-34
IMU,107822,-284,-449,967,19,7,-34
IMU,107832,-279,-452,950,15,8,-35
IMU,107841,-275,-463,950,12,9,-37
IMU,107851,-275,-465,927,10,11,-39
IMU,107861,-268,-462,910,10,10,-42
IMU,107871,-239,-452,900,9,9,-46
IMU,107880,-201,-431,890,9,9,-50
IMU,107890,-174,-404,879,6,9,-53
IMU,107900,-175,-396,894,1,9,-57
IMU,107910,-198,-413,897,-2,10,-58
IMU,107919,-225,-444,901,-3,11,-58
IMU,107929,-263,-463,904,-1,14,-57
IMU,107939,-267,-470,882,2,17,-55
IMU,107949,-256,-466,864,8,21,-50
IMU,107958,-237,-443,844,11,25,-45
IMU,107968,-215,-418,807,12,29,-40
IMU,107978,-216,-404,807,10,32,-37
IMU,107988,-238,-393,789,7,32,-37
IMU,107998,-261,-401,788,2,29,-39
IMU,108007,-279,-418,806,0,26,-41
IMU,108017,-277,-432,817,-2,25,-41
IMU,108027,-278,-429,825,-1,27,-39
IMU,108037,-278,-425,818,0,30,-35
IMU,108046,-278,-425,804,1,32,-32
IMU,108056,-274,-418,768,1,32,-29
IMU,108066,-268,-418,745,1,31,-28
IMU,108076,-263,-430,725,-1,29,-28
IMU,108085,-257,-451,712,-4,28,-29
IMU,108095,-267,-489,726,-6,27,-30
IMU,108105,-283,-521,753,-6,29,-28
IMU,108115,-307,-529,769,-4,32,-25
IMU,108125,-326,-541,783,0,36,-21
IMU,108134,-342,-552,785,5,39,-18
IMU,108144,-349,-558,774,12,41,-15
IMU,108155,-350,-553,714,16,39,-15
IMU,108164,-340,-577,761,19,42,-15
IMU,108173,-333,-585,722,21,42,-15
IMU,108183,-339,-601,745,22,40,-17
IMU,108193,-366,-607,758,22,38,-18
IMU,108203,-399,-622,798,23,33,-21
IMU,108212,-410,-619,822,24,28,-22
IMU,108222,-366,-631,841,24,23,-24
IMU,108232,-316,-648,831,26,21,-24
IMU,108242,-296,-647,787,27,21,-23
IMU,108251,-303,-638,747,25,19,-24
IMU,108261,-306,-636,754,23,15,-26
IMU,108271,-285,-637,784,20,9,-27
IMU,108281,-254,-632,860,16,4,-29
IMU,108291,-239,-623,887,13,2,-30
IMU,108300,-265,-586,894,9,2,-30
IMU,108310,-322,-563,864,3,2,-31
IMU,108320,-362,-580,846,-3,1,-29
IMU,108330,-365,-614,864,-8,0,-26
IMU,108339,-322,-652,931,-9,-2,-21
IMU,108349,-268,-680,973,-6,-2,-15
IMU,108359,-234,-706,1031,0,-2,-12
IMU,108369,-209,-722,1038,7,-1,-8
IMU,108378,-219,-717,1015,13,-1,-4
IMU,108388,-253,-679,975,18,-1,0
IMU,108398,-277,-646,917,22,-1,3
IMU,108408,-280,-624,887,23,-2,6
IMU,108417,-271,-601,895,22,-3,7
IMU,108427,-252,-566,910,20,-4,8
IMU,108437,-245,-526,900,16,-5,8
IMU,108447,-243,-506,905,10,-8,8
IMU,108457,-234,-482,906,6,-8,9
IMU,108466,-240,-465,893,2,-9,9
IMU,108476,-275,-442,857,0,-10,10
IMU,108486,-314,-406,814,-2,-11,12
IMU,108496,-326,-393,810,-3,-14,12
IMU,108505,-304,-415,868,-5,-15,13
IMU,108515,-262,-415,933,-6,-13,12
IMU,108525,-228,-402,952,-7,-10,12
IMU,108535,-220,-385,956,-9,-5,12
IMU,108544,-233,-349,927,-11,-3,14
IMU,108554,-254,-312,880,-14,-3,15
IMU,108564,-272,-287,843,-15,-7,15
IMU,108574,-280,-269,817,-16,-14,14
IMU,108583,-254,-275,871,-17,-20,11
IMU,108593,-204,-307,956,-18,-23,9
IMU,108603,-200,-307,1022,-18,-22,10
IMU,108613,-239,-295,1042,-19,-16,13
IMU,108623,-284,-265,1023,-20,-12,18
IMU,108632,-313,-235,994,-22,-9,23
IMU,108642,-327,-208,963,-24,-8,27
IMU,108652,-334,-179,939,-26,-12,30
IMU,108662,-322,-147,936,-29,-18,31
IMU,108672,-302,-118,953,-33,-23,32
IMU,108681,-308,-126,980,-35,-23,33
IMU,108691,-330,-158,1014,-38,-23,35
IMU,108701,-339,-208,1096,-40,-24,37
IMU,108710,-333,-227,1148,-40,-24,39
IMU,108720,-315,-232,1167,-38,-23,43
IMU,108730,-303,-226,1153,-35,-21,46
IMU,108740,-285,-216,1104,-32,-19,49
IMU,108750,-282,-225,1094,-29,-19,50
IMU,108759,-296,-221,1090,-25,-20,50
IMU,108769,-292,-202,1102,-20,-22,51
IMU,108779,-290,-184,1119,-15,-20,55
IMU,108789,-308,-153,1060,-20,-22,58
IMU,108798,-317,-79,1049,-31,-32,59
IMU,108808,-305,-20,1057,-40,-39,56
IMU,108818,-288,-5,1085,-47,-38,48
IMU,108828,-284,-87,1052,-53,-33,41
IMU,108837,-279,-100,1045,-56,-36,34
IMU,108847,-280,-110,1096,-56,-44,26
IMU,108857,-288,-128,1161,-56,-53,20
IMU,108867,-271,-125,1200,-57,-64,19
IMU,108876,-269,-111,1238,-58,-73,22
IMU,108886,-261,-70,1314,-60,-77,24
IMU,108896,-255,-47,1302,-60,-73,23
IMU,108906,-275,-38,1203,-59,-72,20
IMU,108916,-287,-53,1196,-56,-76,17
IMU,108925,-292,-98,1198,-50,-79,15
IMU,108935,-287,-148,1153,-42,-81,18
IMU,108945,-279,-158,1132,-38,-79,27
IMU,108955,-282,-129,1104,-35,-73,38
IMU,108964,-289,-53,1080,-34,-63,48
IMU,108974,-314,14,1112,-33,-55,55
IMU,108984,-381,34,1108,-31,-45,57
IMU,108994,-408,45,1057,-29,-38,58
IMU,109003,-384,37,1015,-29,-40,61
IMU,109013,-364,42,1005,-32,-44,65
IMU,109023,-333,24,1035,-36,-45,68
IMU,109033,-319,2,1060,-39,-41,71
IMU,109042,-313,1,1062,-42,-38,73
IMU,109052,-299,15,1063,-46,-36,73
IMU,109062,-264,1,1081,-48,-38,70
IMU,109072,-218,-89,1219,-40,-31,70
IMU,109082,-189,-79,1118,-35,-19,70
IMU,109091,-177,-62,1016,-29,-17,67
IMU,109101,-152,-66,1013,-26,-13,63
IMU,109111,-156,-31,950,-26,-7,58
IMU,109121,-171,-6,929,-28,-2,52
IMU,109130,-202,9,907,-31,2,45
IMU,109140,-235,10,950,-33,3,38
IMU,109150,-243,0,1028,-34,3,31
IMU,109160,-245,-16,1048,-32,5,25
IMU,109169,-241,-26,1047,-30,7,21
IMU,109179,-246,-30,1001,-28,10,18
IMU,109189,-264,-37,980,-27,11,16
IMU,109199,-298,-45,971,-27,10,13
IMU,109208,-310,-56,970,-28,5,11
IMU,109218,-304,-71,999,-29,1,10
IMU,109228,-281,-88,1053,-27,-1,10
IMU,109238,-265,-102,1106,-22,-1,11
IMU,109248,-255,-120,1130,-16,0,13
IMU,109258,-246,-144,1134,-9,2,15
IMU,109267,-229,-140,1117,-5,3,16
IMU,109277,-214,-140,1106,-1,3,15
IMU,109288,-209,-143,1096,1,3,10
IMU,109296,-198,-167,1103,3,4,5
IMU,109307,-186,-194,1127,7,6,3
IMU,109317,-199,-181,1121,10,10,1
IMU,109326,-219,-171,1125,12,13,0
IMU,109335,-231,-156,1113,13,15,-1
IMU,109345,-241,-129,1094,13,15,-3
IMU,109355,-236,-134,1082,7,12,-7
IMU,109365,-215,-167,1118,0,10,-11
IMU,109375,-209,-200,1131,-4,11,-13
IMU,109384,-222,-276,1151,-5,18,-14
IMU,109394,-239,-345,1148,-4,24,-11
IMU,109404,-218,-351,1154,1,29,-5
IMU,109414,-215,-337,1177,8,32,-2
IMU,109423,-235,-320,1172,12,29,-4
IMU,109433,-243,-317,1182,11,22,-9
IMU,109443,-233,-354,1232,7,13,-15
IMU,109453,-210,-408,1290,5,10,-20
IMU,109462,-183,-483,1321,10,12,-25
IMU,109472,-182,-540,1296,16,17,-26
IMU,109482,-231,-535,1223,22,18,-26
IMU,109492,-261,-499,1153,30,13,-27
IMU,109501,-260,-472,1101,38,10,-29
IMU,109511,-261,-448,1086,46,5,-30
IMU,109521,-271,-441,1101,54,4,-27
IMU,109531,-293,-438,1074,61,6,-24
IMU,109541,-302,-440,1072,63,5,-23
IMU,109550,-292,-438,1070,66,4,-22
IMU,109560,-280,-410,1055,66,3,-22
IMU,109570,-269,-384,1021,63,0,-24
IMU,109580,-274,-360,976,59,-4,-26
IMU,109589,-278,-360,956,56,-9,-28
IMU,109599,-277,-370,937,53,-15,-31
IMU,109609,-269,-393,903,52,-18,-35
IMU,109619,-252,-394,896,51,-16,-41
IMU,109628,-236,-414,896,50,-10,-46
IMU,109638,-218,-461,898,48,-1,-47
IMU,109648,-213,-482,896,45,3,-43
IMU,109658,-213,-473,895,42,6,-39
IMU,109667,-210,-445,853,41,10,-37
IMU,109677,-201,-412,825,38,12,-36
IMU,109687,-200,-382,786,34,13,-37
IMU,109697,-211,-375,782,25,13,-37
IMU,109707,-216,-375,800,18,13,-36
IMU,109716,-226,-402,814,11,13,-35
IMU,109726,-237,-458,835,7,13,-33
IMU,109736,-246,-499,848,7,16,-30
IMU,109746,-253,-519,842,6,18,-29
IMU,109755,-263,-535,848,7,18,-28
IMU,109765,-249,-534,865,8,19,-27
IMU,109775,-230,-523,857,10,21,-26
IMU,109785,-232,-506,833,12,23,-25
IMU,109794,-251,-489,813,12,22,-25
IMU,109804,-263,-460,780,12,20,-26
IMU,109814,-270,-455,756,10,18,-27
IMU,109824,-277,-447,750,6,15,-27
IMU,109833,-286,-448,769,2,14,-27
IMU,109843,-292,-463,802,-1,13,-24
IMU,109853,-299,-503,844,-1,13,-21
IMU,109863,-314,-531,848,0,13,-18
IMU,109873,-330,-532,837,3,13,-15
IMU,109882,-344,-526,820,7,12,-12
IMU,109892,-344,-515,815,10,12,-10
IMU,109902,-340,-505,809,13,13,-6
IMU,109912,-343,-514,816,14,14,-3
IMU,109921,-356,-519,837,14,15,0
IMU,109931,-375,-523,830,13,16,1
IMU,109941,-401,-525,817,13,15,2
IMU,109951,-429,-524,802,10,12,3
IMU,109960,-443,-518,820,8,8,3
IMU,109970,-426,-512,851,5,5,4
IMU,109980,-374,-536,900,5,6,5
IMU,109990,-338,-573,904,7,8,5
IMU,110000,-356,-593,898,7,7,2
IMU,110009,-396,-606,874,5,0,-3
IMU,110019,-423,-606,890,2,-10,-11
IMU,110029,-420,-608,914,-2,-19,-17
IMU,110040,-414,-622,942,-6,-24,-20
IMU,110048,-415,-624,951,-8,-24,-20
IMU,110058,-429,-609,939,-11,-21,-18
IMU,110069,-436,-590,910,-13,-19,-17
IMU,110078,-428,-580,899,-14,-21,-17
IMU,110088,-406,-573,918,-16,-25,-19
IMU,110098,-380,-585,967,-16,-27,-20
IMU,110107,-359,-599,994,-14,-27,-19
IMU,110117,-357,-599,1026,-12,-26,-18
IMU,110126,-371,-605,1051,-9,-24,-17
IMU,110136,-385,-591,1029,-7,-21,-16
IMU,110146,-386,-564,981,-8,-20,-14
IMU,110156,-357,-530,949,-11,-19,-13
IMU,110166,-325,-502,940,-15,-17,-11
IMU,110175,-292,-467,911,-22,-15,-10
IMU,110185,-272,-433,907,-28,-12,-11
IMU,110195,-258,-406,877,-34,-9,-12
IMU,110205,-237,-428,900,-37,-8,-15
IMU,110214,-210,-492,933,-37,-3,-15
IMU,110224,-201,-516,908,-37,0,-11
IMU,110234,-213,-496,934,-34,5,-6
IMU,110244,-224,-488,943,-30,14,-1
IMU,110253,-241,-474,933,-25,23,3
IMU,110263,-260,-444,906,-22,31,7
IMU,110273,-283,-394,866,-21,34,10
IMU,110283,-296,-347,833,-22,34,12
IMU,110292,-300,-318,805,-25,33,13
IMU,110302,-303,-322,792,-29,31,13
IMU,110312,-301,-359,835,-30,28,12
IMU,110322,-302,-388,863,-27,27,12
IMU,110332,-310,-410,897,-23,25,11
IMU,110341,-320,-406,901,-18,24,11
IMU,110351,-328,-396,892,-13,22,11
IMU,110361,-330,-372,849,-10,20,10
IMU,110371,-345,-349,828,-8,16,8
IMU,110380,-361,-331,803,-8,11,5
IMU,110390,-359,-326,788,-8,6,2
IMU,110400,-351,-333,821,-7,0,-1
IMU,110410,-348,-341,875,-5,-5,-3
IMU,110419,-343,-345,913,-5,-9,-5
IMU,110429,-348,-328,918,-4,-14,-4
IMU,110439,-346,-309,945,-5,-17,-1
IMU,110449,-340,-294,928,-6,-17,4
IMU,110458,-338,-277,908,-7,-16,9
IMU,110468,-340,-280,890,-7,-17,13
IMU,110478,-337,-276,877,-7,-19,16
IMU,110488,-332,-292,919,-7,-21,17
IMU,110498,-333,-311,992,-5,-20,18
IMU,110507,-349,-282,1027,-1,-18,20
IMU,110517,-356,-249,1071,0,-13,25
IMU,110527,-369,-205,1091,0,-5,30
IMU,110537,-392,-174,1075,-1,-1,33
IMU,110546,-405,-158,1076,-6,-1,33
IMU,110557,-396,-132,1064,-11,-4,29
IMU,110567,-352,-105,1047,-17,-7,24
IMU,110576,-338,-107,1037,-23,-11,18
IMU,110586,-349,-154,1057,-32,-19,10
IMU,110595,-375,-207,1088,-40,-29,3
IMU,110605,-391,-284,1150,-49,-42,-5
IMU,110616,-368,-363,1276,-51,-46,-9
IMU,110625,-322,-366,1277,-52,-48,-11
IMU,110635,-244,-379,1284,-53,-45,-12
IMU,110645,-208,-389,1237,-52,-39,-11
IMU,110654,-204,-397,1178,-48,-34,-10
IMU,110664,-228,-389,1107,-44,-33,-11
IMU,110673,-249,-381,1067,-37,-33,-15
IMU,110683,-240,-381,1048,-29,-32,-17
IMU,110693,-210,-379,1084,-21,-30,-16
IMU,110703,-193,-380,1144,-15,-21,-12
IMU,110712,-197,-393,1186,-8,-5,-5
IMU,110722,-237,-389,1144,-2,11,3
IMU,110732,-276,-384,1082,2,22,14
IMU,110742,-320,-295,1009,2,27,26
IMU,110751,-369,-190,918,-1,20,33
IMU,110761,-404,-78,899,-8,8,36
IMU,110771,-430,15,933,-11,-1,33
IMU,110781,-438,82,1020,-11,-4,24
IMU,110791,-415,58,1061,-11,1,15
IMU,110800,-393,5,1010,-16,3,12
IMU,110810,-383,-16,989,-23,1,13
IMU,110820,-388,-25,969,-30,-1,15
IMU,110830,-376,-26,939,-35,-6,14
IMU,110839,-367,-34,905,-41,-13,12
IMU,110849,-344,-50,890,-47,-21,10
IMU,110859,-309,-69,899,-53,-27,10
IMU,110870,-282,-100,949,-56,-30,9
IMU,110878,-258,-162,1019,-54,-27,11
IMU,110889,-237,-179,1002,-50,-21,18
IMU,110899,-238,-157,972,-47,-20,21
IMU,110908,-237,-153,981,-45,-19,23
IMU,110917,-235,-135,960,-43,-17,25
IMU,110927,-243,-125,938,-41,-15,26
IMU,110937,-259,-116,928,-39,-14,26
IMU,110947,-264,-111,917,-37,-13,26
IMU,110957,-265,-114,928,-36,-11,25
IMU,110966,-262,-114,948,-34,-7,25
IMU,110976,-257,-102,949,-32,-2,26
IMU,110986,-260,-95,947,-31,2,26
IMU,110996,-264,-93,953,-31,4,24
IMU,111005,-276,-79,964,-30,6,22
IMU,111015,-296,-66,973,-28,9,21
IMU,111025,-305,-67,994,-25,11,21
IMU,111035,-311,-63,993,-23,11,21
IMU,111044,-310,-71,993,-22,12,22
IMU,111054,-317,-75,997,-21,12,23
IMU,111064,-323,-85,1003,-22,12,23
IMU,111074,-324,-108,1048,-22,11,22
IMU,111083,-320,-125,1060,-21,11,21
IMU,111093,-325,-141,1072,-19,12,21
IMU,111103,-332,-167,1081,-15,13,22
IMU,111113,-336,-189,1088,-9,14,24
IMU,111123,-339,-211,1097,-3,14,25
IMU,111132,-348,-236,1124,3,13,25
IMU,111142,-356,-242,1138,10,11,24
IMU,111152,-350,-246,1147,15,9,24
IMU,111162,-353,-258,1164,18,8,24
IMU,111171,-361,-285,1187,21,6,25
IMU,111181,-375,-313,1184,24,5,25
IMU,111191,-389,-331,1161,28,4,24
IMU,111201,-374,-323,1116,32,5,23
IMU,111210,-357,-305,1091,34,6,22
IMU,111220,-369,-274,1086,35,6,19
IMU,111230,-396,-245,1093,34,4,16
IMU,111240,-413,-228,1096,32,0,13
IMU,111250,-407,-227,1110,29,-4,11
IMU,111259,-397,-237,1126,24,-11,9
IMU,111269,-365,-259,1144,21,-17,8
IMU,111279,-336,-295,1154,20,-23,7
IMU,111289,-315,-338,1155,23,-26,8
IMU,111298,-316,-358,1095,28,-27,9
IMU,111308,-322,-351,1015,36,-25,11
IMU,111318,-330,-335,931,42,-23,12
IMU,111328,-319,-290,895,44,-22,13
IMU,111337,-320,-249,884,42,-21,10
IMU,111347,-346,-266,839,34,-23,7
IMU,111357,-325,-313,877,25,-30,6
IMU,111367,-299,-347,969,18,-29,6
IMU,111376,-291,-360,959,18,-25,7
IMU,111386,-288,-366,951,20,-19,7
IMU,111396,-298,-328,899,23,-13,7
IMU,111406,-298,-279,865,25,-10,7
IMU,111416,-291,-229,842,23,-10,6
IMU,111425,-285,-178,832,16,-13,3
IMU,111435,-278,-168,843,7,-18,-1
IMU,111445,-272,-182,871,0,-19,-6
IMU,111455,-266,-183,873,-7,-15,-10
IMU,111464,-264,-174,837,-14,-10,-16
IMU,111474,-275,-210,813,-25,-12,-23
IMU,111484,-260,-259,856,-34,-13,-27
IMU,111494,-249,-281,837,-41,-14,-28
IMU,111503,-245,-304,876,-43,-15,-31
IMU,111513,-250,-347,888,-42,-13,-33
IMU,111523,-278,-376,882,-39,-9,-34
IMU,111533,-312,-402,895,-35,-6,-34
IMU,111542,-330,-406,889,-32,-3,-32
IMU,111552,-338,-428,889,-32,-1,-30
IMU,111562,-338,-466,932,-32,-1,-27
IMU,111572,-316,-491,948,-29,1,-23
IMU,111582,-297,-505,939,-24,4,-19
IMU,111591,-296,-513,915,-17,6,-17
IMU,111601,-309,-508,887,-13,5,-16
IMU,111611,-320,-492,846,-10,1,-17
IMU,111621,-330,-476,829,-10,-2,-19
IMU,111630,-322,-489,849,-13,-3,-21
IMU,111640,-314,-502,870,-14,-2,-21
IMU,111650,-324,-538,899,-13,0,-21
IMU,111660,-349,-560,913,-10,2,-20
IMU,111669,-374,-576,894,-4,2,-21
IMU,111679,-401,-568,890,1,0,-22
IMU,111689,-397,-558,901,7,-4,-22
IMU,111699,-378,-551,900,13,-7,-22
IMU,111708,-364,-561,929,18,-7,-20
IMU,111718,-361,-567,936,24,-4,-17
IMU,111728,-359,-575,941,29,-2,-14
IMU,111738,-350,-586,947,35,-1,-12
IMU,111748,-342,-581,925,38,-2,-11
IMU,111757,-330,-570,893,40,-4,-11
IMU,111767,-317,-565,874,39,-6,-12
IMU,111777,-304,-569,893,37,-7,-12
IMU,111787,-297,-586,938,36,-7,-12
IMU,111796,-277,-602,972,37,-3,-11
IMU,111806,-236,-599,983,42,4,-12
IMU,111816,-226,-599,938,47,16,-14
IMU,111826,-249,-604,872,49,21,-16
IMU,111835,-277,-629,830,45,20,-17
IMU,111845,-290,-624,808,35,14,-18
IMU,111855,-287,-628,823,24,6,-22
IMU,111865,-276,-658,857,12,0,-26
IMU,111875,-282,-649,922,2,-5,-28
IMU,111884,-290,-646,949,-6,-6,-30
IMU,111894,-304,-640,941,-13,-8,-30
IMU,111904,-315,-642,955,-14,-9,-30
IMU,111914,-319,-637,939,-11,-8,-29
IMU,111923,-324,-616,906,-5,-7,-27
IMU,111933,-326,-594,884,0,-5,-26
IMU,111943,-332,-568,876,3,-4,-24
IMU,111953,-323,-562,899,6,-1,-21
IMU,111962,-301,-571,933,8,1,-18
IMU,111972,-279,-581,970,11,4,-17
IMU,111982,-272,-573,978,14,5,-19
IMU,111992,-272,-542,966,15,4,-22
IMU,112001,-279,-503,938,14,2,-26
IMU,112011,-284,-456,905,10,-1,-30
IMU,112021,-295,-424,882,3,-5,-34
IMU,112031,-316,-417,856,-3,-8,-36
IMU,112041,-325,-437,860,-9,-10,-37
IMU,112050,-313,-464,875,-13,-9,-38
IMU,112060,-291,-486,902,-14,-7,-37
IMU,112070,-284,-495,914,-13,-3,-36
IMU,112080,-288,-490,927,-12,0,-34
IMU,112089,-300,-449,892,-11,4,-30
IMU,112099,-298,-426,891,-12,6,-25
SPM,102102,0.00
SPM,105143,0.00
SPM,108158,0.00
SPM,111193,0.00
GPS,112597,59.416973,17.982089,5.76,2.12,15,0.80,17.50,58.27
GPS,112929,59.416973,17.982091,5.76,2.11,15,0.80,17.30,58.27
GPS,113574,59.416973,17.982091,0.00,2.11,15,0.80,17.30,58.27
GPS,113936,59.416974,17.982093,0.00,2.03,15,0.80,17.40,58.27
GPS,114580,59.416974,17.982093,0.00,2.03,15,0.80,17.40,58.27
GPS,114941,59.416975,17.982094,0.00,1.96,15,0.80,17.40,58.27
GPS,115585,59.416975,17.982094,0.00,1.96,15,0.80,17.40,58.27
GPS,115947,59.416972,17.982087,0.00,2.12,15,0.80,17.70,58.27
GPS,116591,59.416972,17.982087,2.41,2.12,15,0.80,17.70,58.27
GPS,116953,59.416967,17.982079,2.41,2.77,15,0.80,17.60,58.27
GPS,117597,59.416967,17.982079,3.76,2.77,15,0.80,17.60,216.77
GPS,117958,59.416960,17.982067,3.76,3.59,15,0.80,17.80,216.77
GPS,118603,59.416960,17.982067,4.69,3.59,15,0.80,17.80,222.28
GPS,118964,59.416954,17.982049,4.69,4.64,15,0.80,18.00,222.28
GPS,119609,59.416954,17.982049,5.82,4.64,15,0.80,18.00,237.10
GPS,120009,59.416948,17.982030,5.82,5.74,15,0.80,18.00,237.10
GPS,120654,59.416948,17.982030,4.07,5.74,15,0.80,18.00,230.62
GPS,120986,59.416943,17.982021,4.07,6.48,15,0.80,18.10,230.62
GPS,121630,59.416943,17.982021,2.65,6.48,15,0.80,18.10,230.62
GPS,121962,59.416939,17.982013,2.65,7.06,15,0.80,18.20,230.62
IMU,112109,-300,-384,841,-13,9,-20
IMU,112119,-309,-355,805,-16,9,-16
IMU,112128,-333,-338,778,-21,7,-12
IMU,112138,-332,-363,803,-24,4,-8
IMU,112148,-296,-411,878,-25,2,-4
IMU,112158,-254,-448,967,-22,2,-2
IMU,112167,-239,-453,991,-18,3,1
IMU,112177,-251,-432,972,-12,6,5
IMU,112187,-279,-391,923,-9,8,9
IMU,112197,-310,-343,880,-7,6,12
IMU,112207,-330,-309,854,-6,1,13
IMU,112216,-345,-264,823,-7,-4,14
IMU,112226,-339,-251,829,-11,-11,15
IMU,112236,-300,-287,886,-14,-12,16
IMU,112246,-265,-316,936,-16,-12,17
IMU,112255,-243,-354,997,-16,-11,17
IMU,112265,-257,-367,1032,-15,-12,18
IMU,112275,-281,-354,1026,-13,-14,20
IMU,112285,-308,-330,1001,-12,-17,22
IMU,112294,-329,-320,987,-12,-23,24
IMU,112304,-340,-313,1002,-11,-28,27
IMU,112314,-300,-321,1052,-11,-30,31
IMU,112324,-247,-344,1090,-9,-24,37
IMU,112333,-235,-350,1104,-7,-19,42
IMU,112343,-244,-349,1118,-2,-14,46
IMU,112353,-263,-338,1121,2,-13,49
IMU,112363,-292,-313,1086,4,-14,49
IMU,112373,-316,-292,1065,5,-15,49
IMU,112382,-327,-264,1050,5,-15,47
IMU,112392,-321,-253,1079,4,-14,45
IMU,112402,-321,-235,1111,2,-14,40
IMU,112412,-314,-220,1137,-1,-16,35
IMU,112421,-309,-199,1162,-6,-21,29
IMU,112431,-311,-190,1144,-9,-26,23
IMU,112441,-319,-203,1138,-11,-31,17
IMU,112451,-313,-211,1099,-12,-34,13
IMU,112460,-307,-201,1079,-11,-35,11
IMU,112470,-337,-191,1072,-11,-35,10
IMU,112480,-357,-147,1053,-12,-34,10
IMU,112490,-349,-90,1036,-17,-38,7
IMU,112500,-337,-68,1041,-23,-43,4
IMU,112509,-313,-75,1041,-31,-46,1
IMU,112519,-294,-111,1012,-39,-46,0
IMU,112529,-281,-157,971,-44,-40,3
IMU,112539,-287,-170,948,-48,-35,9
IMU,112548,-327,-145,914,-54,-30,16
IMU,112558,-363,-118,886,-59,-28,16
IMU,112568,-387,-97,904,-61,-27,13
IMU,112578,-378,-146,947,-62,-25,8
IMU,112587,-359,-202,991,-62,-22,6
IMU,112597,-347,-235,1036,-60,-18,9
IMU,112607,-354,-242,1069,-58,-12,14
IMU,112617,-378,-229,1075,-55,-7,19
IMU,112626,-407,-196,1067,-52,-5,24
IMU,112636,-408,-152,1055,-48,-6,29
IMU,112646,-392,-107,1028,-46,-9,33
IMU,112656,-362,-97,1045,-45,-12,35
IMU,112666,-328,-103,1059,-43,-13,36
IMU,112675,-319,-83,1066,-40,-11,38
IMU,112685,-275,-115,1032,-38,-10,36
IMU,112695,-261,-117,1031,-36,-8,34
IMU,112705,-247,-122,1040,-31,-1,34
IMU,112714,-241,-92,969,-27,6,34
IMU,112724,-265,-43,911,-25,11,31
IMU,112734,-286,-13,876,-27,13,28
IMU,112744,-291,-5,885,-30,13,25
IMU,112753,-297,-10,901,-34,16,24
IMU,112763,-300,-28,926,-36,19,25
IMU,112773,-303,-39,920,-37,22,25
IMU,112783,-300,-71,932,-36,24,24
IMU,112792,-300,-77,922,-34,25,24
IMU,112802,-304,-76,906,-31,25,22
IMU,112812,-313,-78,892,-29,24,19
IMU,112822,-326,-83,924,-28,22,17
IMU,112832,-332,-99,953,-27,21,15
IMU,112841,-338,-124,978,-24,19,15
IMU,112851,-346,-165,1021,-19,16,14
IMU,112861,-354,-192,1019,-12,14,13
IMU,112871,-353,-198,998,-4,12,12
IMU,112880,-351,-195,984,3,11,10
IMU,112891,-343,-190,992,10,11,7
IMU,112900,-345,-186,1000,14,11,6
IMU,112911,-360,-198,1030,17,11,5
IMU,112920,-374,-210,1046,21,10,5
IMU,112929,-378,-226,1064,26,9,5
IMU,112940,-387,-245,1090,31,7,5
IMU,112949,-392,-266,1099,36,6,5
IMU,112958,-406,-266,1117,42,6,5
IMU,112968,-422,-281,1109,45,8,5
IMU,112978,-423,-246,1073,45,12,7
IMU,112988,-407,-216,1042,42,12,6
IMU,112998,-384,-242,1079,38,11,4
IMU,113007,-390,-267,1119,33,5,1
IMU,113017,-405,-290,1160,28,-5,-3
IMU,113027,-394,-318,1213,25,-19,-9
IMU,113037,-351,-361,1273,24,-29,-14
IMU,113046,-281,-430,1326,25,-33,-17
IMU,113056,-240,-445,1299,25,-32,-18
IMU,113066,-218,-456,1268,25,-33,-19
IMU,113076,-228,-471,1216,24,-33,-22
IMU,113085,-250,-489,1138,23,-35,-25
IMU,113095,-251,-497,1093,25,-36,-28
IMU,113105,-231,-500,1063,31,-31,-30
IMU,113115,-209,-537,1032,39,-20,-27
IMU,113125,-205,-562,985,44,-10,-19
IMU,113134,-224,-515,960,47,0,-12
IMU,113144,-240,-482,931,46,7,-11
IMU,113154,-259,-460,940,42,10,-11
IMU,113164,-270,-445,968,40,12,-10
IMU,113173,-290,-437,970,39,14,-8
IMU,113183,-305,-437,960,38,14,-7
IMU,113193,-304,-434,964,37,12,-6
IMU,113203,-286,-432,964,38,11,-6
IMU,113212,-271,-431,968,39,9,-7
IMU,113222,-260,-430,976,38,6,-10
IMU,113232,-253,-414,966,37,3,-14
IMU,113242,-251,-401,953,34,1,-18
IMU,113251,-252,-397,951,30,0,-22
IMU,113261,-257,-399,934,27,-1,-25
IMU,113271,-265,-418,910,23,-2,-28
IMU,113281,-270,-438,905,20,-2,-30
IMU,113291,-263,-449,891,18,-2,-31
IMU,113300,-265,-468,910,18,0,-31
IMU,113310,-279,-473,927,18,4,-29
IMU,113320,-287,-469,931,20,7,-28
IMU,113330,-291,-462,945,20,8,-26
IMU,113339,-282,-461,963,20,8,-23
IMU,113349,-276,-456,952,19,11,-19
IMU,113359,-279,-457,934,19,13,-15
IMU,113369,-283,-444,924,18,14,-12
IMU,113378,-274,-429,898,17,15,-8
IMU,113388,-287,-411,881,17,16,-6
IMU,113398,-293,-399,865,16,15,-6
IMU,113409,-284,-404,867,14,13,-7
IMU,113417,-285,-416,894,12,13,-8
IMU,113427,-300,-415,905,11,12,-9
IMU,113438,-318,-425,928,9,10,-10
IMU,113447,-322,-422,927,8,8,-10
IMU,113458,-324,-407,906,7,7,-9
IMU,113467,-327,-397,878,6,5,-9
IMU,113476,-320,-393,849,5,3,-10
IMU,113487,-311,-383,829,4,0,-10
IMU,113496,-313,-376,833,3,-2,-10
IMU,113505,-322,-381,837,1,-5,-10
IMU,113515,-328,-390,855,0,-7,-8
IMU,113525,-345,-393,882,0,-8,-6
IMU,113535,-353,-415,918,0,-8,-4
IMU,113544,-362,-424,925,2,-6,0
IMU,113554,-371,-435,925,2,-7,1
IMU,113564,-371,-436,918,3,-7,2
IMU,113574,-365,-432,921,4,-8,3
IMU,113583,-352,-443,926,4,-8,3
IMU,113593,-351,-470,934,5,-8,3
IMU,113603,-354,-468,943,6,-7,4
IMU,113613,-355,-460,939,7,-6,5
IMU,113623,-347,-457,929,7,-6,6
IMU,113632,-348,-446,916,6,-6,7
IMU,113642,-350,-433,923,3,-7,7
IMU,113652,-358,-431,937,0,-11,6
IMU,113662,-357,-442,962,-4,-14,5
IMU,113671,-344,-466,995,-7,-17,5
IMU,113681,-330,-477,1018,-7,-16,6
IMU,113691,-322,-471,1007,-7,-13,8
IMU,113701,-318,-460,987,-7,-10,11
IMU,113710,-324,-447,971,-6,-7,14
IMU,113720,-331,-430,943,-6,-7,15
IMU,113730,-333,-415,936,-6,-8,16
IMU,113740,-333,-395,928,-7,-8,16
IMU,113750,-327,-393,950,-9,-9,16
IMU,113759,-317,-403,973,-11,-6,17
IMU,113769,-320,-406,969,-13,-2,19
IMU,113779,-335,-395,958,-14,1,21
IMU,113789,-349,-380,916,-15,4,21
IMU,113798,-358,-376,912,-16,4,21
IMU,113808,-354,-364,904,-17,3,21
IMU,113818,-340,-357,919,-18,2,21
IMU,113828,-326,-361,929,-19,3,23
IMU,113837,-326,-356,920,-20,5,25
IMU,113847,-335,-355,921,-21,7,26
IMU,113857,-351,-349,917,-22,7,27
IMU,113867,-365,-339,913,-23,6,27
IMU,113876,-369,-338,915,-24,4,28
IMU,113886,-368,-339,923,-25,3,29
IMU,113896,-359,-346,937,-26,2,31
IMU,113906,-357,-352,941,-27,3,33
IMU,113916,-347,-365,956,-29,3,35
IMU,113925,-347,-367,950,-29,4,36
IMU,113936,-358,-362,937,-29,4,38
IMU,113946,-364,-353,919,-28,3,39
IMU,113955,-369,-343,913,-29,3,40
IMU,113965,-373,-334,909,-29,2,42
IMU,113974,-375,-331,907,-30,2,43
IMU,113984,-381,-333,909,-31,2,45
IMU,113994,-388,-333,902,-32,2,47
IMU,114003,-396,-335,889,-33,2,49
IMU,114013,-403,-322,895,-34,2,50
IMU,114023,-407,-320,898,-35,0,50
IMU,114033,-403,-338,923,-36,0,51
IMU,114042,-400,-346,925,-36,-1,52
IMU,114052,-388,-357,935,-37,-3,53
IMU,114062,-379,-352,932,-36,-3,54
IMU,114072,-375,-344,919,-36,-4,55
IMU,114082,-375,-329,904,-35,-5,55
IMU,114091,-373,-308,879,-35,-7,54
IMU,114101,-377,-299,869,-36,-10,54
IMU,114111,-378,-302,876,-37,-12,54
IMU,114121,-380,-306,887,-38,-15,54
IMU,114130,-379,-318,909,-39,-17,54
IMU,114140,-376,-330,930,-39,-18,55
IMU,114150,-375,-324,930,-38,-19,57
IMU,114160,-383,-314,916,-38,-20,58
IMU,114169,-391,-309,912,-38,-22,58
IMU,114179,-389,-294,900,-39,-26,59
IMU,114189,-384,-287,890,-41,-31,59
IMU,114199,-381,-293,896,-43,-34,60
IMU,114208,-380,-301,909,-45,-36,62
IMU,114218,-378,-316,931,-45,-37,64
IMU,114228,-374,-331,950,-45,-37,67
IMU,114238,-374,-338,944,-44,-35,70
IMU,114248,-372,-344,940,-44,-35,72
IMU,114257,-367,-349,935,-43,-35,74
IMU,114267,-365,-354,939,-41,-33,77
IMU,114277,-376,-350,929,-39,-31,80
IMU,114287,-385,-341,922,-39,-29,83
IMU,114296,-394,-337,919,-39,-29,85
IMU,114306,-397,-336,923,-40,-31,86
IMU,114316,-400,-336,927,-41,-31,88
IMU,114326,-398,-337,927,-42,-32,89
IMU,114335,-405,-334,930,-43,-32,91
IMU,114345,-409,-331,936,-44,-33,92
IMU,114355,-403,-342,942,-45,-34,92
IMU,114365,-402,-348,945,-46,-36,93
IMU,114375,-403,-350,943,-45,-36,95
IMU,114384,-403,-351,936,-45,-37,97
IMU,114394,-403,-353,932,-45,-37,98
IMU,114404,-397,-351,925,-45,-38,99
IMU,114414,-391,-349,925,-46,-38,100
IMU,114423,-385,-349,934,-47,-38,101
IMU,114433,-385,-349,936,-47,-38,103
IMU,114443,-388,-351,943,-47,-38,104
IMU,114453,-391,-351,941,-46,-38,105
IMU,114462,-394,-340,938,-46,-40,106
IMU,114472,-395,-335,940,-47,-40,107
IMU,114482,-396,-328,933,-48,-40,108
IMU,114492,-394,-325,928,-50,-40,109
IMU,114501,-388,-326,931,-52,-39,110
IMU,114511,-384,-327,927,-55,-39,111
IMU,114521,-385,-324,919,-56,-38,111
IMU,114531,-378,-345,930,-57,-38,112
IMU,114541,-374,-346,920,-57,-36,112
IMU,114550,-369,-351,926,-56,-35,113
IMU,114560,-363,-362,935,-55,-32,114
IMU,114570,-361,-362,937,-53,-30,114
IMU,114580,-364,-359,950,-52,-28,113
IMU,114589,-372,-353,951,-51,-27,113
IMU,114599,-377,-347,952,-51,-26,113
IMU,114609,-386,-338,941,-51,-25,113
IMU,114619,-385,-330,932,-52,-25,113
IMU,114628,-376,-324,927,-53,-26,113
IMU,114638,-376,-320,917,-53,-26,113
IMU,114648,-368,-328,924,-53,-26,113
IMU,114658,-362,-329,921,-53,-26,113
IMU,114667,-356,-332,939,-51,-26,113
IMU,114677,-355,-330,954,-49,-26,112
IMU,114687,-361,-328,961,-47,-27,112
IMU,114697,-368,-322,969,-46,-29,111
IMU,114707,-368,-311,970,-45,-30,111
IMU,114716,-366,-294,955,-45,-31,110
IMU,114726,-367,-280,940,-46,-31,109
IMU,114736,-362,-271,935,-47,-32,109
IMU,114746,-356,-266,935,-49,-32,109
IMU,114755,-359,-263,934,-50,-32,109
IMU,114765,-357,-264,938,-51,-32,109
IMU,114775,-351,-267,942,-52,-33,109
IMU,114785,-340,-280,953,-53,-32,108
IMU,114794,-339,-293,980,-53,-31,108
IMU,114804,-344,-298,990,-52,-28,110
IMU,114814,-350,-297,988,-52,-26,112
IMU,114824,-347,-299,989,-51,-24,114
IMU,114833,-338,-293,981,-51,-23,116
IMU,114843,-331,-290,986,-51,-23,117
IMU,114853,-322,-295,1001,-51,-24,118
IMU,114863,-311,-292,1006,-50,-25,118
IMU,114873,-305,-289,1005,-51,-25,118
IMU,114882,-300,-275,999,-51,-24,120
IMU,114892,-295,-259,980,-53,-22,123
IMU,114902,-305,-240,960,-55,-19,127
IMU,114912,-318,-218,937,-58,-19,129
IMU,114921,-327,-221,946,-62,-23,130
IMU,114931,-333,-234,978,-65,-26,130
IMU,114941,-332,-250,994,-67,-29,131
IMU,114951,-320,-271,1029,-68,-32,131
IMU,114960,-315,-283,1050,-70,-34,130
IMU,114970,-307,-296,1061,-71,-35,130
IMU,114980,-302,-297,1054,-72,-34,130
IMU,114990,-296,-288,1026,-74,-35,130
IMU,115000,-295,-282,1006,-75,-35,131
IMU,115009,-301,-277,982,-76,-35,132
IMU,115019,-303,-272,972,-75,-35,134
IMU,115029,-309,-267,961,-75,-34,135
IMU,115039,-308,-273,967,-76,-35,136
IMU,115048,-309,-277,986,-77,-35,137
IMU,115058,-311,-281,1005,-78,-35,138
IMU,115068,-316,-277,1015,-81,-35,139
IMU,115078,-318,-286,1018,-83,-35,140
IMU,115087,-321,-297,1017,-84,-35,142
IMU,115097,-325,-301,1006,-84,-35,144
IMU,115107,-325,-301,1000,-82,-35,145
IMU,115117,-326,-285,974,-80,-35,146
IMU,115126,-321,-275,959,-78,-36,146
IMU,115136,-315,-273,961,-76,-36,148
IMU,115146,-317,-269,955,-75,-36,148
IMU,115156,-320,-266,958,-74,-36,149
IMU,115166,-325,-256,957,-74,-36,149
IMU,115175,-328,-239,948,-74,-37,148
IMU,115185,-329,-223,928,-75,-38,147
IMU,115195,-331,-206,908,-77,-40,145
IMU,115205,-333,-195,892,-80,-41,144
IMU,115214,-334,-196,882,-83,-44,141
IMU,115224,-338,-203,889,-85,-45,139
IMU,115234,-343,-209,888,-88,-47,137
IMU,115244,-340,-234,899,-88,-47,135
IMU,115253,-344,-247,894,-88,-48,134
IMU,115263,-352,-255,903,-88,-49,131
IMU,115273,-354,-270,914,-88,-50,128
IMU,115283,-361,-271,914,-87,-51,125
IMU,115292,-365,-271,932,-87,-53,122
IMU,115303,-359,-274,934,-88,-55,119
IMU,115312,-353,-274,941,-88,-57,117
IMU,115323,-351,-274,936,-88,-58,116
IMU,115332,-347,-273,931,-88,-58,115
IMU,115341,-345,-269,927,-88,-59,114
IMU,115352,-340,-262,924,-88,-60,113
IMU,115361,-333,-263,928,-88,-62,112
IMU,115372,-328,-270,943,-88,-63,111
IMU,115381,-316,-282,961,-89,-63,111
IMU,115390,-310,-290,972,-89,-61,112
IMU,115400,-303,-298,977,-89,-59,114
IMU,115410,-303,-304,983,-88,-58,115
IMU,115419,-307,-307,986,-87,-57,116
IMU,115429,-310,-304,990,-85,-55,119
IMU,115439,-312,-289,973,-84,-54,121
IMU,115449,-310,-280,963,-84,-54,122
IMU,115458,-303,-290,972,-85,-54,122
IMU,115468,-302,-315,988,-86,-53,124
IMU,115478,-308,-328,992,-87,-52,125
IMU,115488,-309,-342,980,-87,-52,126
IMU,115498,-314,-349,970,-87,-52,126
IMU,115507,-316,-359,971,-88,-53,127
IMU,115517,-319,-366,978,-89,-52,129
IMU,115527,-320,-380,993,-89,-53,130
IMU,115537,-313,-384,1006,-89,-53,131
IMU,115546,-302,-382,1009,-88,-52,132
IMU,115556,-293,-380,1016,-86,-51,132
IMU,115566,-284,-385,1019,-83,-50,133
IMU,115576,-294,-380,1011,-81,-48,134
IMU,115585,-317,-374,975,-80,-47,134
IMU,115595,-337,-372,938,-83,-49,135
IMU,115605,-355,-364,940,-87,-52,136
IMU,115615,-382,-356,953,-93,-54,135
IMU,115625,-397,-349,987,-100,-60,131
IMU,115634,-368,-387,1035,-105,-66,126
IMU,115644,-367,-405,1057,-111,-74,121
IMU,115654,-325,-441,1109,-114,-81,118
IMU,115664,-289,-446,1089,-115,-84,117
IMU,115673,-256,-459,1076,-116,-89,117
IMU,115683,-224,-474,1056,-117,-93,118
IMU,115693,-200,-500,1045,-115,-96,120
IMU,115703,-181,-517,1057,-109,-94,120
IMU,115712,-132,-529,1035,-100,-90,120
IMU,115722,-126,-588,999,-91,-82,126
IMU,115732,-118,-611,931,-85,-71,136
IMU,115742,-126,-566,903,-82,-61,146
IMU,115751,-150,-505,886,-78,-51,157
IMU,115761,-200,-439,904,-76,-43,165
IMU,115771,-246,-367,894,-74,-37,168
IMU,115781,-272,-316,885,-75,-34,166
IMU,115791,-279,-290,897,-78,-34,164
IMU,115800,-272,-291,917,-83,-35,161
IMU,115810,-279,-286,939,-89,-38,158
IMU,115820,-291,-285,946,-96,-43,152
IMU,115830,-301,-300,951,-100,-49,145
IMU,115839,-293,-327,964,-102,-56,140
IMU,115849,-274,-338,950,-101,-59,136
IMU,115859,-262,-339,926,-100,-63,131
IMU,115869,-254,-345,919,-98,-66,126
IMU,115878,-254,-355,913,-96,-69,122
IMU,115888,-260,-364,920,-94,-71,117
IMU,115898,-269,-368,934,-91,-73,114
IMU,115908,-271,-373,945,-87,-74,112
IMU,115917,-274,-364,946,-82,-74,110
IMU,115927,-280,-350,940,-77,-73,109
IMU,115937,-277,-325,925,-72,-73,108
IMU,115947,-277,-306,913,-69,-72,107
IMU,115957,-278,-288,899,-67,-72,105
IMU,115966,-273,-271,887,-65,-72,103
IMU,115976,-273,-255,886,-65,-71,101
IMU,115986,-281,-242,881,-65,-71,100
IMU,115996,-291,-242,892,-65,-70,98
IMU,116005,-305,-233,890,-66,-70,97
IMU,116015,-311,-236,898,-67,-70,96
IMU,116025,-310,-235,901,-68,-69,95
IMU,116035,-311,-236,914,-68,-67,94
IMU,116044,-314,-238,923,-67,-65,93
IMU,116054,-317,-240,922,-65,-63,92
IMU,116064,-324,-244,913,-63,-61,91
IMU,116074,-334,-247,915,-62,-60,89
IMU,116083,-344,-247,907,-60,-58,88
IMU,116093,-355,-239,897,-58,-56,87
IMU,116103,-362,-229,900,-56,-54,86
IMU,116113,-370,-218,899,-56,-52,85
IMU,116124,-384,-200,908,-56,-52,84
IMU,116132,-394,-196,912,-55,-52,83
IMU,116143,-404,-194,927,-54,-54,80
IMU,116153,-407,-189,944,-52,-55,77
IMU,116162,-409,-186,954,-50,-56,75
IMU,116172,-416,-169,959,-48,-55,72
IMU,116181,-419,-151,965,-46,-55,70
IMU,116191,-423,-128,974,-44,-55,67
IMU,116201,-433,-108,989,-43,-55,64
IMU,116210,-441,-88,1002,-42,-56,61
IMU,116220,-448,-70,1006,-42,-57,58
IMU,116230,-444,-56,1023,-42,-58,54
IMU,116240,-443,-48,1043,-42,-59,52
IMU,116250,-453,-53,1071,-43,-59,50
IMU,116259,-464,-64,1086,-43,-59,48
IMU,116269,-470,-82,1107,-41,-59,47
IMU,116279,-465,-97,1122,-39,-57,45
IMU,116289,-458,-109,1144,-36,-54,44
IMU,116298,-454,-106,1168,-33,-50,43
IMU,116308,-445,-105,1177,-29,-45,42
IMU,116318,-436,-112,1183,-26,-40,41
IMU,116328,-433,-126,1203,-23,-35,40
IMU,116337,-433,-134,1214,-20,-29,40
IMU,116347,-436,-141,1210,-15,-22,40
IMU,116357,-433,-162,1218,-10,-15,41
IMU,116367,-428,-181,1220,-4,-9,40
IMU,116376,-427,-176,1222,0,-4,40
IMU,116386,-415,-178,1236,1,-1,39
IMU,116396,-401,-184,1247,0,0,37
IMU,116406,-385,-221,1265,-3,1,36
IMU,116416,-365,-269,1278,-7,2,36
IMU,116425,-351,-305,1232,-9,4,36
IMU,116435,-346,-362,1208,-9,6,36
IMU,116445,-349,-397,1165,-7,9,36
IMU,116455,-350,-435,1158,-2,12,36
IMU,116464,-360,-453,1143,4,15,35
IMU,116474,-369,-469,1139,10,17,34
IMU,116484,-371,-488,1167,15,19,33
IMU,116494,-393,-536,1179,18,22,34
IMU,116503,-368,-507,1120,17,21,50
IMU,116513,-339,-432,1191,21,22,56
IMU,116523,-339,-396,1144,30,25,45
IMU,116533,-356,-398,1068,34,23,37
IMU,116542,-344,-411,1016,31,10,29
IMU,116552,-328,-432,1028,26,0,24
IMU,116562,-323,-467,1039,22,-9,19
IMU,116572,-313,-528,1038,21,-11,17
IMU,116582,-307,-573,1038,23,-11,17
IMU,116591,-297,-585,1007,29,-9,17
IMU,116601,-288,-579,958,31,-10,15
IMU,116611,-272,-573,927,30,-14,10
IMU,116622,-232,-579,923,27,-17,6
IMU,116630,-195,-563,901,25,-16,3
IMU,116641,-182,-580,884,25,-12,-1
IMU,116650,-199,-604,818,21,-11,-3
IMU,116660,-248,-605,776,17,-14,-1
IMU,116670,-288,-514,717,6,-20,9
IMU,116679,-221,-521,776,1,-22,10
IMU,116690,-191,-568,764,3,-12,2
IMU,116700,-188,-617,752,1,-7,-1
IMU,116708,-193,-645,799,0,-5,0
IMU,116718,-209,-632,803,-1,-4,1
IMU,116728,-222,-611,788,0,-3,1
IMU,116738,-206,-597,761,1,0,-1
IMU,116748,-187,-598,744,4,3,-4
IMU,116757,-184,-587,726,6,8,-4
IMU,116767,-178,-565,716,6,13,-3
IMU,116777,-204,-571,725,7,18,-2
IMU,116787,-226,-578,710,9,20,0
IMU,116796,-234,-579,720,11,21,2
IMU,116806,-219,-558,731,13,25,4
IMU,116816,-214,-559,745,8,34,6
IMU,116826,-218,-537,677,15,30,7
IMU,116835,-220,-503,740,16,29,8
IMU,116845,-241,-470,703,17,28,7
IMU,116855,-266,-464,732,17,25,6
IMU,116865,-293,-448,731,18,24,5
IMU,116875,-316,-445,750,19,22,5
IMU,116884,-323,-448,792,21,21,6
IMU,116895,-324,-434,827,24,19,7
IMU,116904,-322,-420,844,25,18,7
IMU,116915,-333,-403,834,27,17,7
IMU,116923,-360,-392,811,26,13,6
IMU,116933,-399,-394,795,23,5,3
IMU,116943,-438,-402,804,18,-4,1
IMU,116953,-465,-414,824,14,-14,0
IMU,116962,-478,-453,844,10,-21,2
IMU,116972,-459,-519,912,7,-26,4
IMU,116982,-418,-566,982,9,-30,3
IMU,116992,-374,-589,1034,10,-31,3
IMU,117001,-352,-559,1017,10,-30,2
IMU,117011,-343,-491,968,7,-33,-2
IMU,117021,-327,-427,923,2,-39,-10
IMU,117031,-342,-401,862,-3,-42,-18
IMU,117041,-351,-468,873,-9,-48,-26
IMU,117050,-321,-561,951,-10,-46,-23
IMU,117060,-307,-539,992,-11,-48,-20
IMU,117070,-311,-553,1143,-11,-49,-22
IMU,117080,-307,-535,1236,-10,-49,-20
IMU,117089,-291,-486,1209,-1,-43,-9
IMU,117099,-342,-344,1219,-1,-39,1
IMU,117109,-344,-274,1103,-11,-31,7
IMU,117119,-354,-219,949,-18,-36,11
IMU,117128,-352,-156,905,-28,-47,11
IMU,117138,-333,-126,873,-39,-58,8
IMU,117148,-300,-175,942,-47,-63,6
IMU,117158,-250,-330,1094,-46,-56,9
IMU,117167,-252,-352,1157,-42,-42,16
IMU,117177,-295,-341,1182,-39,-35,18
IMU,117187,-344,-306,1177,-39,-30,19
IMU,117197,-367,-239,1118,-40,-27,22
IMU,117207,-368,-175,1041,-45,-26,24
IMU,117216,-362,-92,951,-54,-28,24
IMU,117226,-299,22,921,-63,-33,8
IMU,117236,-324,-39,792,-74,-37,-1
IMU,117246,-263,-155,785,-90,-49,2
IMU,117255,-164,-258,983,-96,-50,9
IMU,117265,-130,-331,1001,-87,-34,15
IMU,117275,-154,-302,974,-80,-25,20
IMU,117285,-196,-287,963,-75,-17,22
IMU,117294,-236,-260,928,-69,-11,25
IMU,117304,-259,-216,898,-64,-4,29
IMU,117314,-270,-164,871,-60,0,31
IMU,117324,-266,-148,883,-58,2,32
IMU,117333,-254,-140,888,-56,3,32
IMU,117343,-243,-137,907,-53,4,31
IMU,117353,-242,-130,906,-48,4,30
IMU,117363,-252,-125,912,-43,3,27
IMU,117373,-270,-109,912,-39,2,26
IMU,117382,-292,-75,886,-37,2,27
IMU,117392,-313,-48,865,-37,1,31
IMU,117402,-339,9,875,-38,0,36
IMU,117412,-361,65,882,-38,3,36
IMU,117421,-374,103,876,-37,6,30
IMU,117431,-362,84,880,-37,6,24
IMU,117441,-348,76,916,-37,4,20
IMU,117451,-350,67,969,-37,1,16
IMU,117460,-364,47,1053,-36,-3,12
IMU,117470,-392,30,1122,-33,-8,8
IMU,117480,-402,-8,1191,-27,-13,4
IMU,117490,-399,-58,1235,-20,-15,2
IMU,117500,-388,-105,1236,-12,-16,1
IMU,117509,-362,-146,1226,-3,-16,0
IMU,117519,-330,-164,1203,3,-14,0
IMU,117529,-309,-180,1193,10,-11,0
IMU,117539,-309,-210,1217,15,-7,4
IMU,117548,-330,-241,1184,18,-1,13
IMU,117558,-357,-226,1133,17,-5,28
IMU,117568,-391,-123,1142,18,-7,42
IMU,117578,-404,-59,1151,22,-8,44
IMU,117587,-433,-69,1195,21,-16,39
IMU,117597,-412,-166,1305,8,-29,31
IMU,117607,-386,-213,1326,-7,-46,21
IMU,117617,-340,-298,1368,-20,-64,8
IMU,117626,-246,-535,1539,-18,-68,0
IMU,117636,-206,-532,1452,-8,-51,6
IMU,117646,-195,-514,1316,3,-46,2
IMU,117656,-186,-499,1273,14,-41,-2
IMU,117666,-184,-431,1160,26,-36,-8
IMU,117675,-164,-387,1132,34,-34,-13
IMU,117685,-144,-332,1127,36,-28,-16
IMU,117695,-123,-303,1117,34,-19,-17
IMU,117705,-122,-294,1121,32,-8,-15
IMU,117714,-137,-296,1111,31,5,-11
IMU,117724,-164,-268,1075,31,16,-9
IMU,117734,-175,-220,1034,30,22,-9
IMU,117744,-158,-189,1017,27,22,-11
IMU,117753,-134,-164,1008,22,22,-12
IMU,117763,-120,-167,1023,15,24,-13
IMU,117773,-122,-207,1054,11,29,-14
IMU,117783,-140,-280,1083,14,39,-15
IMU,117792,-159,-335,1061,18,48,-14
IMU,117802,-188,-322,1013,24,51,-14
IMU,117812,-199,-302,973,29,53,-16
IMU,117822,-194,-269,939,31,55,-18
IMU,117832,-190,-238,903,31,58,-19
IMU,117841,-188,-221,893,30,60,-19
IMU,117851,-199,-202,886,28,61,-20
IMU,117861,-219,-200,888,25,59,-22
IMU,117871,-244,-213,883,22,56,-24
IMU,117880,-267,-222,893,18,52,-26
IMU,117890,-271,-258,922,16,49,-25
IMU,117900,-266,-306,952,17,46,-23
IMU,117910,-263,-343,971,19,43,-22
IMU,117919,-262,-374,977,24,40,-20
IMU,117929,-273,-383,976,30,38,-19
IMU,117939,-289,-366,971,37,36,-18
IMU,117949,-312,-348,973,42,33,-17
IMU,117958,-334,-317,988,46,27,-15
IMU,117968,-347,-309,999,46,21,-11
IMU,117978,-354,-328,1021,45,17,-7
IMU,117988,-363,-349,1019,46,14,-1
IMU,117999,-377,-362,1001,48,13,3
IMU,118007,-387,-363,986,49,10,6
IMU,118017,-388,-353,978,48,7,7
IMU,118028,-380,-343,991,45,2,8
IMU,118037,-379,-344,1020,41,0,7
IMU,118047,-387,-359,1053,36,-1,8
IMU,118056,-403,-392,1082,31,-2,8
IMU,118066,-438,-429,1094,28,-4,10
IMU,118077,-467,-456,1125,26,-7,12
IMU,118085,-472,-469,1133,27,-9,16
IMU,118095,-443,-469,1126,31,-7,22
IMU,118105,-389,-470,1106,36,0,28
IMU,118115,-342,-458,1058,38,7,31
IMU,118125,-345,-441,1013,38,12,31
IMU,118134,-379,-429,1008,33,10,27
IMU,118144,-404,-431,1014,25,4,20
IMU,118154,-396,-469,1046,17,-2,13
IMU,118164,-359,-503,1063,11,-2,10
IMU,118173,-320,-532,1035,5,2,8
IMU,118183,-305,-554,986,0,9,6
IMU,118193,-323,-561,910,-5,12,1
IMU,118203,-350,-573,861,-9,12,-4
IMU,118212,-365,-585,806,-13,6,-11
IMU,118222,-359,-607,788,-18,-1,-18
IMU,118232,-331,-647,834,-23,-6,-24
IMU,118242,-306,-701,881,-25,-5,-26
IMU,118251,-295,-730,891,-25,0,-24
IMU,118261,-317,-737,876,-22,5,-23
IMU,118271,-349,-714,833,-19,7,-22
IMU,118281,-361,-651,758,-20,2,-16
IMU,118291,-319,-582,722,-24,-4,-12
IMU,118300,-287,-561,675,-23,-5,-18
IMU,118310,-269,-563,631,-23,-2,-26
IMU,118320,-269,-526,628,-25,-1,-29
IMU,118330,-284,-505,645,-29,0,-30
IMU,118339,-296,-498,646,-33,2,-30
IMU,118349,-298,-495,634,-34,5,-29
IMU,118359,-291,-487,624,-34,8,-29
IMU,118369,-281,-476,621,-32,10,-28
IMU,118378,-277,-471,629,-31,11,-28
IMU,118388,-282,-465,636,-29,12,-27
IMU,118398,-289,-473,654,-27,12,-26
IMU,118408,-296,-481,685,-25,12,-25
IMU,118417,-298,-486,701,-22,12,-22
IMU,118427,-300,-498,730,-19,12,-18
IMU,118437,-299,-491,748,-15,12,-15
IMU,118447,-309,-479,752,-10,12,-11
IMU,118457,-322,-472,745,-5,11,-7
IMU,118466,-339,-464,730,1,12,-3
IMU,118476,-366,-442,696,6,13,1
IMU,118486,-394,-418,665,8,12,5
IMU,118496,-405,-403,659,8,10,8
IMU,118505,-406,-413,691,6,7,11
IMU,118515,-398,-437,752,5,5,12
IMU,118525,-387,-454,808,6,3,12
IMU,118535,-375,-457,842,8,1,12
IMU,118545,-367,-443,848,13,0,10
IMU,118554,-377,-427,837,17,-2,7
IMU,118564,-398,-388,817,20,-7,3
IMU,118575,-418,-355,804,19,-13,-1
IMU,118583,-412,-354,821,16,-22,-7
IMU,118594,-373,-372,896,12,-29,-13
IMU,118603,-346,-401,946,10,-33,-17
IMU,118613,-336,-444,998,9,-35,-23
IMU,118623,-345,-466,1010,10,-36,-27
IMU,118632,-365,-471,1023,15,-34,-28
IMU,118642,-388,-405,982,18,-31,-25
IMU,118652,-401,-346,927,20,-28,-20
IMU,118662,-409,-316,897,16,-31,-17
IMU,118671,-405,-334,961,8,-42,-19
IMU,118681,-340,-347,1089,-1,-58,-26
IMU,118691,-276,-394,1283,-3,-65,-51
IMU,118701,-279,-523,1287,-6,-64,-55
IMU,118710,-275,-585,1267,-16,-64,-37
IMU,118720,-265,-538,1226,-20,-57,-20
IMU,118730,-291,-498,1127,-20,-52,-10
IMU,118740,-316,-463,1035,-19,-52,-7
IMU,118750,-320,-460,990,-17,-57,-7
IMU,118759,-293,-456,985,-17,-61,-6
IMU,118769,-253,-477,1037,-19,-60,-6
IMU,118779,-225,-536,1133,-20,-50,-4
IMU,118789,-223,-540,1200,-20,-35,1
IMU,118798,-243,-490,1183,-22,-23,7
IMU,118808,-266,-450,1141,-24,-15,10
IMU,118818,-279,-407,1069,-28,-15,12
IMU,118828,-269,-364,956,-31,-19,12
IMU,118837,-248,-341,879,-37,-29,9
IMU,118847,-210,-339,865,-38,-32,3
IMU,118857,-184,-397,887,-38,-29,0
IMU,118867,-176,-413,938,-39,-26,0
IMU,118876,-195,-371,963,-41,-22,0
IMU,118886,-229,-333,999,-45,-16,1
IMU,118897,-254,-295,971,-47,-13,3
IMU,118906,-264,-263,946,-49,-12,5
IMU,118916,-275,-232,892,-50,-15,6
IMU,118925,-278,-214,846,-50,-18,6
IMU,118935,-266,-205,828,-51,-20,6
IMU,118945,-250,-185,834,-52,-22,5
IMU,118955,-234,-192,881,-55,-22,5
IMU,118964,-221,-208,968,-55,-18,6
IMU,118974,-221,-199,997,-54,-14,8
IMU,118984,-235,-182,996,-52,-10,11
IMU,118994,-245,-162,985,-50,-9,14
IMU,119003,-253,-141,978,-46,-7,18
IMU,119013,-253,-106,962,-40,-5,22
IMU,119023,-256,-85,970,-36,-6,25
IMU,119033,-257,-71,997,-33,-6,27
IMU,119042,-256,-56,1012,-30,-6,30
IMU,119052,-264,-45,1024,-29,-6,34
IMU,119062,-289,-11,1041,-29,-5,40
IMU,119072,-324,28,1024,-32,-6,45
IMU,119082,-360,71,1004,-38,-11,47
IMU,119091,-386,99,1033,-41,-17,45
IMU,119101,-398,108,1063,-41,-18,41
IMU,119111,-390,52,1057,-39,-17,36
IMU,119121,-371,16,1087,-39,-19,34
IMU,119130,-356,3,1098,-39,-20,33
IMU,119140,-366,-1,1109,-40,-20,33
IMU,119150,-387,-10,1118,-41,-22,34
IMU,119160,-397,-36,1145,-41,-25,35
IMU,119169,-392,-72,1195,-39,-30,35
IMU,119179,-363,-103,1227,-35,-35,35
IMU,119189,-338,-133,1274,-30,-40,32
IMU,119199,-331,-163,1325,-24,-45,28
IMU,119208,-331,-190,1355,-19,-50,23
IMU,119218,-322,-214,1352,-12,-54,18
IMU,119228,-295,-253,1358,-5,-55,14
IMU,119238,-261,-281,1321,4,-52,13
IMU,119248,-242,-279,1254,15,-43,12
IMU,119257,-231,-256,1162,23,-36,10
IMU,119267,-221,-239,1081,29,-31,6
IMU,119277,-218,-210,1058,34,-28,-3
IMU,119287,-241,-266,1003,33,-22,-6
IMU,119296,-236,-257,976,28,-19,-2
IMU,119306,-241,-258,993,23,-11,0
IMU,119316,-263,-254,990,18,-3,2
IMU,119326,-293,-243,978,14,3,4
IMU,119335,-317,-230,941,7,4,4
IMU,119345,-329,-250,943,5,3,2
IMU,119355,-337,-308,944,6,4,2
IMU,119365,-342,-345,984,9,9,6
IMU,119375,-348,-299,962,7,10,10
IMU,119385,-332,-280,993,0,7,10
IMU,119394,-324,-272,1020,-6,4,10
IMU,119404,-333,-282,1029,-12,0,9
IMU,119415,-321,-334,1060,-13,-3,10
IMU,119423,-305,-345,1033,-9,-4,10
IMU,119434,-276,-348,1001,-1,-5,6
IMU,119444,-252,-348,957,5,-4,0
IMU,119453,-235,-340,928,8,-2,-6
IMU,119462,-205,-394,929,13,-1,-14
IMU,119472,-186,-431,934,15,5,-16
IMU,119482,-181,-446,899,14,10,-13
IMU,119492,-212,-376,890,15,11,-10
IMU,119501,-233,-330,863,17,13,-10
IMU,119511,-240,-301,836,20,12,-11
IMU,119521,-245,-272,814,19,9,-14
IMU,119531,-234,-260,820,16,5,-16
IMU,119541,-230,-262,832,11,1,-19
IMU,119550,-238,-288,879,8,0,-20
IMU,119560,-255,-312,891,9,3,-19
IMU,119570,-270,-330,893,11,6,-17
IMU,119580,-262,-333,875,14,8,-15
IMU,119589,-246,-324,842,15,9,-13
IMU,119599,-241,-305,824,15,11,-11
IMU,119609,-243,-260,799,10,11,-10
IMU,119619,-251,-241,809,3,9,-12
IMU,119628,-267,-254,863,-4,8,-14
IMU,119638,-286,-282,930,-9,8,-15
IMU,119648,-302,-295,971,-11,9,-14
IMU,119658,-309,-309,1000,-10,10,-14
IMU,119667,-309,-338,1025,-6,12,-12
IMU,119677,-308,-348,1039,0,17,-8
IMU,119687,-320,-331,1029,4,22,-5
IMU,119697,-334,-303,1021,5,24,-3
IMU,119707,-332,-284,1026,3,23,-1
IMU,119716,-315,-308,1074,-1,20,0
IMU,119726,-305,-352,1132,-4,17,0
IMU,119736,-297,-397,1172,-4,16,1
IMU,119746,-299,-443,1188,-1,17,3
IMU,119755,-295,-475,1224,5,19,7
IMU,119765,-260,-469,1210,15,24,11
IMU,119775,-239,-450,1147,22,27,13
IMU,119785,-258,-446,1129,26,29,13
IMU,119794,-310,-448,1097,27,27,11
IMU,119804,-364,-477,1117,24,19,7
IMU,119814,-392,-513,1136,18,6,0
IMU,119824,-383,-546,1146,9,-5,-8
IMU,119833,-357,-578,1164,0,-15,-16
IMU,119843,-340,-603,1163,-7,-17,-21
IMU,119853,-342,-625,1128,-10,-16,-23
IMU,119863,-365,-634,1080,-10,-15,-24
IMU,119873,-378,-636,1013,-6,-18,-26
IMU,119882,-354,-637,978,0,-23,-28
IMU,119892,-317,-638,965,7,-26,-28
IMU,119902,-275,-673,999,16,-24,-25
IMU,119912,-261,-698,1018,24,-20,-22
IMU,119921,-262,-708,1034,32,-14,-19
IMU,119931,-272,-701,1014,37,-10,-18
IMU,119941,-288,-662,967,39,-9,-20
IMU,119951,-291,-614,921,38,-11,-22
IMU,119960,-270,-571,885,34,-15,-26
IMU,119970,-245,-549,862,28,-18,-28
IMU,119980,-221,-541,850,23,-20,-29
IMU,119990,-210,-537,841,20,-20,-29
IMU,120000,-204,-539,838,17,-18,-29
IMU,120009,-198,-534,824,14,-15,-28
IMU,120019,-200,-515,811,12,-12,-27
IMU,120029,-208,-496,797,8,-9,-25
IMU,120039,-215,-483,790,5,-6,-22
IMU,120048,-226,-469,779,0,-1,-18
IMU,120058,-239,-458,780,-3,3,-12
IMU,120068,-251,-449,768,-6,8,-6
IMU,120078,-263,-445,767,-9,12,0
IMU,120087,-260,-443,757,-10,16,5
IMU,120097,-255,-440,755,-10,20,11
IMU,120107,-246,-441,766,-10,23,14
IMU,120117,-248,-435,774,-9,26,17
IMU,120126,-257,-422,778,-8,29,18
IMU,120136,-273,-404,785,-7,31,20
IMU,120146,-294,-385,784,-7,31,22
IMU,120156,-305,-370,785,-8,29,22
IMU,120166,-307,-354,784,-8,27,23
IMU,120175,-313,-350,783,-8,25,24
IMU,120185,-318,-340,779,-7,22,24
IMU,120195,-329,-326,773,-6,20,26
IMU,120205,-337,-319,776,-6,16,27
IMU,120214,-344,-318,786,-6,11,27
IMU,120224,-345,-318,799,-7,6,27
IMU,120234,-348,-328,822,-9,1,26
IMU,120244,-342,-354,863,-10,-3,24
IMU,120253,-333,-389,901,-11,-6,23
IMU,120263,-329,-419,924,-10,-9,20
IMU,120273,-325,-441,943,-7,-9,19
IMU,120283,-324,-455,934,-3,-10,18
IMU,120292,-332,-480,937,0,-12,15
IMU,120302,-343,-497,945,2,-15,11
IMU,120312,-357,-502,966,4,-18,8
IMU,120322,-359,-511,999,5,-18,7
IMU,120332,-353,-512,1030,6,-18,8
IMU,120341,-340,-494,1054,8,-15,11
IMU,120351,-338,-460,1035,11,-9,16
IMU,120361,-355,-417,983,10,-7,19
IMU,120371,-383,-383,958,7,-11,19
IMU,120380,-397,-354,953,0,-22,14
IMU,120390,-389,-350,983,-7,-34,8
IMU,120400,-368,-373,1038,-15,-44,3
IMU,120410,-347,-388,1084,-21,-49,0
IMU,120419,-323,-406,1111,-27,-51,-2
IMU,120429,-309,-424,1126,-30,-51,-3
IMU,120439,-251,-361,1182,-26,-50,-13
IMU,120449,-276,-418,1125,-22,-41,-20
IMU,120458,-295,-475,972,-24,-42,-12
IMU,120468,-266,-422,944,-25,-48,-4
IMU,120478,-246,-399,944,-25,-49,0
IMU,120488,-248,-401,956,-26,-47,1
IMU,120498,-265,-410,981,-27,-43,5
IMU,120507,-279,-419,1003,-29,-40,10
IMU,120517,-273,-430,1057,-31,-37,14
IMU,120527,-272,-444,1094,-31,-28,19
IMU,120537,-280,-422,1074,-30,-21,24
IMU,120546,-277,-365,1025,-32,-17,29
IMU,120556,-276,-305,1015,-35,-16,33
IMU,120566,-270,-251,1005,-38,-16,35
IMU,120576,-251,-232,976,-42,-19,36
IMU,120585,-221,-231,984,-45,-22,36
IMU,120595,-213,-250,986,-48,-21,36
IMU,120605,-214,-271,993,-51,-21,35
IMU,120615,-205,-297,1023,-51,-18,34
IMU,120625,-195,-322,1041,-48,-11,35
IMU,120634,-203,-314,1027,-44,-3,36
IMU,120644,-216,-280,993,-41,3,37
IMU,120654,-227,-246,971,-38,9,36
IMU,120664,-243,-211,943,-38,12,34
IMU,120673,-254,-181,934,-38,13,32
IMU,120683,-251,-168,946,-38,13,30
IMU,120693,-253,-165,958,-38,16,28
IMU,120703,-260,-167,958,-37,18,27
IMU,120712,-266,-172,972,-35,23,26
IMU,120722,-273,-170,965,-32,28,26
IMU,120732,-277,-162,945,-30,30,24
IMU,120742,-286,-151,934,-28,31,23
IMU,120751,-293,-135,933,-27,31,22
IMU,120761,-302,-114,931,-26,30,21
IMU,120771,-315,-97,933,-25,29,19
IMU,120781,-323,-90,942,-25,29,18
IMU,120791,-324,-86,952,-25,28,17
IMU,120800,-328,-86,955,-24,30,15
IMU,120810,-334,-104,942,-22,31,13
IMU,120820,-332,-123,944,-20,32,11
IMU,120830,-327,-143,952,-16,32,10
IMU,120839,-321,-169,987,-11,32,10
IMU,120849,-330,-181,1007,-4,33,9
IMU,120859,-338,-176,1010,1,34,9
IMU,120869,-336,-174,1006,5,34,9
IMU,120878,-338,-178,1011,8,34,8
IMU,120888,-344,-183,1013,10,33,6
IMU,120898,-353,-196,1025,12,30,4
IMU,120908,-362,-202,1032,15,28,2
IMU,120917,-364,-209,1036,17,24,0
IMU,120927,-365,-224,1043,18,20,-2
IMU,120937,-368,-236,1062,19,17,-4
IMU,120947,-370,-238,1059,19,16,-6
IMU,120957,-376,-232,1041,20,16,-7
IMU,120966,-380,-235,1000,19,16,-6
IMU,120976,-397,-238,999,19,15,-5
IMU,120986,-426,-236,1010,18,10,-6
IMU,120996,-429,-264,1034,16,2,-8
IMU,121005,-414,-301,1103,14,-5,-10
IMU,121015,-377,-326,1133,12,-10,-11
IMU,121025,-349,-345,1154,11,-12,-10
IMU,121035,-334,-356,1144,10,-13,-9
IMU,121044,-323,-367,1127,8,-16,-8
IMU,121054,-315,-390,1101,8,-19,-8
IMU,121064,-307,-405,1069,9,-22,-9
IMU,121074,-297,-414,1039,11,-24,-10
IMU,121083,-283,-433,1016,13,-25,-11
IMU,121093,-274,-462,1026,15,-24,-11
IMU,121103,-268,-480,1025,17,-19,-10
IMU,121113,-271,-490,1013,20,-12,-7
IMU,121123,-295,-485,985,23,-3,-4
IMU,121132,-319,-465,940,25,2,0
IMU,121142,-336,-424,901,26,4,1
IMU,121152,-347,-396,883,23,4,3
IMU,121162,-350,-382,892,21,1,5
IMU,121171,-342,-386,910,17,-1,6
IMU,121181,-342,-396,928,15,-4,8
IMU,121191,-368,-463,971,14,-5,9
IMU,121201,-368,-479,958,13,-9,13
IMU,121210,-316,-450,1033,17,-14,9
IMU,121220,-269,-469,1045,19,-14,3
IMU,121230,-263,-494,1006,20,-16,0
IMU,121240,-250,-494,987,20,-18,-3
IMU,121250,-245,-489,969,20,-18,-6
IMU,121259,-252,-485,934,21,-17,-8
IMU,121269,-267,-466,921,21,-17,-10
IMU,121279,-266,-452,909,21,-17,-12
IMU,121289,-258,-449,907,19,-16,-14
IMU,121298,-243,-453,908,16,-15,-15
IMU,121308,-235,-457,918,12,-12,-14
IMU,121318,-236,-469,929,9,-7,-13
IMU,121328,-241,-473,930,7,-3,-11
IMU,121337,-253,-472,918,5,0,-10
IMU,121347,-253,-466,904,5,1,-8
IMU,121357,-239,-465,899,6,3,-7
IMU,121367,-225,-467,895,7,5,-6
IMU,121376,-225,-462,902,7,6,-5
IMU,121386,-238,-435,907,6,8,-4
IMU,121397,-254,-419,914,5,9,-5
IMU,121406,-269,-408,917,4,10,-4
IMU,121416,-291,-399,917,2,10,-2
IMU,121425,-306,-394,915,1,8,-1
IMU,121435,-312,-390,907,1,6,0
IMU,121446,-311,-392,908,0,3,0
IMU,121455,-302,-394,914,0,1,0
IMU,121465,-292,-398,929,0,0,0
IMU,121474,-294,-402,944,-1,0,0
IMU,121484,-295,-399,955,0,0,1
IMU,121494,-299,-397,953,0,0,1
IMU,121503,-298,-395,939,2,0,2
IMU,121513,-304,-385,926,3,-2,2
IMU,121523,-311,-375,919,3,-4,3
IMU,121533,-317,-367,919,3,-6,3
IMU,121542,-327,-363,920,2,-8,4
IMU,121552,-330,-369,942,0,-9,4
IMU,121562,-328,-370,958,0,-10,6
IMU,121572,-326,-369,970,0,-9,7
IMU,121582,-327,-373,971,0,-9,9
IMU,121591,-323,-359,967,1,-7,11
IMU,121601,-298,-304,970,3,-5,9
IMU,121611,-320,-307,953,5,-1,0
IMU,121621,-342,-333,896,0,-3,0
IMU,121630,-338,-345,908,-8,-11,5
IMU,121640,-314,-330,960,-16,-14,9
IMU,121650,-320,-338,976,-20,-15,11
IMU,121660,-334,-356,990,-23,-15,12
IMU,121669,-342,-361,987,-24,-13,14
IMU,121679,-347,-362,974,-23,-12,16
IMU,121689,-343,-357,950,-22,-10,18
IMU,121699,-340,-350,943,-21,-9,20
IMU,121708,-335,-347,943,-19,-6,22
IMU,121718,-329,-350,950,-18,-3,24
IMU,121728,-334,-357,957,-16,0,26
IMU,121738,-342,-360,954,-14,3,27
IMU,121748,-351,-351,947,-10,6,27
IMU,121757,-358,-331,929,-7,9,26
IMU,121767,-357,-311,914,-5,10,24
IMU,121777,-358,-297,910,-5,11,22
IMU,121787,-361,-286,909,-5,11,19
IMU,121796,-369,-277,911,-6,11,15
IMU,121806,-376,-270,908,-7,9,12
IMU,121816,-383,-260,908,-9,7,8
IMU,121826,-387,-253,906,-11,5,5
IMU,121835,-390,-247,909,-14,2,3
IMU,121845,-393,-249,910,-17,0,1
IMU,121855,-395,-259,923,-19,-3,0
IMU,121865,-401,-273,933,-21,-6,0
IMU,121875,-403,-290,953,-21,-10,0
IMU,121884,-394,-308,971,-20,-12,2
IMU,121894,-381,-326,982,-18,-13,4
IMU,121904,-371,-336,989,-15,-12,7
IMU,121914,-367,-333,982,-11,-10,10
IMU,121923,-366,-323,971,-8,-8,12
IMU,121933,-364,-310,956,-5,-7,13
IMU,121943,-358,-294,952,-3,-7,14
IMU,121953,-359,-280,945,-3,-6,15
IMU,121962,-357,-271,952,-4,-5,15
IMU,121972,-356,-263,957,-4,-5,15
IMU,121982,-357,-258,962,-5,-5,15
IMU,121992,-356,-253,971,-6,-5,15
IMU,122001,-351,-247,969,-6,-5,14
IMU,122011,-340,-244,967,-6,-6,12
IMU,122021,-333,-245,969,-6,-7,10
IMU,122031,-324,-243,970,-6,-8,8
IMU,122041,-322,-237,964,-7,-9,6
IMU,122050,-323,-239,964,-8,-10,3
IMU,122060,-327,-239,960,-10,-10,1
IMU,122070,-329,-242,964,-11,-10,0
IMU,122080,-334,-247,964,-11,-8,1
IMU,122089,-341,-251,953,-11,-6,3
IMU,122099,-350,-255,948,-11,-4,4
IMU,122110,-351,-250,939,-11,-3,5
IMU,122119,-350,-248,938,-12,-3,5
SPM,114220,0.00
SPM,117230,0.00
SPM,120268,0.00
GPS,122617,59.416939,17.982013,2.15,7.06,15,0.80,18.20,230.62
GPS,122949,59.416939,17.982013,2.15,7.04,15,0.80,18.10,230.62
GPS,123593,59.416939,17.982013,0.00,7.04,15,0.80,18.10,230.62
GPS,123935,59.416940,17.982013,0.00,6.99,15,0.80,18.10,230.62
GPS,124589,59.416940,17.982013,0.00,6.99,15,0.80,18.10,230.62
GPS,124921,59.416941,17.982014,0.00,6.91,14,0.90,18.10,230.62
GPS,125576,59.416941,17.982014,0.00,6.91,14,0.90,18.10,230.62
GPS,125927,59.416942,17.982014,0.00,6.82,14,0.90,18.10,230.62
GPS,126582,59.416942,17.982014,0.00,6.82,14,0.90,18.10,230.62
GPS,126962,59.416949,17.982032,0.00,5.58,15,0.80,17.70,230.62
GPS,127617,59.416949,17.982032,5.37,5.58,15,0.80,17.70,56.05
GPS,127958,59.416956,17.982046,5.37,4.46,15,0.80,17.90,56.05
GPS,128613,59.416956,17.982046,2.80,4.46,15,0.80,17.90,56.05
GPS,128955,59.416966,17.982067,2.80,3.04,15,0.80,18.20,56.05
GPS,129609,59.416966,17.982067,7.70,3.04,15,0.80,18.20,55.85
GPS,129951,59.416972,17.982083,7.70,2.11,15,0.80,18.00,55.85
GPS,130605,59.416972,17.982083,1.91,2.11,15,0.80,18.00,55.85
GPS,130957,59.416976,17.982097,1.91,1.87,16,0.80,17.50,55.85
GPS,131611,59.416976,17.982097,4.04,1.87,16,0.80,17.50,64.86
GPS,131962,59.416983,17.982114,4.04,1.94,16,0.80,17.60,64.86
IMU,122128,-351,-250,944,-13,-2,5
IMU,122138,-352,-248,951,-14,0,5
IMU,122148,-362,-254,958,-15,1,6
IMU,122158,-370,-257,968,-15,2,7
IMU,122167,-382,-257,969,-15,2,6
IMU,122177,-388,-258,977,-14,1,6
IMU,122187,-390,-257,979,-13,0,5
IMU,122197,-385,-261,982,-12,-1,5
IMU,122207,-383,-263,987,-12,-2,5
IMU,122216,-380,-259,983,-11,-3,5
IMU,122226,-383,-256,979,-11,-3,5
IMU,122236,-383,-254,973,-11,-3,5
IMU,122246,-380,-252,965,-12,-4,5
IMU,122255,-373,-255,967,-12,-6,4
IMU,122265,-363,-258,968,-12,-6,4
IMU,122275,-357,-259,975,-12,-6,4
IMU,122285,-362,-262,973,-11,-5,4
IMU,122294,-368,-266,971,-11,-4,5
IMU,122304,-379,-264,968,-10,-3,6
IMU,122314,-387,-265,964,-10,-2,6
IMU,122324,-386,-266,961,-10,-2,6
IMU,122333,-379,-266,961,-10,-1,7
IMU,122343,-372,-268,965,-9,0,8
IMU,122353,-373,-271,970,-9,1,8
IMU,122363,-373,-270,972,-9,2,8
IMU,122373,-377,-263,966,-8,2,8
IMU,122382,-374,-258,955,-9,2,7
IMU,122392,-372,-251,950,-10,2,7
IMU,122402,-370,-249,946,-11,3,7
IMU,122412,-378,-252,953,-11,4,7
IMU,122421,-383,-262,960,-11,4,8
IMU,122431,-387,-270,967,-11,5,8
IMU,122441,-390,-275,968,-10,5,9
IMU,122451,-388,-275,969,-9,5,9
IMU,122460,-388,-266,961,-9,5,10
IMU,122470,-389,-262,959,-9,5,11
IMU,122480,-390,-258,957,-10,5,12
IMU,122490,-394,-256,956,-11,4,12
IMU,122500,-395,-260,959,-11,3,12
IMU,122509,-396,-260,956,-11,2,11
IMU,122519,-390,-261,960,-11,0,11
IMU,122529,-389,-261,957,-10,0,11
IMU,122539,-394,-264,956,-9,0,11
IMU,122548,-402,-264,956,-9,0,11
IMU,122558,-405,-265,964,-8,-1,11
IMU,122568,-404,-264,962,-7,-2,11
IMU,122578,-400,-262,956,-7,-3,11
IMU,122587,-393,-256,954,-7,-3,11
IMU,122597,-391,-252,950,-8,-3,10
IMU,122607,-392,-245,943,-8,-4,10
IMU,122617,-395,-245,940,-9,-5,10
IMU,122627,-396,-244,935,-9,-5,9
IMU,122636,-399,-246,936,-10,-6,9
IMU,122646,-400,-248,934,-10,-7,9
IMU,122657,-401,-252,941,-11,-7,9
IMU,122666,-399,-259,950,-12,-7,9
IMU,122676,-398,-267,961,-12,-7,9
IMU,122686,-397,-273,969,-12,-7,10
IMU,122695,-397,-271,967,-11,-7,11
IMU,122705,-397,-270,958,-11,-7,11
IMU,122714,-397,-264,949,-11,-7,12
IMU,122724,-396,-260,946,-11,-8,13
IMU,122734,-395,-258,950,-11,-8,14
IMU,122744,-396,-263,953,-10,-7,15
IMU,122753,-396,-264,957,-10,-7,15
IMU,122763,-396,-269,966,-10,-7,16
IMU,122773,-394,-266,970,-11,-6,16
IMU,122783,-393,-264,968,-11,-6,17
IMU,122792,-390,-261,964,-11,-5,17
IMU,122802,-392,-261,956,-11,-4,17
IMU,122812,-396,-255,952,-11,-4,17
IMU,122822,-399,-252,945,-10,-5,17
IMU,122832,-396,-248,947,-10,-5,16
IMU,122841,-394,-248,948,-10,-5,16
IMU,122851,-393,-247,949,-11,-4,16
IMU,122861,-391,-244,949,-11,-3,16
IMU,122871,-393,-244,943,-11,-2,17
IMU,122880,-397,-251,947,-12,-1,16
IMU,122890,-399,-251,943,-12,-2,16
IMU,122900,-397,-250,945,-12,-3,15
IMU,122910,-393,-248,946,-12,-3,15
IMU,122919,-396,-245,945,-12,-3,14
IMU,122929,-400,-246,945,-12,-3,14
IMU,122939,-405,-245,945,-13,-3,14
IMU,122949,-409,-247,945,-13,-4,13
IMU,122958,-410,-253,948,-13,-5,13
IMU,122968,-413,-256,947,-13,-5,12
IMU,122978,-416,-255,941,-12,-5,13
IMU,122988,-417,-255,939,-12,-6,13
IMU,122998,-418,-257,943,-12,-6,12
IMU,123007,-413,-257,944,-12,-8,13
IMU,123017,-407,-262,951,-11,-8,13
IMU,123027,-403,-265,959,-11,-8,13
IMU,123037,-401,-268,960,-11,-7,14
IMU,123046,-405,-267,953,-10,-7,15
IMU,123056,-413,-266,952,-10,-7,16
IMU,123066,-418,-263,948,-10,-8,17
IMU,123076,-415,-262,942,-11,-9,17
IMU,123085,-413,-263,940,-11,-10,18
IMU,123095,-410,-266,952,-12,-10,18
IMU,123105,-408,-270,957,-12,-10,18
IMU,123115,-409,-272,958,-12,-9,19
IMU,123125,-412,-271,949,-12,-9,20
IMU,123134,-417,-266,940,-12,-9,20
IMU,123144,-415,-268,932,-13,-10,20
IMU,123154,-416,-265,932,-13,-11,21
IMU,123164,-415,-273,933,-13,-12,21
IMU,123173,-418,-273,935,-13,-11,23
IMU,123183,-420,-275,928,-14,-12,24
IMU,123193,-418,-280,929,-15,-12,25
IMU,123203,-420,-286,925,-16,-12,26
IMU,123212,-422,-290,923,-17,-12,27
IMU,123223,-426,-295,922,-18,-13,28
IMU,123232,-430,-300,923,-19,-13,29
IMU,123242,-432,-299,923,-19,-13,30
IMU,123251,-433,-299,920,-19,-14,31
IMU,123261,-428,-294,919,-20,-15,32
IMU,123272,-432,-292,909,-22,-15,34
IMU,123282,-435,-293,906,-24,-15,35
IMU,123291,-438,-295,899,-26,-16,35
IMU,123301,-436,-300,894,-29,-17,37
IMU,123310,-438,-303,888,-31,-17,38
IMU,123320,-438,-307,887,-32,-17,40
IMU,123330,-437,-312,885,-34,-17,41
IMU,123339,-437,-314,882,-36,-17,43
IMU,123349,-439,-325,891,-38,-17,45
IMU,123359,-444,-329,891,-40,-16,47
IMU,123369,-448,-329,889,-42,-16,50
IMU,123378,-452,-330,885,-44,-17,52
IMU,123388,-451,-333,893,-46,-17,55
IMU,123398,-452,-339,894,-48,-18,58
IMU,123408,-452,-343,898,-50,-18,61
IMU,123417,-458,-347,890,-51,-18,63
IMU,123427,-462,-349,884,-53,-19,65
IMU,123437,-464,-355,880,-55,-20,67
IMU,123447,-468,-360,885,-57,-21,69
IMU,123457,-471,-366,886,-59,-21,71
IMU,123466,-473,-377,888,-61,-22,73
IMU,123476,-474,-382,887,-62,-21,76
IMU,123486,-472,-383,884,-62,-21,79
IMU,123496,-478,-380,874,-61,-21,81
IMU,123505,-483,-376,876,-61,-21,83
IMU,123515,-486,-368,876,-61,-22,85
IMU,123525,-486,-367,885,-62,-23,87
IMU,123535,-485,-365,891,-62,-23,89
IMU,123544,-482,-366,901,-62,-24,92
IMU,123554,-484,-367,902,-62,-24,95
IMU,123564,-487,-368,900,-62,-24,98
IMU,123574,-490,-367,898,-61,-25,100
IMU,123583,-488,-362,885,-60,-27,102
IMU,123593,-485,-355,882,-60,-28,103
IMU,123603,-485,-347,880,-60,-29,104
IMU,123613,-484,-340,880,-60,-29,105
IMU,123623,-488,-330,876,-61,-30,105
IMU,123632,-486,-328,876,-62,-30,105
IMU,123642,-484,-327,874,-64,-31,105
IMU,123652,-479,-330,881,-65,-33,105
IMU,123662,-474,-329,881,-66,-34,105
IMU,123671,-469,-332,880,-66,-35,105
IMU,123681,-466,-334,883,-66,-36,104
IMU,123691,-466,-327,883,-66,-36,105
IMU,123701,-465,-322,880,-66,-36,105
IMU,123710,-466,-316,881,-66,-35,106
IMU,123720,-467,-311,881,-66,-35,107
IMU,123730,-468,-308,884,-67,-35,108
IMU,123740,-470,-311,883,-67,-36,108
IMU,123750,-472,-315,891,-67,-36,109
IMU,123759,-475,-314,892,-66,-35,111
IMU,123769,-479,-308,890,-65,-34,113
IMU,123779,-482,-304,885,-65,-33,115
IMU,123789,-485,-294,881,-65,-34,117
IMU,123798,-479,-290,886,-66,-35,118
IMU,123808,-474,-289,886,-67,-36,119
IMU,123818,-471,-291,890,-68,-37,120
IMU,123828,-468,-296,903,-69,-37,121
IMU,123837,-467,-304,911,-69,-37,122
IMU,123847,-468,-316,927,-69,-38,124
IMU,123857,-469,-322,927,-68,-37,125
IMU,123867,-469,-323,926,-67,-37,126
IMU,123876,-468,-319,920,-66,-36,127
IMU,123886,-458,-311,905,-65,-36,128
IMU,123896,-451,-308,906,-66,-35,129
IMU,123906,-447,-308,915,-67,-33,130
IMU,123916,-445,-310,925,-68,-32,130
IMU,123925,-440,-317,928,-68,-31,130
IMU,123935,-435,-323,926,-69,-31,131
IMU,123945,-431,-326,924,-69,-32,131
IMU,123955,-429,-331,924,-70,-33,131
IMU,123964,-419,-328,922,-71,-34,131
IMU,123974,-404,-321,912,-72,-36,132
IMU,123984,-390,-317,906,-73,-37,133
IMU,123994,-378,-316,904,-74,-37,133
IMU,124003,-368,-319,897,-76,-38,134
IMU,124013,-362,-321,899,-77,-39,134
IMU,124023,-356,-325,898,-77,-41,134
IMU,124033,-355,-332,904,-76,-41,134
IMU,124042,-351,-332,904,-75,-41,135
IMU,124052,-351,-332,910,-73,-41,135
IMU,124062,-353,-328,914,-72,-40,136
IMU,124072,-358,-328,922,-71,-40,136
IMU,124082,-361,-338,931,-70,-40,136
IMU,124091,-365,-345,930,-69,-40,136
IMU,124101,-375,-348,933,-69,-42,136
IMU,124111,-374,-346,934,-69,-44,135
IMU,124121,-378,-348,933,-70,-46,133
IMU,124130,-378,-344,928,-72,-48,132
IMU,124140,-369,-348,925,-75,-51,131
IMU,124150,-363,-351,931,-78,-52,131
IMU,124160,-361,-358,930,-80,-52,131
IMU,124169,-356,-371,937,-81,-52,131
IMU,124179,-352,-373,930,-81,-52,132
IMU,124189,-345,-376,928,-81,-52,133
IMU,124199,-338,-371,921,-82,-51,134
IMU,124208,-337,-367,914,-83,-50,134
IMU,124218,-336,-364,913,-86,-48,135
IMU,124228,-336,-364,933,-89,-47,137
IMU,124238,-342,-366,940,-91,-45,139
IMU,124248,-353,-379,950,-93,-44,142
IMU,124257,-364,-382,953,-93,-44,144
IMU,124267,-362,-381,964,-93,-45,146
IMU,124277,-356,-373,958,-93,-46,148
IMU,124287,-350,-364,950,-94,-47,149
IMU,124296,-341,-352,946,-95,-48,151
IMU,124306,-343,-346,934,-98,-48,151
IMU,124316,-352,-347,942,-100,-50,151
IMU,124326,-357,-343,937,-101,-51,151
IMU,124335,-363,-344,927,-101,-55,151
IMU,124345,-365,-337,925,-102,-58,151
IMU,124355,-364,-341,928,-102,-61,150
IMU,124365,-366,-348,940,-100,-61,152
IMU,124375,-366,-347,932,-98,-60,154
IMU,124384,-366,-336,917,-97,-60,157
IMU,124394,-367,-323,903,-96,-61,158
IMU,124404,-360,-307,903,-97,-62,158
IMU,124414,-351,-289,905,-99,-64,157
IMU,124423,-348,-282,909,-101,-65,156
IMU,124433,-352,-276,916,-104,-67,155
IMU,124443,-355,-282,923,-106,-69,153
IMU,124453,-356,-291,940,-108,-70,152
IMU,124462,-351,-305,961,-108,-72,150
IMU,124472,-348,-311,965,-108,-73,149
IMU,124482,-344,-318,980,-106,-73,148
IMU,124492,-335,-317,978,-105,-72,148
IMU,124501,-326,-322,991,-104,-72,148
IMU,124511,-322,-314,987,-103,-71,147
IMU,124521,-322,-310,995,-102,-70,146
IMU,124531,-322,-300,998,-102,-69,145
IMU,124541,-320,-287,998,-102,-69,145
IMU,124550,-316,-287,1006,-104,-69,144
IMU,124560,-312,-289,1018,-105,-69,144
IMU,124570,-304,-304,1038,-105,-68,144
IMU,124581,-297,-317,1052,-105,-66,144
IMU,124589,-293,-326,1057,-104,-64,145
IMU,124599,-292,-334,1062,-102,-62,146
IMU,124610,-287,-337,1061,-100,-59,148
IMU,124619,-286,-332,1051,-99,-57,150
IMU,124629,-290,-322,1037,-97,-53,152
IMU,124639,-293,-306,1019,-97,-51,155
IMU,124648,-296,-296,1005,-98,-49,157
IMU,124658,-298,-296,1008,-100,-48,158
IMU,124667,-294,-295,1012,-101,-47,159
IMU,124677,-291,-303,1020,-102,-46,160
IMU,124687,-293,-311,1021,-103,-44,161
IMU,124697,-300,-316,1019,-103,-43,161
IMU,124707,-303,-321,1016,-103,-43,161
IMU,124716,-306,-327,1007,-102,-44,160
IMU,124726,-302,-336,1004,-102,-45,160
IMU,124736,-303,-339,991,-101,-45,160
IMU,124746,-308,-340,984,-100,-46,160
IMU,124755,-316,-348,976,-99,-48,160
IMU,124765,-321,-347,961,-98,-50,160
IMU,124775,-325,-356,956,-98,-53,159
IMU,124785,-327,-362,960,-97,-56,157
IMU,124794,-326,-364,955,-95,-60,156
IMU,124804,-319,-364,955,-94,-62,154
IMU,124814,-314,-363,954,-94,-66,152
IMU,124824,-307,-365,955,-94,-69,150
IMU,124833,-299,-372,956,-94,-73,147
IMU,124843,-294,-382,953,-94,-77,143
IMU,124853,-293,-389,950,-93,-82,139
IMU,124863,-286,-400,948,-93,-86,135
IMU,124873,-278,-413,948,-92,-89,131
IMU,124882,-271,-424,945,-90,-89,127
IMU,124892,-272,-437,946,-88,-88,124
IMU,124902,-276,-436,959,-84,-84,123
IMU,124912,-277,-426,956,-80,-79,124
IMU,124921,-279,-413,936,-76,-75,124
IMU,124931,-277,-390,921,-73,-72,124
IMU,124941,-275,-376,915,-71,-71,124
IMU,124951,-281,-351,922,-70,-69,123
IMU,124960,-290,-321,917,-71,-69,121
IMU,124970,-296,-324,935,-74,-70,117
IMU,124980,-298,-342,969,-76,-69,115
IMU,124990,-297,-344,967,-76,-67,112
IMU,125000,-293,-351,962,-77,-65,109
IMU,125009,-291,-353,943,-77,-64,105
IMU,125019,-284,-355,933,-77,-64,101
IMU,125029,-279,-357,931,-76,-64,97
IMU,125039,-277,-362,934,-74,-63,93
IMU,125048,-280,-362,943,-72,-62,89
IMU,125058,-287,-349,942,-71,-60,86
IMU,125068,-292,-346,957,-70,-57,83
IMU,125078,-294,-341,959,-69,-55,82
IMU,125087,-300,-339,958,-68,-53,80
IMU,125097,-303,-332,944,-66,-51,78
IMU,125107,-311,-317,926,-65,-49,77
IMU,125117,-320,-302,911,-63,-47,75
IMU,125126,-329,-297,909,-63,-47,73
IMU,125136,-330,-299,921,-62,-47,70
IMU,125146,-323,-299,945,-62,-46,67
IMU,125156,-316,-299,964,-62,-44,64
IMU,125166,-320,-294,967,-62,-42,60
IMU,125175,-334,-290,962,-62,-41,57
IMU,125185,-349,-286,958,-61,-41,55
IMU,125196,-359,-274,953,-60,-41,54
IMU,125205,-365,-265,943,-59,-41,53
IMU,125214,-370,-253,934,-58,-42,52
IMU,125225,-368,-262,944,-58,-43,51
IMU,125234,-364,-272,951,-58,-43,50
IMU,125245,-363,-294,970,-58,-42,49
IMU,125254,-365,-309,965,-58,-41,48
IMU,125263,-369,-321,957,-58,-40,47
IMU,125274,-370,-332,955,-57,-40,46
IMU,125283,-371,-351,959,-56,-40,45
IMU,125292,-377,-362,954,-54,-41,45
IMU,125302,-375,-366,932,-52,-44,44
IMU,125312,-360,-391,932,-51,-47,42
IMU,125322,-348,-421,943,-49,-48,43
IMU,125332,-336,-443,945,-45,-45,45
IMU,125341,-337,-452,944,-40,-42,47
IMU,125351,-338,-455,921,-37,-41,49
IMU,125361,-334,-457,929,-35,-40,49
IMU,125371,-328,-445,920,-33,-40,50
IMU,125380,-324,-432,919,-31,-39,51
IMU,125390,-334,-412,909,-30,-37,51
IMU,125400,-337,-395,901,-30,-37,51
IMU,125410,-332,-374,898,-31,-37,51
IMU,125419,-320,-358,916,-32,-38,50
IMU,125429,-309,-351,948,-35,-39,47
IMU,125439,-304,-353,971,-36,-40,45
IMU,125449,-299,-352,985,-37,-40,43
IMU,125458,-289,-343,988,-38,-39,41
IMU,125468,-288,-324,979,-39,-37,39
IMU,125478,-304,-297,976,-39,-37,38
IMU,125488,-318,-274,980,-41,-37,37
IMU,125498,-329,-254,994,-43,-39,36
IMU,125507,-328,-244,1015,-45,-41,35
IMU,125517,-316,-243,1032,-48,-43,35
IMU,125527,-300,-255,1062,-50,-43,35
IMU,125537,-295,-254,1075,-50,-41,36
IMU,125546,-299,-247,1084,-50,-39,37
IMU,125556,-312,-217,1069,-49,-37,38
IMU,125566,-322,-179,1047,-49,-36,39
IMU,125576,-340,-152,1030,-51,-36,40
IMU,125585,-342,-136,1025,-52,-36,40
IMU,125595,-340,-132,1028,-54,-36,39
IMU,125605,-335,-130,1048,-55,-35,37
IMU,125615,-335,-130,1071,-55,-33,36
IMU,125625,-339,-138,1080,-57,-32,36
IMU,125634,-353,-134,1098,-61,-34,39
IMU,125644,-367,-100,1097,-63,-37,42
IMU,125654,-384,-63,1115,-66,-39,41
IMU,125664,-392,-44,1108,-66,-37,36
IMU,125673,-390,-63,1063,-66,-35,31
IMU,125683,-377,-98,1053,-66,-32,30
IMU,125693,-359,-98,1046,-65,-27,30
IMU,125703,-350,-96,1056,-63,-21,32
IMU,125712,-344,-89,1091,-63,-16,35
IMU,125722,-346,-98,1107,-61,-10,38
IMU,125732,-354,-115,1157,-56,-2,43
IMU,125742,-370,-79,1121,-51,2,46
IMU,125751,-374,-63,1114,-49,3,46
IMU,125761,-363,-77,1150,-47,4,45
IMU,125771,-358,-84,1180,-42,9,47
IMU,125781,-359,-62,1165,-38,11,48
IMU,125791,-354,-54,1167,-34,14,47
IMU,125800,-358,-40,1154,-31,14,46
IMU,125810,-366,-17,1145,-28,15,44
IMU,125820,-366,7,1133,-24,16,42
IMU,125830,-369,20,1119,-20,18,40
IMU,125839,-372,37,1121,-15,19,38
IMU,125849,-379,60,1107,-11,20,35
IMU,125859,-392,79,1105,-8,21,31
IMU,125869,-401,88,1102,-6,21,27
IMU,125878,-406,72,1118,-4,22,22
IMU,125888,-417,66,1128,-1,22,16
IMU,125898,-429,50,1151,0,20,9
IMU,125908,-440,31,1184,1,18,3
IMU,125917,-448,16,1192,3,16,-3
IMU,125927,-466,-17,1214,6,16,-8
IMU,125937,-474,-41,1207,10,17,-11
IMU,125947,-471,-64,1191,14,16,-14
IMU,125957,-459,-86,1171,19,13,-17
IMU,125966,-452,-107,1164,27,9,-21
IMU,125976,-442,-135,1141,29,4,-26
IMU,125986,-429,-188,1165,27,-4,-32
IMU,125996,-414,-244,1229,25,-10,-34
IMU,126005,-407,-328,1313,26,-9,-32
IMU,126015,-422,-408,1325,32,-3,-28
IMU,126025,-446,-467,1274,45,4,-22
IMU,126035,-461,-477,1193,56,7,-17
IMU,126044,-457,-464,1123,66,6,-11
IMU,126054,-418,-454,1116,73,2,-7
IMU,126064,-376,-479,1142,75,0,-5
IMU,126074,-366,-524,1189,76,0,-2
IMU,126083,-373,-554,1211,80,5,2
IMU,126093,-366,-590,1214,85,14,6
IMU,126103,-386,-587,1167,91,22,10
IMU,126113,-412,-562,1112,94,24,11
IMU,126123,-416,-498,1001,93,20,8
IMU,126133,-382,-447,915,85,11,2
IMU,126142,-332,-427,889,72,3,-3
IMU,126153,-289,-464,916,52,-2,-15
IMU,126163,-270,-538,964,36,-4,-24
IMU,126171,-268,-603,991,26,-2,-30
IMU,126182,-326,-655,956,18,2,-34
IMU,126191,-331,-666,921,10,-2,-31
IMU,126201,-313,-632,888,6,-7,-33
IMU,126210,-350,-697,822,7,-14,-45
IMU,126220,-324,-704,850,6,-21,-48
IMU,126230,-299,-680,866,1,-25,-49
IMU,126240,-293,-663,944,-1,-25,-49
IMU,126250,-271,-700,1001,1,-18,-45
IMU,126259,-261,-741,1003,12,-6,-37
IMU,126269,-284,-742,949,27,2,-30
IMU,126279,-287,-702,898,40,7,-26
IMU,126289,-259,-605,830,53,11,-27
IMU,126298,-184,-524,788,59,12,-29
IMU,126308,-190,-528,728,53,12,-31
IMU,126318,-191,-572,690,42,12,-35
IMU,126328,-180,-618,733,32,14,-36
IMU,126337,-171,-645,746,26,19,-35
IMU,126347,-169,-648,735,24,21,-39
IMU,126357,-197,-653,697,21,20,-44
IMU,126367,-207,-619,656,16,16,-39
IMU,126376,-198,-565,642,8,12,-32
IMU,126386,-207,-514,657,3,11,-27
IMU,126396,-215,-510,658,0,12,-25
IMU,126406,-222,-534,659,-4,12,-25
IMU,126416,-221,-560,673,-4,14,-25
IMU,126425,-226,-576,664,-2,16,-25
IMU,126435,-239,-575,676,0,19,-23
IMU,126445,-262,-548,664,3,22,-20
IMU,126455,-274,-526,639,3,24,-18
IMU,126464,-278,-504,619,2,26,-15
IMU,126474,-275,-489,611,0,26,-13
IMU,126484,-265,-483,614,-3,26,-11
IMU,126494,-262,-483,613,-5,25,-11
IMU,126503,-275,-470,622,-7,24,-11
IMU,126513,-291,-435,622,-9,23,-11
IMU,126523,-298,-408,638,-9,23,-10
IMU,126533,-307,-401,659,-9,23,-8
IMU,126542,-328,-390,663,-8,21,-7
IMU,126552,-356,-389,672,-7,19,-7
IMU,126562,-377,-399,672,-7,15,-6
IMU,126572,-384,-391,680,-8,10,-4
IMU,126582,-383,-369,685,-9,6,-4
IMU,126591,-384,-371,704,-11,2,-7
IMU,126601,-399,-373,720,-14,-3,-10
IMU,126611,-412,-354,749,-16,-9,-12
IMU,126621,-424,-330,770,-17,-13,-13
IMU,126630,-428,-325,797,-17,-16,-12
IMU,126640,-405,-348,809,-16,-18,-12
IMU,126650,-363,-393,805,-15,-20,-13
IMU,126660,-334,-429,806,-13,-20,-14
IMU,126669,-314,-474,839,-10,-20,-17
IMU,126679,-307,-519,870,-5,-18,-18
IMU,126689,-323,-556,921,1,-15,-15
IMU,126699,-368,-512,960,9,-11,-12
IMU,126708,-387,-473,954,18,-4,-9
IMU,126718,-387,-453,935,25,0,-8
IMU,126728,-373,-457,931,29,0,-10
IMU,126738,-363,-476,950,29,-1,-13
IMU,126748,-349,-486,962,28,-5,-16
IMU,126757,-336,-481,983,25,-8,-17
IMU,126767,-329,-489,989,24,-8,-15
IMU,126777,-348,-501,935,23,-7,-11
IMU,126787,-377,-522,895,23,-9,-9
IMU,126796,-368,-546,911,22,-17,-10
IMU,126806,-309,-556,957,20,-26,-15
IMU,126816,-250,-567,1038,18,-34,-20
IMU,126826,-236,-579,1072,15,-37,-23
IMU,126835,-277,-588,1064,12,-37,-23
IMU,126845,-347,-584,1024,10,-36,-21
IMU,126855,-392,-564,965,8,-37,-19
IMU,126865,-391,-547,941,6,-41,-17
IMU,126875,-366,-523,946,5,-46,-18
IMU,126884,-338,-514,984,5,-48,-17
IMU,126894,-322,-507,1008,5,-46,-15
IMU,126904,-323,-505,1029,6,-40,-12
IMU,126914,-337,-515,1039,8,-33,-7
IMU,126923,-362,-512,1016,10,-27,-3
IMU,126933,-352,-515,1007,11,-25,-2
IMU,126943,-320,-499,981,11,-23,-2
IMU,126953,-301,-471,974,10,-23,-4
IMU,126962,-291,-426,991,7,-23,-6
IMU,126972,-309,-377,1003,4,-23,-5
IMU,126982,-336,-327,997,0,-27,-5
IMU,126992,-339,-300,989,-3,-31,-3
IMU,127001,-322,-292,959,-6,-34,0
IMU,127011,-308,-316,939,-8,-37,2
IMU,127021,-270,-384,970,-7,-37,6
IMU,127031,-260,-386,953,-6,-32,9
IMU,127041,-263,-359,1004,-4,-25,11
IMU,127050,-261,-306,1037,-2,-16,15
IMU,127060,-268,-234,1027,-3,-10,20
IMU,127070,-276,-167,987,-10,-11,26
IMU,127080,-283,-102,965,-17,-15,30
IMU,127089,-277,-37,926,-25,-20,28
IMU,127099,-278,-54,910,-30,-19,27
IMU,127109,-267,-124,903,-34,-15,29
IMU,127119,-266,-137,929,-35,-11,31
IMU,127128,-257,-154,946,-37,-6,32
IMU,127138,-261,-175,995,-37,-1,33
IMU,127148,-282,-182,1009,-37,3,38
IMU,127158,-294,-164,991,-39,3,46
IMU,127167,-299,-146,988,-47,2,59
IMU,127177,-341,-53,923,-54,0,67
IMU,127187,-386,24,914,-57,-7,65
IMU,127197,-400,67,946,-56,-10,56
IMU,127207,-369,-43,920,-55,-13,45
IMU,127216,-336,-133,996,-54,-16,43
IMU,127226,-309,-159,1025,-50,-12,45
IMU,127236,-324,-163,1026,-46,-7,48
IMU,127246,-354,-142,1028,-43,-4,49
IMU,127255,-376,-99,999,-40,-5,49
IMU,127265,-380,-67,991,-38,-8,47
IMU,127275,-375,-37,995,-36,-12,45
IMU,127285,-367,-28,1024,-34,-16,44
IMU,127294,-358,-19,1081,-33,-20,43
IMU,127304,-347,-14,1125,-33,-25,41
IMU,127314,-349,-4,1169,-34,-28,41
IMU,127324,-342,-4,1195,-33,-30,41
IMU,127333,-350,16,1191,-31,-29,43
IMU,127343,-369,33,1179,-28,-30,42
IMU,127353,-380,48,1172,-28,-34,39
IMU,127363,-378,48,1181,-29,-40,35
IMU,127373,-363,52,1189,-31,-45,31
IMU,127382,-344,38,1204,-34,-49,27
IMU,127392,-326,0,1250,-36,-49,24
IMU,127402,-310,-17,1261,-38,-46,22
IMU,127412,-302,-31,1281,-38,-43,20
IMU,127421,-301,-42,1280,-38,-41,18
IMU,127431,-312,-75,1245,-40,-43,19
IMU,127441,-339,-79,1230,-43,-48,20
IMU,127451,-351,-85,1252,-48,-54,21
IMU,127460,-348,-111,1277,-51,-56,19
IMU,127470,-335,-177,1291,-50,-54,17
IMU,127480,-316,-248,1302,-47,-50,17
IMU,127490,-299,-303,1326,-41,-43,18
IMU,127500,-271,-344,1347,-29,-30,21
IMU,127509,-252,-315,1300,-16,-14,24
IMU,127519,-249,-249,1221,-8,-3,23
IMU,127529,-216,-233,1204,-3,7,21
IMU,127539,-222,-207,1153,0,18,21
IMU,127549,-285,-198,1124,3,27,20
IMU,127558,-324,-192,1085,5,31,20
IMU,127568,-351,-156,1051,5,30,21
IMU,127579,-360,-98,1041,5,30,23
IMU,127587,-356,-48,1054,3,30,21
IMU,127597,-323,-54,1066,0,29,18
IMU,127607,-296,-64,1074,-6,25,16
IMU,127617,-285,-74,1082,-10,21,13
IMU,127626,-267,-108,1080,-11,17,9
IMU,127636,-236,-108,1029,-11,12,3
IMU,127646,-210,-117,1005,-10,7,-4
IMU,127656,-214,-108,973,-8,5,-10
IMU,127666,-214,-95,928,-6,4,-17
IMU,127675,-216,-78,901,-5,5,-23
IMU,127685,-218,-72,927,-8,3,-28
IMU,127695,-199,-67,956,-14,1,-33
IMU,127705,-182,-83,986,-20,0,-35
IMU,127714,-169,-119,1018,-24,1,-36
IMU,127724,-155,-148,1015,-24,3,-35
IMU,127734,-136,-148,1011,-20,6,-36
IMU,127744,-121,-180,992,-14,12,-40
IMU,127753,-109,-248,967,-6,19,-42
IMU,127763,-96,-299,937,1,25,-39
IMU,127773,-94,-313,912,6,28,-33
IMU,127783,-113,-271,938,8,34,-31
IMU,127792,-145,-234,925,9,42,-30
IMU,127802,-177,-224,947,5,45,-28
IMU,127812,-201,-266,1011,3,47,-24
IMU,127822,-231,-283,1047,4,48,-18
IMU,127832,-266,-292,1032,9,46,-11
IMU,127841,-278,-283,995,16,43,-5
IMU,127851,-267,-261,942,22,41,0
IMU,127861,-265,-258,945,26,38,2
IMU,127871,-277,-270,956,26,34,1
IMU,127880,-292,-326,1018,21,23,-3
IMU,127890,-310,-394,1148,18,14,-6
IMU,127900,-303,-473,1253,26,15,-2
IMU,127910,-329,-473,1240,38,22,5
IMU,127919,-358,-470,1201,52,24,11
IMU,127929,-380,-435,1126,64,20,14
IMU,127939,-398,-390,1063,71,10,13
IMU,127949,-400,-369,1044,71,1,12
IMU,127958,-399,-333,1018,63,-7,12
IMU,127968,-377,-334,1047,49,-14,12
IMU,127978,-328,-368,1095,35,-15,11
IMU,127988,-311,-401,1095,23,-15,7
IMU,127998,-335,-456,1099,15,-21,-2
IMU,128007,-364,-506,1099,10,-32,-13
IMU,128017,-386,-545,1072,9,-43,-23
IMU,128027,-391,-598,1068,11,-50,-29
IMU,128037,-373,-646,1077,15,-49,-29
IMU,128046,-358,-659,1065,20,-43,-26
IMU,128056,-345,-645,1038,25,-34,-24
IMU,128066,-333,-626,987,26,-26,-22
IMU,128076,-327,-607,934,27,-20,-22
IMU,128085,-341,-593,877,27,-16,-22
IMU,128095,-374,-580,858,26,-16,-21
IMU,128105,-405,-558,847,24,-19,-21
IMU,128115,-420,-540,853,21,-22,-18
IMU,128125,-386,-537,866,16,-23,-14
IMU,128134,-326,-553,879,12,-19,-10
IMU,128144,-288,-577,883,8,-12,-7
IMU,128154,-281,-583,853,4,-6,-6
IMU,128164,-279,-584,820,0,-3,-6
IMU,128173,-266,-587,794,-2,-2,-8
IMU,128183,-246,-579,772,-3,-2,-11
IMU,128193,-228,-539,752,-5,-2,-13
IMU,128203,-207,-498,735,-8,-2,-16
IMU,128212,-179,-467,725,-12,0,-19
IMU,128222,-170,-452,707,-16,3,-22
IMU,128232,-243,-517,675,-24,5,-21
IMU,128242,-256,-531,678,-34,0,-13
IMU,128251,-211,-530,753,-34,0,-15
IMU,128261,-261,-569,743,-29,2,-27
IMU,128271,-304,-530,771,-22,5,-32
IMU,128281,-316,-529,768,-17,7,-32
IMU,128291,-291,-518,780,-12,8,-29
IMU,128300,-273,-500,762,-10,10,-26
IMU,128310,-269,-503,746,-7,10,-25
IMU,128320,-279,-518,757,-3,11,-23
IMU,128331,-290,-533,751,3,13,-22
IMU,128339,-294,-540,744,9,14,-21
IMU,128350,-295,-507,739,16,17,-19
IMU,128360,-292,-469,730,19,21,-17
IMU,128369,-291,-454,718,19,23,-15
IMU,128379,-312,-461,716,17,26,-13
IMU,128388,-334,-468,736,16,27,-11
IMU,128398,-351,-463,764,17,30,-7
IMU,128408,-356,-465,782,20,31,-4
IMU,128417,-351,-469,796,24,33,-2
IMU,128427,-348,-454,790,26,33,-1
IMU,128437,-342,-458,805,29,33,-2
IMU,128447,-350,-465,825,31,33,-4
IMU,128457,-373,-482,854,34,32,-6
IMU,128466,-401,-497,863,37,32,-8
IMU,128476,-424,-486,838,36,29,-12
IMU,128486,-441,-474,820,32,25,-15
IMU,128496,-443,-454,816,25,21,-18
IMU,128505,-431,-440,824,16,16,-19
IMU,128515,-411,-463,865,10,11,-20
IMU,128525,-424,-479,910,9,6,-22
IMU,128535,-450,-484,939,11,0,-24
IMU,128544,-477,-487,971,15,-7,-28
IMU,128554,-495,-502,1010,19,-14,-29
IMU,128564,-484,-514,1035,20,-20,-29
IMU,128574,-455,-520,1045,19,-23,-28
IMU,128583,-424,-531,1040,14,-26,-26
IMU,128593,-382,-533,1005,7,-30,-25
IMU,128603,-299,-468,1056,4,-32,-32
IMU,128613,-325,-486,953,2,-31,-42
IMU,128623,-328,-529,842,-7,-39,-44
IMU,128632,-299,-522,818,-13,-48,-44
IMU,128642,-270,-511,901,-15,-48,-43
IMU,128652,-233,-478,928,-14,-39,-45
IMU,128662,-219,-518,966,-11,-28,-46
IMU,128671,-202,-551,956,-6,-17,-46
IMU,128681,-184,-597,935,-7,-9,-43
IMU,128691,-171,-637,924,-8,-5,-36
IMU,128701,-170,-660,877,-12,-4,-26
IMU,128710,-201,-567,889,-19,-7,-15
IMU,128720,-231,-478,849,-23,-7,-12
IMU,128730,-239,-446,842,-27,-8,-9
IMU,128740,-241,-437,826,-32,-7,-8
IMU,128750,-238,-452,835,-35,-7,-6
IMU,128759,-227,-467,845,-36,-3,-4
IMU,128769,-222,-477,848,-35,-1,-4
IMU,128779,-217,-484,863,-32,1,-5
IMU,128789,-211,-471,866,-28,4,-5
IMU,128798,-220,-452,851,-24,6,-6
IMU,128808,-226,-457,858,-19,9,-6
IMU,128818,-235,-450,842,-15,12,-4
IMU,128828,-251,-420,818,-13,14,-2
IMU,128837,-264,-383,802,-14,14,0
IMU,128847,-260,-354,801,-17,13,2
IMU,128857,-253,-325,829,-20,14,3
IMU,128867,-243,-309,837,-22,13,2
IMU,128876,-234,-324,874,-24,9,2
IMU,128886,-237,-358,909,-24,5,2
IMU,128896,-251,-381,979,-20,1,3
IMU,128906,-268,-371,994,-14,1,5
IMU,128916,-288,-357,967,-9,0,8
IMU,128925,-305,-358,951,-6,-2,14
IMU,128935,-321,-338,958,-5,-2,19
IMU,128945,-328,-308,971,-4,-3,21
IMU,128955,-324,-307,981,-3,-3,20
IMU,128964,-325,-298,997,-3,-5,18
IMU,128974,-317,-301,1010,-3,-9,16
IMU,128984,-334,-299,1023,-4,-13,16
IMU,128994,-356,-288,1031,-5,-17,17
IMU,129003,-386,-275,1040,-7,-21,18
IMU,129013,-385,-282,1064,-11,-26,19
IMU,129023,-376,-288,1059,-17,-33,20
IMU,129033,-355,-318,1094,-24,-38,23
IMU,129042,-337,-368,1136,-28,-38,28
IMU,129052,-319,-393,1167,-28,-35,33
IMU,129062,-302,-388,1140,-26,-28,39
IMU,129072,-327,-352,1081,-26,-25,43
IMU,129082,-390,-306,1041,-30,-26,46
IMU,129091,-428,-250,1034,-39,-33,49
IMU,129101,-402,-244,1063,-51,-41,52
IMU,129111,-365,-271,1114,-61,-44,56
IMU,129121,-328,-329,1150,-68,-45,57
IMU,129130,-282,-453,1266,-67,-42,58
IMU,129140,-243,-505,1264,-61,-37,57
IMU,129150,-219,-503,1205,-54,-37,51
IMU,129160,-214,-497,1153,-47,-36,43
IMU,129170,-226,-444,1064,-42,-33,35
IMU,129179,-248,-406,1004,-40,-27,30
IMU,129190,-295,-365,979,-40,-20,26
IMU,129199,-318,-343,974,-42,-15,25
IMU,129208,-324,-316,967,-44,-10,25
IMU,129219,-325,-321,988,-47,-8,24
IMU,129228,-320,-325,1001,-48,-8,24
IMU,129238,-324,-362,990,-52,-9,27
IMU,129249,-304,-340,1038,-55,-10,34
IMU,129257,-294,-277,1077,-54,-6,37
IMU,129267,-333,-241,1070,-51,-3,35
IMU,129277,-352,-251,1049,-50,-5,34
IMU,129287,-336,-246,1072,-50,-10,33
IMU,129296,-292,-244,1083,-48,-14,32
IMU,129306,-253,-246,1097,-46,-15,31
IMU,129316,-243,-246,1075,-43,-12,30
IMU,129326,-250,-245,1064,-41,-8,30
IMU,129335,-271,-237,1035,-37,-2,30
IMU,129345,-287,-218,998,-31,3,30
IMU,129355,-287,-193,963,-26,7,29
IMU,129365,-270,-174,938,-23,10,27
IMU,129375,-250,-160,928,-21,15,25
IMU,129384,-254,-159,918,-20,22,24
IMU,129394,-278,-172,885,-21,28,27
IMU,129404,-299,-130,912,-20,34,29
IMU,129414,-326,-97,916,-20,38,27
IMU,129423,-344,-75,928,-20,40,24
IMU,129433,-355,-99,916,-19,40,20
IMU,129443,-359,-117,929,-17,40,19
IMU,129453,-358,-117,922,-15,40,18
IMU,129462,-356,-118,927,-14,41,17
IMU,129472,-363,-123,931,-12,42,16
IMU,129482,-381,-124,923,-9,43,16
IMU,129492,-399,-128,912,-8,41,16
IMU,129501,-413,-138,914,-6,38,14
IMU,129511,-416,-146,915,-4,35,13
IMU,129521,-417,-164,931,-2,32,12
IMU,129531,-413,-177,939,0,31,12
IMU,129541,-418,-189,949,4,31,12
IMU,129550,-428,-185,945,8,30,13
IMU,129560,-435,-170,937,12,28,13
IMU,129570,-439,-150,932,15,24,12
IMU,129580,-437,-144,948,16,20,10
IMU,129589,-440,-128,952,16,16,9
IMU,129599,-452,-134,968,15,10,8
IMU,129609,-463,-149,992,13,3,6
IMU,129619,-462,-177,1035,11,-4,5
IMU,129628,-441,-215,1089,10,-11,3
IMU,129638,-420,-251,1101,12,-13,3
IMU,129648,-421,-240,1093,16,-11,6
IMU,129658,-428,-204,1062,21,-7,8
IMU,129667,-445,-141,1016,23,-2,11
IMU,129677,-460,-100,1008,22,-2,11
IMU,129687,-463,-81,1026,17,-7,9
IMU,129697,-449,-106,1090,11,-14,5
IMU,129707,-412,-174,1176,5,-20,2
IMU,129716,-378,-242,1227,3,-22,1
IMU,129726,-359,-304,1255,3,-22,0
IMU,129736,-349,-351,1246,4,-24,-4
IMU,129746,-339,-378,1238,8,-28,-8
IMU,129755,-317,-381,1201,14,-30,-12
IMU,129765,-298,-376,1154,20,-31,-17
IMU,129775,-274,-388,1144,26,-28,-21
IMU,129785,-259,-406,1128,30,-21,-22
IMU,129794,-260,-415,1124,35,-12,-20
IMU,129804,-289,-371,1083,39,-2,-18
IMU,129814,-325,-334,1051,40,3,-17
IMU,129824,-342,-298,1030,39,6,-16
IMU,129833,-348,-257,999,37,9,-14
IMU,129843,-350,-219,968,31,9,-12
IMU,129853,-338,-231,986,23,8,-11
IMU,129863,-326,-246,1000,16,7,-10
IMU,129873,-316,-285,1026,10,7,-10
IMU,129882,-306,-322,1038,7,10,-10
IMU,129892,-307,-341,1017,5,11,-11
IMU,129902,-299,-353,1001,3,9,-13
IMU,129912,-282,-357,993,2,6,-16
IMU,129921,-259,-363,990,1,3,-19
IMU,129931,-253,-359,966,0,2,-22
IMU,129941,-265,-366,943,-1,0,-26
IMU,129951,-277,-391,983,-4,-3,-30
IMU,129960,-300,-407,985,-5,-2,-31
IMU,129970,-323,-444,980,-2,1,-29
IMU,129980,-353,-465,942,1,6,-25
IMU,129990,-371,-474,904,4,8,-22
IMU,130000,-376,-491,889,5,7,-20
IMU,130009,-351,-512,904,7,6,-18
IMU,130019,-319,-536,910,9,7,-17
IMU,130029,-303,-547,920,13,10,-15
IMU,130039,-300,-534,919,16,15,-13
IMU,130048,-320,-510,899,19,17,-10
IMU,130058,-328,-514,905,20,16,-10
IMU,130068,-331,-512,897,21,12,-11
IMU,130078,-342,-533,898,25,10,-14
IMU,130087,-362,-567,894,30,9,-13
IMU,130097,-384,-579,880,34,7,-9
IMU,130107,-400,-565,876,37,5,-3
IMU,130117,-398,-556,876,40,4,0
IMU,130126,-388,-543,863,40,3,3
IMU,130136,-373,-548,879,41,3,4
IMU,130146,-372,-566,861,42,2,3
IMU,130156,-379,-588,882,43,0,3
IMU,130166,-392,-605,881,47,-3,1
IMU,130175,-406,-608,881,51,-7,0
IMU,130185,-402,-606,904,55,-12,-1
IMU,130195,-385,-582,924,60,-13,-2
IMU,130205,-363,-567,946,64,-10,-4
IMU,130214,-312,-520,931,70,-4,-5
IMU,130224,-280,-456,878,73,1,-10
IMU,130234,-300,-421,816,73,4,-21
IMU,130244,-329,-451,745,67,0,-29
IMU,130253,-351,-479,673,53,-13,-33
IMU,130263,-345,-501,667,34,-29,-34
IMU,130273,-322,-531,725,15,-39,-33
IMU,130283,-293,-561,810,1,-42,-29
IMU,130292,-296,-558,901,-7,-38,-23
IMU,130302,-330,-548,901,-8,-29,-17
IMU,130312,-354,-497,855,-6,-25,-15
IMU,130322,-337,-489,810,-3,-25,-16
IMU,130332,-321,-477,782,-1,-22,-16
IMU,130341,-308,-438,738,-3,-18,-15
IMU,130351,-304,-402,720,-10,-12,-15
IMU,130361,-324,-387,702,-21,-5,-15
IMU,130371,-356,-402,707,-32,-1,-15
IMU,130380,-399,-436,735,-42,0,-15
IMU,130390,-424,-473,774,-49,0,-13
IMU,130400,-428,-491,794,-53,-3,-12
IMU,130410,-409,-502,809,-56,-9,-14
IMU,130419,-373,-509,842,-58,-14,-16
IMU,130429,-338,-508,853,-58,-13,-17
IMU,130439,-318,-490,835,-58,-10,-16
IMU,130449,-321,-484,804,-58,-8,-17
IMU,130458,-328,-493,792,-57,-9,-18
IMU,130468,-328,-502,801,-55,-10,-21
IMU,130478,-308,-506,799,-51,-11,-24
IMU,130488,-284,-521,821,-47,-10,-26
IMU,130498,-279,-518,821,-41,-4,-24
IMU,130507,-304,-508,789,-36,1,-21
IMU,130517,-336,-494,782,-32,5,-17
IMU,130527,-350,-481,770,-30,8,-13
IMU,130537,-345,-480,763,-27,9,-10
IMU,130546,-328,-479,760,-23,11,-7
IMU,130556,-309,-462,763,-19,13,-6
IMU,130566,-287,-454,794,-15,15,-5
IMU,130576,-283,-458,807,-10,18,-4
IMU,130585,-303,-447,801,-5,21,-3
IMU,130595,-333,-427,773,-2,22,-3
IMU,130605,-360,-409,747,0,22,-1
IMU,130615,-360,-406,698,-3,21,3
IMU,130625,-362,-361,689,-9,19,11
IMU,130634,-375,-311,710,-15,18,16
IMU,130644,-364,-265,752,-19,13,13
IMU,130654,-352,-266,824,-17,13,4
IMU,130664,-331,-362,858,-14,10,-3
IMU,130673,-328,-413,921,-6,12,-4
IMU,130683,-355,-370,889,0,11,-4
IMU,130693,-380,-328,869,1,6,-5
IMU,130703,-402,-315,854,0,2,-4
IMU,130712,-428,-310,829,-3,-1,-3
IMU,130722,-453,-290,845,-7,-9,-3
IMU,130732,-444,-296,894,-11,-18,-6
IMU,130742,-410,-353,960,-12,-25,-9
IMU,130751,-383,-389,1018,-10,-30,-10
IMU,130761,-373,-403,1023,-8,-35,-12
IMU,130771,-374,-427,1035,-6,-38,-14
IMU,130781,-387,-438,1044,-2,-37,-12
IMU,130791,-415,-407,1017,2,-32,-7
IMU,130800,-452,-362,1002,6,-29,-2
IMU,130810,-431,-342,1036,8,-24,2
IMU,130820,-380,-291,1084,16,-16,1
IMU,130830,-359,-324,1052,21,-5,-5
IMU,130839,-402,-326,959,17,-1,-1
IMU,130849,-452,-293,912,0,-12,6
IMU,130859,-429,-275,958,-26,-34,7
IMU,130869,-372,-317,1112,-44,-47,4
IMU,130878,-292,-416,1243,-54,-46,1
IMU,130888,-272,-451,1272,-55,-41,0
IMU,130899,-289,-451,1268,-50,-30,1
IMU,130908,-316,-402,1164,-44,-25,2
IMU,130917,-344,-326,1058,-41,-25,2
IMU,130927,-338,-287,1017,-42,-24,3
IMU,130937,-333,-264,988,-44,-19,4
IMU,130947,-339,-287,1018,-47,-11,6
IMU,130957,-345,-375,1023,-52,-4,12
IMU,130966,-344,-407,1068,-55,2,20
IMU,130976,-348,-359,1114,-54,11,25
IMU,130986,-391,-272,1127,-47,15,21
IMU,130996,-430,-236,1126,-40,14,18
IMU,131005,-425,-205,1148,-36,14,15
IMU,131015,-417,-162,1079,-33,12,10
IMU,131025,-412,-139,1057,-33,9,5
IMU,131035,-408,-95,1048,-39,4,5
IMU,131044,-401,-104,1038,-46,-1,7
IMU,131054,-401,-178,1019,-50,-7,7
IMU,131064,-400,-219,1015,-50,-11,6
IMU,131074,-396,-242,997,-47,-14,5
IMU,131083,-388,-261,992,-41,-14,6
IMU,131093,-381,-259,988,-34,-13,9
IMU,131103,-379,-241,977,-27,-9,13
IMU,131113,-379,-234,978,-24,-8,16
IMU,131123,-377,-223,982,-23,-7,20
IMU,131132,-379,-208,978,-23,-6,24
IMU,131142,-378,-199,984,-23,-5,30
IMU,131152,-384,-186,960,-21,-4,35
IMU,131162,-389,-175,943,-20,-6,38
IMU,131171,-390,-167,926,-19,-9,41
IMU,131181,-352,-188,969,-20,-11,45
IMU,131191,-318,-234,1002,-18,-9,49
IMU,131201,-314,-275,1022,-14,-6,52
IMU,131210,-324,-313,1028,-8,0,56
IMU,131220,-354,-305,988,-1,4,61
IMU,131230,-375,-289,962,5,7,65
IMU,131240,-385,-266,945,11,8,68
IMU,131250,-377,-236,940,15,6,68
IMU,131259,-378,-215,925,19,5,62
IMU,131269,-415,-229,888,18,2,57
IMU,131279,-422,-252,932,9,-7,62
IMU,131289,-416,-239,986,5,-14,67
IMU,131298,-407,-254,1040,5,-20,72
IMU,131308,-424,-346,1005,9,-22,75
IMU,131318,-406,-377,1009,15,-26,74
IMU,131328,-377,-377,1003,22,-27,72
IMU,131337,-371,-360,973,29,-26,68
IMU,131347,-388,-340,935,29,-28,62
IMU,131357,-394,-335,937,25,-32,55
IMU,131368,-384,-350,973,20,-35,47
IMU,131376,-375,-383,1006,17,-34,41
IMU,131387,-365,-410,1005,21,-26,29
IMU,131397,-360,-459,961,22,-23,20
IMU,131406,-353,-473,966,21,-26,16
IMU,131416,-334,-442,1003,20,-32,9
IMU,131425,-307,-450,1057,19,-36,3
IMU,131435,-289,-477,1087,21,-34,-3
IMU,131445,-294,-519,1075,24,-29,-7
IMU,131455,-311,-554,1063,28,-22,-9
IMU,131464,-331,-555,1018,31,-15,-8
IMU,131474,-347,-526,959,34,-11,-10
IMU,131484,-340,-506,921,35,-9,-15
IMU,131494,-316,-484,875,34,-6,-20
IMU,131503,-296,-459,838,29,-4,-25
IMU,131513,-295,-447,821,21,-2,-31
IMU,131523,-311,-451,827,11,-1,-37
IMU,131533,-329,-458,851,4,0,-41
IMU,131542,-356,-491,883,0,-1,-46
IMU,131552,-378,-525,905,-1,0,-49
IMU,131562,-395,-549,919,0,-1,-51
IMU,131572,-403,-561,916,2,0,-51
IMU,131582,-395,-568,905,5,0,-51
IMU,131591,-372,-580,891,9,1,-48
IMU,131601,-367,-579,888,11,4,-46
IMU,131611,-378,-575,885,14,7,-43
IMU,131621,-390,-565,884,16,8,-41
IMU,131630,-398,-557,878,19,8,-40
IMU,131640,-401,-547,869,21,7,-39
IMU,131650,-387,-533,870,22,6,-38
IMU,131660,-371,-525,886,23,6,-37
IMU,131669,-346,-520,896,23,7,-36
IMU,131679,-335,-528,910,22,5,-36
IMU,131689,-331,-540,939,23,4,-37
IMU,131699,-333,-536,924,23,4,-36
IMU,131708,-343,-521,884,24,3,-36
IMU,131718,-345,-503,859,22,3,-36
IMU,131728,-341,-482,827,19,5,-34
IMU,131738,-330,-474,809,15,8,-32
IMU,131748,-312,-482,813,11,11,-30
IMU,131757,-297,-493,821,7,15,-27
IMU,131767,-299,-515,847,4,17,-26
IMU,131777,-305,-535,873,3,19,-25
IMU,131787,-313,-542,885,3,19,-23
IMU,131796,-326,-543,897,3,21,-21
IMU,131806,-345,-537,891,3,22,-18
IMU,131816,-363,-531,877,1,23,-14
IMU,131826,-387,-527,854,0,24,-11
IMU,131835,-410,-521,828,-1,23,-8
IMU,131845,-420,-515,811,-2,22,-5
IMU,131855,-416,-513,813,-3,21,-3
IMU,131865,-404,-515,820,-4,21,-1
IMU,131875,-401,-515,824,-4,21,0
IMU,131884,-408,-514,831,-4,20,1
IMU,131894,-424,-514,832,-4,19,2
IMU,131904,-437,-512,834,-3,16,3
IMU,131914,-445,-510,828,-3,14,4
IMU,131923,-446,-509,818,-3,10,5
IMU,131933,-447,-501,807,-4,7,6
IMU,131943,-448,-497,812,-4,4,7
IMU,131953,-449,-494,818,-5,2,8
IMU,131962,-448,-501,830,-4,0,10
IMU,131972,-452,-509,833,-2,0,10
IMU,131982,-456,-516,843,0,-3,10
IMU,131992,-457,-508,846,2,-6,9
IMU,132001,-453,-502,848,4,-10,9
IMU,132011,-451,-497,845,4,-12,9
IMU,132021,-454,-496,841,4,-13,10
IMU,132031,-460,-497,829,2,-15,12
IMU,132041,-465,-498,818,1,-18,13
IMU,132050,-469,-504,812,0,-20,14
IMU,132061,-458,-509,807,-1,-22,15
IMU,132071,-448,-518,810,-2,-23,17
IMU,132080,-447,-517,809,-3,-23,19
IMU,132090,-445,-518,815,-4,-23,21
IMU,132099,-451,-517,827,-5,-23,24
IMU,132109,-459,-515,841,-5,-24,27
IMU,132120,-462,-511,854,-5,-25,31
SPM,123303,0.00
SPM,126314,0.00
SPM,129333,0.00
GPS,132618,59.416983,17.982114,3.70,1.94,16,0.80,17.60,59.65
GPS,132968,59.416987,17.982111,3.70,1.63,16,0.80,18.00,59.65
GPS,133632,59.416987,17.982111,3.69,1.63,16,0.80,18.00,271.99
GPS,133945,59.416988,17.982089,3.69,0.48,16,0.80,18.20,271.99
GPS,134609,59.416988,17.982089,5.70,0.48,16,0.80,18.20,269.68
GPS,134941,59.416990,17.982069,5.70,0.85,16,0.80,18.10,269.68
GPS,135605,59.416990,17.982069,3.74,0.85,16,0.80,18.10,299.26
GPS,135947,59.416996,17.982056,3.74,1.64,16,0.80,18.00,299.26
GPS,136611,59.416996,17.982056,3.00,1.64,16,0.80,18.00,299.26
GPS,136953,59.417000,17.982052,3.00,2.05,16,0.80,17.80,299.26
GPS,137617,59.417000,17.982052,0.67,2.05,16,0.80,17.80,299.26
GPS,137949,59.417000,17.982052,0.67,2.05,16,0.80,17.70,299.26
GPS,138613,59.417000,17.982052,0.00,2.05,16,0.80,17.70,299.26
GPS,138955,59.417000,17.982052,0.00,2.04,16,0.80,17.60,299.26
GPS,139628,59.417000,17.982052,0.00,2.04,16,0.80,17.60,299.26
GPS,139951,59.417000,17.982053,0.00,1.98,16,0.80,17.50,299.26
GPS,140625,59.417000,17.982053,0.00,1.98,16,0.80,17.50,299.26
GPS,140937,59.417000,17.982054,0.00,1.94,16,0.80,17.60,299.26
GPS,141611,59.417000,17.982054,0.00,1.94,16,0.80,17.60,299.26
GPS,141972,59.417007,17.982065,0.00,1.99,16,0.80,17.00,299.26
IMU,132128,-463,-494,849,-5,-25,35
IMU,132138,-465,-473,837,-6,-25,39
IMU,132148,-466,-457,816,-8,-25,43
IMU,132158,-465,-444,806,-11,-24,47
IMU,132167,-461,-434,797,-14,-24,51
IMU,132177,-446,-429,788,-17,-23,54
IMU,132187,-414,-412,796,-21,-22,55
IMU,132197,-401,-414,803,-22,-18,52
IMU,132207,-416,-446,759,-27,-17,54
IMU,132216,-413,-446,786,-32,-19,58
IMU,132226,-426,-438,789,-36,-17,59
IMU,132236,-435,-427,801,-39,-18,61
IMU,132246,-445,-426,807,-41,-17,62
IMU,132255,-447,-413,804,-45,-17,63
IMU,132265,-448,-415,806,-49,-16,66
IMU,132275,-443,-427,819,-51,-16,68
IMU,132285,-437,-431,824,-53,-16,69
IMU,132294,-431,-435,831,-54,-17,69
IMU,132304,-421,-435,830,-55,-17,69
IMU,132314,-412,-423,826,-56,-18,70
IMU,132324,-411,-413,825,-57,-18,70
IMU,132333,-411,-401,825,-58,-17,71
IMU,132343,-413,-394,823,-60,-17,72
IMU,132353,-419,-391,823,-61,-17,73
IMU,132363,-425,-387,819,-63,-17,74
IMU,132373,-425,-385,815,-64,-18,75
IMU,132382,-412,-381,812,-65,-18,76
IMU,132392,-406,-371,816,-67,-18,76
IMU,132402,-412,-363,825,-69,-18,77
IMU,132412,-423,-360,833,-70,-20,77
IMU,132421,-434,-360,838,-71,-22,77
IMU,132431,-444,-369,842,-72,-25,77
IMU,132441,-453,-372,851,-72,-28,77
IMU,132451,-458,-375,849,-73,-30,78
IMU,132460,-456,-388,858,-73,-31,80
IMU,132470,-451,-397,862,-72,-32,82
IMU,132480,-441,-402,875,-69,-33,84
IMU,132490,-433,-398,876,-66,-34,85
IMU,132500,-429,-391,869,-63,-36,86
IMU,132509,-435,-390,873,-60,-38,85
IMU,132519,-439,-384,886,-58,-41,84
IMU,132529,-448,-388,902,-56,-43,83
IMU,132539,-457,-393,914,-55,-43,83
IMU,132548,-466,-397,904,-53,-43,84
IMU,132558,-476,-401,898,-52,-43,84
IMU,132568,-470,-397,889,-50,-43,83
IMU,132578,-452,-395,886,-49,-42,82
IMU,132588,-435,-393,882,-47,-41,81
IMU,132597,-424,-383,886,-46,-40,80
IMU,132608,-418,-368,893,-44,-39,77
IMU,132618,-428,-354,893,-43,-39,74
IMU,132626,-434,-346,901,-43,-38,72
IMU,132636,-440,-338,898,-44,-37,71
IMU,132646,-445,-339,892,-44,-35,71
IMU,132656,-448,-340,883,-45,-33,70
IMU,132666,-450,-335,886,-47,-30,70
IMU,132675,-450,-330,874,-48,-28,70
IMU,132685,-450,-337,892,-49,-25,71
IMU,132695,-444,-329,897,-49,-21,73
IMU,132705,-442,-336,892,-49,-18,75
IMU,132714,-443,-346,888,-50,-17,76
IMU,132724,-439,-359,888,-53,-18,74
IMU,132734,-428,-374,908,-56,-20,73
IMU,132744,-425,-389,913,-60,-22,72
IMU,132753,-425,-409,922,-63,-23,72
IMU,132763,-433,-425,925,-64,-24,71
IMU,132773,-446,-430,922,-64,-26,71
IMU,132783,-456,-429,911,-63,-29,71
IMU,132792,-462,-417,900,-62,-33,71
IMU,132802,-460,-407,893,-62,-36,71
IMU,132812,-456,-405,891,-63,-39,70
IMU,132822,-459,-409,909,-65,-41,69
IMU,132832,-468,-411,924,-66,-41,69
IMU,132841,-475,-424,940,-66,-42,69
IMU,132851,-475,-427,932,-65,-44,69
IMU,132861,-467,-427,929,-63,-46,69
IMU,132871,-459,-425,919,-62,-47,70
IMU,132880,-453,-423,915,-61,-46,73
IMU,132890,-457,-417,905,-60,-45,76
IMU,132900,-460,-411,899,-59,-44,80
IMU,132910,-462,-400,891,-60,-44,83
IMU,132919,-458,-389,891,-62,-45,87
IMU,132929,-447,-384,892,-64,-45,91
IMU,132939,-434,-384,898,-67,-46,93
IMU,132949,-419,-381,909,-69,-47,95
IMU,132958,-415,-381,907,-71,-49,97
IMU,132968,-407,-389,908,-74,-51,97
IMU,132978,-401,-390,906,-76,-54,97
IMU,132988,-383,-392,917,-77,-57,97
IMU,132998,-367,-393,925,-78,-59,97
IMU,133007,-358,-401,932,-78,-60,98
IMU,133017,-361,-405,922,-77,-61,99
IMU,133027,-367,-406,916,-75,-62,100
IMU,133037,-368,-407,911,-72,-62,102
IMU,133046,-361,-406,903,-69,-63,104
IMU,133056,-352,-402,897,-65,-64,107
IMU,133066,-339,-391,895,-63,-64,109
IMU,133076,-331,-379,883,-61,-65,110
IMU,133085,-328,-369,872,-60,-65,112
IMU,133095,-318,-361,865,-60,-65,112
IMU,133105,-311,-351,854,-59,-66,112
IMU,133115,-306,-344,844,-59,-67,111
IMU,133125,-300,-333,836,-59,-69,110
IMU,133134,-292,-320,828,-58,-70,109
IMU,133144,-287,-305,825,-59,-70,108
IMU,133154,-287,-297,823,-59,-69,108
IMU,133164,-290,-289,825,-60,-69,107
IMU,133173,-302,-283,828,-62,-68,105
IMU,133183,-311,-284,837,-64,-68,103
IMU,133193,-314,-289,853,-64,-68,100
IMU,133203,-313,-299,877,-64,-67,98
IMU,133212,-311,-305,901,-61,-65,97
IMU,133222,-315,-309,921,-58,-62,95
IMU,133232,-331,-303,939,-55,-60,93
IMU,133242,-341,-298,946,-52,-58,92
IMU,133251,-355,-287,945,-48,-55,91
IMU,133261,-369,-279,945,-45,-53,90
IMU,133271,-380,-273,956,-44,-53,88
IMU,133281,-382,-267,973,-43,-53,85
IMU,133291,-389,-268,993,-41,-52,83
IMU,133300,-403,-281,1019,-40,-53,80
IMU,133310,-416,-289,1028,-38,-54,77
IMU,133320,-427,-303,1043,-37,-58,73
IMU,133330,-424,-335,1060,-38,-63,69
IMU,133339,-410,-364,1086,-39,-67,64
IMU,133349,-392,-402,1104,-40,-69,61
IMU,133359,-373,-445,1123,-40,-69,57
IMU,133369,-367,-481,1124,-39,-68,54
IMU,133378,-350,-508,1139,-35,-66,52
IMU,133388,-331,-500,1112,-30,-59,52
IMU,133398,-329,-484,1065,-28,-53,51
IMU,133408,-341,-474,1029,-28,-47,52
IMU,133417,-418,-438,1111,-28,-49,53
IMU,133427,-367,-435,1030,-32,-44,55
IMU,133437,-355,-407,1035,-39,-41,56
IMU,133447,-339,-403,1055,-46,-34,60
IMU,133457,-317,-383,1012,-53,-31,61
IMU,133466,-318,-416,1035,-59,-29,60
IMU,133476,-312,-442,1051,-61,-29,58
IMU,133486,-288,-459,1070,-58,-30,54
IMU,133496,-265,-465,1102,-54,-31,49
IMU,133505,-239,-462,1121,-47,-28,45
IMU,133515,-231,-452,1084,-42,-24,44
IMU,133525,-262,-424,1020,-40,-21,45
IMU,133535,-305,-398,998,-40,-21,45
IMU,133544,-347,-367,990,-41,-20,47
IMU,133554,-364,-367,979,-42,-21,49
IMU,133564,-366,-371,975,-41,-22,52
IMU,133574,-361,-365,973,-39,-22,55
IMU,133583,-345,-356,959,-38,-22,57
IMU,133593,-328,-350,953,-37,-22,57
IMU,133603,-323,-349,948,-36,-22,56
IMU,133613,-324,-350,953,-36,-24,54
IMU,133623,-324,-357,957,-35,-25,51
IMU,133632,-321,-361,951,-32,-27,47
IMU,133642,-318,-365,958,-29,-30,45
IMU,133652,-315,-364,936,-24,-28,43
IMU,133662,-314,-360,915,-20,-28,42
IMU,133671,-311,-339,884,-14,-26,42
IMU,133681,-300,-310,857,-10,-25,42
IMU,133691,-287,-288,818,-6,-22,42
IMU,133701,-282,-271,791,-5,-20,42
IMU,133710,-282,-257,779,-4,-17,41
IMU,133720,-278,-251,775,-4,-14,41
IMU,133730,-272,-255,800,-4,-11,41
IMU,133740,-275,-264,814,-2,-8,40
IMU,133750,-286,-264,825,-1,-5,39
IMU,133759,-304,-257,816,0,-3,37
IMU,133769,-317,-248,809,1,-2,35
IMU,133779,-313,-208,826,2,0,32
IMU,133789,-301,-175,831,4,3,24
IMU,133798,-307,-169,834,6,7,10
IMU,133808,-326,-202,849,6,9,-1
IMU,133818,-357,-308,860,5,10,-2
IMU,133828,-392,-324,821,1,8,7
IMU,133837,-373,-286,846,-4,1,14
IMU,133847,-363,-294,885,-5,1,13
IMU,133857,-363,-286,913,-5,2,10
IMU,133867,-360,-297,944,-4,4,8
IMU,133876,-369,-300,966,-3,6,6
IMU,133886,-377,-311,990,-1,8,5
IMU,133896,-384,-323,1017,1,9,3
IMU,133906,-384,-345,1037,4,9,0
IMU,133916,-369,-360,1070,8,10,-2
IMU,133925,-347,-371,1086,12,12,-5
IMU,133935,-340,-390,1095,15,16,-8
IMU,133945,-360,-394,1101,17,22,-10
IMU,133955,-394,-379,1100,19,27,-11
IMU,133964,-429,-366,1123,21,33,-10
IMU,133974,-462,-345,1148,26,40,-5
IMU,133984,-478,-318,1117,29,47,0
IMU,133994,-489,-274,1067,30,49,4
IMU,134003,-495,-242,1020,24,45,4
IMU,134013,-489,-230,1032,13,37,1
IMU,134023,-481,-241,1073,-1,25,-4
IMU,134033,-463,-296,1136,-13,15,-9
IMU,134042,-441,-384,1201,-20,4,-14
IMU,134052,-406,-480,1261,-20,-2,-17
IMU,134062,-376,-537,1284,-11,-4,-18
IMU,134072,-370,-545,1228,1,-4,-18
IMU,134082,-370,-514,1153,12,-3,-19
IMU,134091,-361,-456,1081,23,-1,-18
IMU,134101,-350,-412,1026,31,2,-17
IMU,134111,-337,-356,993,36,7,-15
IMU,134121,-335,-313,944,37,12,-13
IMU,134130,-342,-259,906,33,13,-14
IMU,134140,-342,-240,895,27,10,-16
IMU,134150,-333,-221,893,19,6,-19
IMU,134160,-325,-205,896,12,2,-22
IMU,134169,-313,-207,891,5,0,-26
IMU,134179,-312,-212,894,0,-4,-30
IMU,134189,-305,-225,893,-4,-5,-33
IMU,134199,-288,-250,878,-8,-9,-35
IMU,134208,-286,-276,859,-8,-12,-37
IMU,134218,-279,-304,888,-6,-12,-39
IMU,134228,-270,-348,873,-4,-13,-41
IMU,134238,-272,-346,885,0,-7,-40
IMU,134248,-292,-311,876,5,-3,-42
IMU,134257,-300,-311,876,8,0,-46
IMU,134267,-261,-339,846,14,6,-45
IMU,134277,-276,-227,825,19,13,-45
IMU,134287,-296,-177,785,21,18,-52
IMU,134296,-314,-146,812,24,28,-61
IMU,134306,-339,-140,777,23,40,-68
IMU,134316,-382,-222,753,18,45,-68
IMU,134326,-422,-319,776,9,43,-57
IMU,134335,-404,-434,735,-7,31,-33
IMU,134345,-394,-380,803,-18,13,-6
IMU,134355,-376,-270,889,-14,7,3
IMU,134365,-372,-193,989,-4,18,-3
IMU,134375,-352,-269,945,0,26,-8
IMU,134384,-372,-294,948,5,30,-9
IMU,134394,-396,-263,923,9,33,-11
IMU,134404,-405,-244,893,10,32,-12
IMU,134414,-412,-229,882,10,31,-15
IMU,134423,-415,-221,882,7,28,-18
IMU,134433,-417,-231,902,2,27,-21
IMU,134443,-439,-260,941,0,25,-26
IMU,134453,-457,-282,974,-2,23,-29
IMU,134462,-459,-285,953,-2,23,-31
IMU,134472,-456,-311,982,-2,23,-31
IMU,134482,-449,-324,964,-1,24,-31
IMU,134492,-432,-337,993,-1,23,-31
IMU,134501,-420,-356,1004,1,22,-32
IMU,134511,-402,-370,1040,4,20,-33
IMU,134521,-387,-397,1095,10,21,-35
IMU,134531,-395,-426,1144,17,21,-38
IMU,134541,-394,-428,1146,23,23,-39
IMU,134550,-410,-409,1113,26,24,-40
IMU,134560,-445,-373,1057,25,22,-41
IMU,134570,-467,-339,994,18,17,-41
IMU,134580,-442,-332,958,9,10,-42
IMU,134589,-397,-390,992,1,5,-41
IMU,134599,-362,-456,1065,0,7,-39
IMU,134609,-314,-482,1075,4,14,-37
IMU,134619,-307,-509,1113,11,18,-37
IMU,134628,-299,-531,1127,23,23,-39
IMU,134638,-291,-530,1103,34,28,-41
IMU,134648,-319,-509,1092,43,31,-43
IMU,134658,-353,-458,1053,47,33,-46
IMU,134667,-399,-396,1003,45,35,-47
IMU,134677,-466,-339,960,39,34,-47
IMU,134687,-549,-299,877,29,26,-48
IMU,134697,-584,-313,871,17,12,-49
IMU,134707,-560,-348,895,9,3,-50
IMU,134716,-509,-389,902,4,-2,-50
IMU,134726,-445,-449,949,3,-3,-49
IMU,134736,-370,-489,995,7,0,-49
IMU,134746,-294,-477,1030,15,5,-51
IMU,134755,-252,-477,1070,27,12,-54
IMU,134765,-268,-461,1067,41,18,-57
IMU,134775,-303,-396,989,53,20,-60
IMU,134785,-322,-336,914,59,22,-62
IMU,134794,-335,-270,822,60,25,-61
IMU,134804,-345,-225,787,57,27,-60
IMU,134814,-339,-205,783,52,28,-61
IMU,134824,-323,-201,792,46,29,-62
IMU,134833,-314,-204,808,42,30,-64
IMU,134843,-318,-237,813,39,27,-67
IMU,134853,-315,-237,806,40,26,-73
IMU,134863,-325,-202,825,41,26,-77
IMU,134873,-339,-191,834,41,26,-78
IMU,134882,-351,-213,846,38,24,-75
IMU,134892,-355,-213,835,35,25,-75
IMU,134902,-371,-201,812,31,26,-75
IMU,134912,-380,-209,780,26,26,-75
IMU,134921,-367,-220,789,23,23,-78
IMU,134931,-351,-242,828,20,20,-83
IMU,134941,-367,-254,862,17,18,-89
IMU,134951,-368,-272,881,15,17,-93
IMU,134960,-359,-289,914,15,17,-96
IMU,134970,-357,-308,981,17,18,-99
IMU,134980,-373,-316,996,20,23,-101
IMU,134990,-381,-330,984,21,27,-101
IMU,135000,-380,-345,1000,24,29,-101
IMU,135009,-381,-340,1012,28,33,-101
IMU,135019,-399,-339,990,32,36,-100
IMU,135029,-395,-327,976,33,38,-96
IMU,135039,-376,-324,1005,33,40,-94
IMU,135048,-386,-333,1044,33,44,-90
IMU,135058,-442,-341,1039,30,50,-84
IMU,135068,-508,-341,1005,28,54,-72
IMU,135078,-528,-352,1018,27,57,-61
IMU,135087,-504,-372,1062,31,60,-51
IMU,135097,-466,-390,1103,36,62,-47
IMU,135107,-425,-414,1145,41,62,-46
IMU,135117,-379,-397,1150,46,62,-49
IMU,135126,-363,-326,1141,49,64,-55
IMU,135136,-382,-250,1077,45,65,-59
IMU,135146,-411,-231,984,35,63,-58
IMU,135156,-428,-242,928,24,56,-52
IMU,135166,-443,-222,927,16,49,-47
IMU,135175,-451,-215,902,8,43,-43
IMU,135185,-437,-239,883,4,38,-41
IMU,135195,-406,-279,937,3,36,-39
IMU,135206,-371,-320,999,5,37,-39
IMU,135214,-348,-339,1061,7,40,-39
IMU,135225,-384,-322,1052,10,44,-40
IMU,135235,-416,-328,992,11,42,-41
IMU,135244,-420,-349,984,12,37,-43
IMU,135253,-402,-378,962,13,28,-48
IMU,135263,-379,-374,938,13,17,-55
IMU,135273,-358,-360,876,11,9,-60
IMU,135283,-347,-330,863,9,2,-64
IMU,135292,-344,-332,887,6,0,-67
IMU,135302,-366,-313,889,5,-2,-70
IMU,135312,-376,-304,864,2,-4,-73
IMU,135322,-379,-294,831,0,-6,-76
IMU,135332,-368,-281,830,-3,-6,-79
IMU,135341,-377,-263,826,-4,-3,-84
IMU,135351,-393,-269,796,-10,-1,-84
IMU,135361,-386,-279,765,-18,-2,-78
IMU,135371,-380,-264,783,-23,-1,-74
IMU,135380,-385,-266,823,-26,0,-70
IMU,135390,-379,-285,852,-27,2,-68
IMU,135400,-373,-316,872,-25,6,-66
IMU,135410,-385,-321,887,-22,12,-61
IMU,135419,-396,-323,878,-21,18,-52
IMU,135429,-385,-355,876,-20,24,-40
IMU,135439,-383,-376,874,-17,30,-32
IMU,135449,-379,-398,858,-13,34,-27
IMU,135458,-373,-425,867,-7,37,-24
IMU,135468,-379,-437,876,-1,42,-20
IMU,135478,-386,-436,899,6,47,-15
IMU,135488,-394,-436,921,14,53,-8
IMU,135498,-402,-434,925,21,60,-1
IMU,135507,-413,-440,910,29,67,5
IMU,135517,-429,-444,885,36,71,12
IMU,135527,-448,-439,854,43,74,18
IMU,135537,-458,-440,838,48,74,22
IMU,135546,-462,-444,836,53,73,26
IMU,135556,-462,-440,845,57,72,30
IMU,135566,-468,-440,845,59,71,33
IMU,135576,-485,-435,845,60,69,37
IMU,135585,-524,-415,821,60,67,41
IMU,135595,-559,-393,790,58,62,44
IMU,135605,-575,-396,770,55,53,47
IMU,135615,-563,-415,795,52,42,47
IMU,135625,-537,-437,831,51,31,46
IMU,135634,-484,-461,887,50,20,42
IMU,135644,-438,-460,910,50,11,38
IMU,135654,-412,-443,909,50,6,35
IMU,135664,-419,-407,877,47,3,33
IMU,135673,-443,-363,812,43,-1,31
IMU,135683,-460,-328,771,35,-7,30
IMU,135693,-477,-311,715,27,-14,29
IMU,135703,-482,-303,688,18,-22,28
IMU,135712,-469,-297,699,8,-29,28
IMU,135722,-451,-304,717,-1,-32,29
IMU,135732,-440,-317,749,-11,-32,32
IMU,135742,-440,-329,764,-20,-31,34
IMU,135751,-454,-342,782,-27,-31,36
IMU,135761,-453,-362,813,-32,-33,36
IMU,135771,-446,-383,821,-35,-36,35
IMU,135781,-438,-401,826,-36,-39,33
IMU,135791,-418,-413,847,-36,-41,32
IMU,135800,-395,-408,873,-35,-40,29
IMU,135810,-386,-399,866,-35,-38,27
IMU,135820,-390,-383,840,-35,-36,25
IMU,135830,-407,-371,811,-35,-35,24
IMU,135839,-425,-360,791,-35,-35,21
IMU,135849,-432,-351,782,-35,-37,19
IMU,135859,-426,-340,793,-35,-39,17
IMU,135869,-425,-326,791,-36,-38,16
IMU,135878,-424,-320,781,-38,-36,17
IMU,135888,-423,-314,778,-41,-32,19
IMU,135898,-436,-298,763,-44,-29,21
IMU,135908,-456,-282,749,-47,-29,22
IMU,135917,-464,-284,739,-49,-31,22
IMU,135927,-467,-295,752,-50,-35,23
IMU,135937,-466,-304,795,-51,-37,23
IMU,135947,-459,-318,841,-50,-39,24
IMU,135957,-454,-342,873,-49,-39,25
IMU,135966,-450,-364,911,-45,-39,27
IMU,135976,-463,-373,915,-41,-39,28
IMU,135986,-471,-371,922,-35,-39,30
IMU,135996,-472,-370,917,-31,-41,30
IMU,136005,-468,-367,917,-25,-42,31
IMU,136015,-459,-367,913,-21,-42,32
IMU,136025,-442,-364,911,-17,-40,33
IMU,136035,-427,-358,913,-14,-37,35
IMU,136044,-424,-356,910,-11,-32,38
IMU,136054,-425,-346,921,-9,-26,40
IMU,136064,-437,-335,936,-7,-22,43
IMU,136074,-456,-328,933,-5,-18,47
IMU,136083,-463,-325,936,-4,-15,50
IMU,136093,-466,-332,922,-4,-12,53
IMU,136103,-473,-343,937,-4,-10,57
IMU,136113,-485,-348,941,-5,-9,60
IMU,136123,-493,-352,945,-6,-9,63
IMU,136132,-508,-360,962,-8,-11,66
IMU,136142,-523,-351,977,-10,-13,68
IMU,136152,-539,-350,950,-13,-17,70
IMU,136162,-538,-371,956,-16,-22,70
IMU,136171,-515,-401,956,-19,-29,69
IMU,136181,-474,-441,975,-21,-35,64
IMU,136191,-442,-463,996,-22,-41,59
IMU,136201,-423,-446,1013,-23,-46,53
IMU,136210,-408,-423,1007,-24,-48,49
IMU,136220,-409,-392,1013,-26,-51,46
IMU,136230,-419,-345,990,-29,-51,44
IMU,136240,-419,-315,942,-34,-53,43
IMU,136250,-408,-298,918,-38,-55,43
IMU,136259,-392,-278,888,-44,-56,44
IMU,136269,-393,-265,871,-51,-56,46
IMU,136279,-409,-252,862,-59,-54,50
IMU,136289,-418,-252,865,-67,-52,55
IMU,136298,-433,-274,879,-76,-49,61
IMU,136308,-443,-316,915,-82,-48,66
IMU,136318,-452,-373,955,-86,-49,68
IMU,136328,-458,-426,978,-87,-51,70
IMU,136337,-448,-468,1011,-86,-53,70
IMU,136347,-429,-505,1029,-84,-54,69
IMU,136357,-419,-527,1067,-79,-54,68
IMU,136367,-428,-505,1090,-74,-54,67
IMU,136376,-441,-468,1063,-69,-53,67
IMU,136386,-436,-447,1034,-65,-53,67
IMU,136396,-426,-428,1010,-60,-52,68
IMU,136406,-410,-411,986,-56,-52,69
IMU,136416,-386,-399,994,-52,-50,69
IMU,136425,-364,-371,974,-49,-45,71
IMU,136435,-355,-345,958,-46,-39,74
IMU,136445,-331,-333,973,-45,-30,77
IMU,136455,-327,-311,966,-44,-22,81
IMU,136464,-332,-294,923,-46,-13,83
IMU,136474,-328,-293,889,-47,-6,85
IMU,136484,-324,-303,885,-49,0,86
IMU,136494,-326,-300,870,-51,4,85
IMU,136503,-338,-289,874,-55,8,84
IMU,136513,-352,-277,843,-59,12,84
IMU,136523,-374,-264,834,-64,13,85
IMU,136533,-400,-248,879,-69,12,85
IMU,136542,-440,-231,850,-75,10,86
IMU,136552,-458,-240,831,-82,4,87
IMU,136562,-455,-272,810,-87,-1,88
IMU,136572,-454,-308,824,-90,-8,88
IMU,136582,-460,-330,855,-91,-15,87
IMU,136591,-479,-343,845,-92,-22,85
IMU,136601,-490,-356,865,-91,-29,85
IMU,136611,-494,-371,872,-89,-34,86
IMU,136621,-501,-387,889,-87,-38,87
IMU,136630,-505,-411,876,-84,-41,89
IMU,136640,-496,-437,842,-80,-44,90
IMU,136650,-475,-463,825,-75,-46,91
IMU,136660,-461,-476,826,-69,-47,91
IMU,136669,-454,-469,825,-64,-47,90
IMU,136679,-461,-462,837,-57,-46,92
IMU,136689,-470,-461,855,-49,-45,94
IMU,136699,-462,-464,873,-42,-42,98
IMU,136708,-457,-463,864,-36,-39,102
IMU,136718,-460,-457,858,-30,-35,106
IMU,136728,-471,-438,824,-25,-32,110
IMU,136738,-472,-423,798,-22,-31,113
IMU,136748,-471,-419,781,-21,-32,114
IMU,136757,-457,-417,785,-19,-35,114
IMU,136767,-448,-398,826,-18,-38,113
IMU,136777,-457,-362,828,-18,-40,112
IMU,136787,-474,-328,829,-20,-43,112
IMU,136796,-491,-292,831,-24,-46,113
IMU,136806,-505,-275,828,-29,-50,113
IMU,136816,-516,-280,819,-34,-56,111
IMU,136826,-510,-311,805,-39,-63,107
IMU,136835,-479,-339,817,-43,-69,103
IMU,136845,-435,-360,828,-47,-71,98
IMU,136855,-411,-368,865,-51,-69,94
IMU,136865,-414,-366,859,-55,-65,90
IMU,136875,-431,-375,842,-57,-61,88
IMU,136884,-439,-393,876,-59,-59,87
IMU,136894,-434,-413,865,-60,-56,84
IMU,136904,-413,-435,873,-60,-54,82
IMU,136914,-406,-441,888,-60,-50,82
IMU,136923,-401,-426,899,-60,-45,82
IMU,136933,-397,-411,917,-60,-40,84
IMU,136943,-408,-401,919,-62,-36,86
IMU,136953,-440,-396,905,-63,-35,88
IMU,136962,-465,-398,893,-65,-37,90
IMU,136972,-471,-411,873,-68,-40,92
IMU,136982,-474,-421,895,-68,-45,94
IMU,136992,-475,-417,923,-69,-49,97
IMU,137001,-479,-405,953,-69,-51,100
IMU,137011,-475,-404,930,-70,-52,104
IMU,137021,-468,-411,944,-70,-53,109
IMU,137031,-468,-423,889,-70,-53,113
IMU,137041,-459,-440,904,-69,-56,114
IMU,137050,-459,-437,887,-68,-57,115
IMU,137060,-452,-429,885,-68,-59,115
IMU,137070,-437,-442,880,-68,-58,115
IMU,137080,-409,-465,896,-67,-57,115
IMU,137089,-407,-473,933,-66,-53,116
IMU,137099,-427,-466,944,-63,-50,116
IMU,137109,-441,-452,938,-61,-47,118
IMU,137119,-441,-445,940,-60,-45,120
IMU,137128,-434,-431,929,-58,-42,122
IMU,137138,-421,-420,921,-57,-40,123
IMU,137148,-408,-407,913,-57,-37,124
IMU,137158,-405,-385,887,-58,-34,126
IMU,137167,-407,-361,871,-60,-31,128
IMU,137177,-421,-330,859,-63,-29,130
IMU,137187,-442,-313,839,-67,-27,134
IMU,137197,-446,-318,862,-71,-28,137
IMU,137207,-425,-327,882,-73,-27,138
IMU,137216,-411,-332,868,-76,-26,138
IMU,137226,-406,-331,832,-80,-24,138
IMU,137236,-411,-329,805,-85,-22,137
IMU,137246,-422,-331,778,-90,-22,134
IMU,137256,-409,-329,819,-94,-25,129
IMU,137265,-413,-314,847,-98,-27,125
IMU,137276,-437,-299,818,-102,-31,119
IMU,137285,-447,-299,820,-106,-34,116
IMU,137294,-459,-293,833,-109,-37,113
IMU,137305,-473,-299,829,-112,-40,110
IMU,137314,-461,-315,840,-114,-44,105
IMU,137324,-451,-316,842,-115,-49,100
IMU,137333,-453,-306,848,-115,-54,96
IMU,137343,-462,-310,887,-114,-59,91
IMU,137353,-464,-326,904,-111,-64,86
IMU,137363,-452,-347,934,-107,-68,82
IMU,137373,-445,-350,954,-102,-70,79
IMU,137382,-446,-331,967,-96,-70,77
IMU,137392,-454,-306,944,-91,-69,76
IMU,137402,-462,-282,916,-87,-68,76
IMU,137412,-472,-262,880,-84,-67,76
IMU,137421,-479,-250,869,-82,-67,76
IMU,137431,-470,-238,865,-81,-65,76
IMU,137441,-459,-235,858,-80,-62,76
IMU,137451,-450,-257,858,-79,-56,76
IMU,137460,-433,-278,891,-78,-51,76
IMU,137470,-432,-288,912,-75,-44,73
IMU,137480,-450,-295,932,-71,-39,70
IMU,137490,-460,-286,939,-67,-37,66
IMU,137500,-477,-278,940,-63,-35,63
IMU,137509,-489,-268,948,-59,-35,59
IMU,137519,-499,-257,937,-56,-34,56
IMU,137529,-503,-255,933,-53,-35,53
IMU,137539,-500,-253,933,-51,-35,50
IMU,137548,-496,-246,930,-49,-36,47
IMU,137558,-498,-236,907,-47,-38,42
IMU,137568,-509,-228,903,-45,-40,38
IMU,137578,-518,-223,899,-44,-42,34
IMU,137587,-529,-219,885,-43,-45,30
IMU,137597,-541,-220,871,-43,-47,27
IMU,137607,-540,-231,865,-43,-50,24
IMU,137617,-531,-263,900,-42,-51,21
IMU,137626,-518,-281,915,-40,-51,18
IMU,137636,-517,-288,917,-37,-50,15
IMU,137646,-514,-289,909,-34,-47,12
IMU,137656,-500,-296,891,-31,-44,9
IMU,137666,-495,-296,888,-28,-41,7
IMU,137675,-497,-290,872,-25,-36,4
IMU,137685,-492,-279,860,-22,-32,2
IMU,137695,-489,-270,875,-19,-27,2
IMU,137705,-489,-257,886,-17,-22,2
IMU,137714,-491,-271,898,-13,-17,2
IMU,137724,-481,-287,922,-9,-11,2
IMU,137734,-473,-293,934,-5,-6,3
IMU,137744,-480,-294,927,-1,0,3
IMU,137753,-487,-283,914,1,4,4
IMU,137763,-501,-277,888,3,10,5
IMU,137773,-498,-272,894,5,13,5
IMU,137783,-497,-266,902,7,15,4
IMU,137792,-491,-266,900,8,17,3
IMU,137802,-469,-268,890,8,19,1
IMU,137812,-452,-276,902,9,22,-1
IMU,137822,-449,-278,909,9,26,-4
IMU,137832,-451,-275,903,9,28,-7
IMU,137841,-448,-271,929,10,28,-11
IMU,137851,-447,-262,938,11,28,-16
IMU,137861,-455,-253,944,11,26,-20
IMU,137871,-452,-245,967,12,23,-24
IMU,137881,-446,-241,965,13,21,-27
IMU,137891,-448,-231,972,13,20,-29
IMU,137900,-455,-208,955,12,19,-30
IMU,137911,-463,-194,927,10,17,-31
IMU,137919,-463,-180,924,8,14,-31
IMU,137929,-459,-167,915,4,12,-31
IMU,137939,-459,-166,896,0,10,-31
IMU,137949,-459,-180,882,-5,8,-31
IMU,137958,-452,-193,889,-9,6,-31
IMU,137968,-439,-218,916,-14,4,-31
IMU,137978,-431,-243,927,-17,2,-32
IMU,137988,-428,-264,940,-20,1,-34
IMU,137998,-417,-281,952,-21,0,-35
IMU,138007,-410,-299,973,-21,0,-37
IMU,138017,-411,-311,976,-20,0,-40
IMU,138027,-424,-315,961,-18,0,-42
IMU,138037,-446,-317,936,-17,0,-43
IMU,138046,-459,-325,923,-16,-1,-44
IMU,138056,-462,-333,929,-15,-2,-44
IMU,138066,-454,-336,946,-15,-3,-44
IMU,138076,-458,-330,944,-14,-2,-44
IMU,138085,-459,-332,952,-13,-2,-43
IMU,138095,-444,-339,976,-11,-3,-43
IMU,138105,-423,-358,1007,-7,-3,-43
IMU,138115,-403,-374,1024,0,-2,-44
IMU,138125,-393,-376,1029,5,-1,-45
IMU,138134,-387,-367,1022,11,0,-46
IMU,138144,-399,-361,995,17,4,-46
IMU,138154,-409,-346,985,23,6,-45
IMU,138164,-396,-332,1009,28,9,-45
IMU,138173,-392,-321,1001,33,12,-44
IMU,138183,-395,-307,998,39,14,-43
IMU,138193,-401,-286,994,43,17,-42
IMU,138203,-408,-264,985,46,19,-40
IMU,138212,-408,-248,990,48,19,-38
IMU,138222,-410,-231,991,50,20,-36
IMU,138232,-417,-230,994,51,19,-35
IMU,138242,-424,-227,992,51,18,-34
IMU,138251,-419,-221,1002,51,16,-34
IMU,138261,-410,-217,973,49,15,-33
IMU,138271,-416,-204,930,46,15,-32
IMU,138281,-426,-193,896,41,14,-32
IMU,138291,-423,-182,879,36,12,-31
IMU,138300,-417,-182,859,29,10,-32
IMU,138310,-411,-186,871,23,7,-33
IMU,138320,-412,-186,888,17,4,-34
IMU,138330,-411,-190,912,12,1,-35
IMU,138339,-408,-204,914,6,0,-36
IMU,138349,-399,-234,945,4,-1,-36
IMU,138360,-389,-249,976,1,-1,-37
IMU,138369,-389,-257,961,0,-1,-39
IMU,138379,-385,-275,949,0,0,-40
IMU,138388,-379,-296,934,0,0,-42
IMU,138398,-376,-322,949,1,1,-45
IMU,138409,-372,-342,969,4,3,-48
IMU,138417,-371,-341,977,6,6,-50
IMU,138428,-363,-347,1004,9,12,-50
IMU,138438,-357,-362,1019,12,18,-50
IMU,138447,-366,-379,1030,16,23,-50
IMU,138457,-376,-379,1039,19,28,-50
IMU,138466,-396,-382,1012,23,32,-49
IMU,138476,-416,-382,1010,27,33,-48
IMU,138486,-427,-376,1043,31,34,-46
IMU,138496,-427,-374,1047,33,36,-44
IMU,138505,-416,-391,1023,35,37,-41
IMU,138515,-402,-400,1023,36,39,-39
IMU,138525,-385,-408,1055,38,41,-38
IMU,138535,-374,-408,1024,38,43,-39
IMU,138544,-377,-394,988,38,43,-39
IMU,138554,-405,-356,976,37,43,-38
IMU,138564,-427,-320,956,33,42,-37
IMU,138574,-435,-315,938,28,39,-35
IMU,138583,-441,-304,929,23,36,-32
IMU,138593,-429,-290,948,17,33,-29
IMU,138603,-419,-293,934,10,30,-27
IMU,138613,-411,-297,944,3,26,-24
IMU,138623,-406,-303,927,-2,23,-23
IMU,138632,-389,-319,928,-9,19,-22
IMU,138642,-381,-313,902,-17,16,-22
IMU,138652,-382,-306,885,-25,12,-22
IMU,138662,-379,-304,890,-32,8,-23
IMU,138671,-372,-302,889,-39,4,-23
IMU,138681,-366,-306,894,-46,0,-22
IMU,138691,-371,-291,910,-52,-4,-21
IMU,138701,-363,-274,958,-56,-8,-18
IMU,138710,-352,-283,987,-60,-11,-15
IMU,138720,-350,-297,1011,-60,-14,-11
IMU,138730,-350,-304,1045,-59,-17,-7
IMU,138740,-321,-315,1047,-58,-19,-4
IMU,138750,-286,-341,1017,-57,-18,-2
IMU,138759,-264,-371,956,-56,-15,-1
IMU,138769,-267,-388,910,-55,-13,-1
IMU,138779,-276,-396,901,-55,-10,-2
IMU,138789,-287,-397,880,-56,-9,-4
IMU,138798,-316,-404,893,-55,-9,-5
IMU,138808,-331,-401,930,-53,-10,-4
IMU,138818,-331,-426,952,-52,-10,-3
IMU,138828,-314,-470,994,-48,-12,-3
IMU,138837,-299,-495,1011,-44,-12,-4
IMU,138847,-301,-515,1015,-37,-15,-6
IMU,138857,-315,-507,1024,-28,-18,-8
IMU,138867,-329,-476,1036,-19,-24,-9
IMU,138876,-324,-449,1044,-12,-27,-9
IMU,138886,-319,-429,998,-5,-30,-7
IMU,138896,-312,-415,962,0,-30,-4
IMU,138906,-315,-407,903,5,-28,0
IMU,138916,-304,-417,875,8,-27,2
IMU,138925,-263,-452,863,11,-25,3
IMU,138935,-214,-487,906,16,-21,0
IMU,138945,-203,-497,927,25,-14,-6
IMU,138955,-200,-525,967,34,-7,-14
IMU,138964,-199,-526,1013,44,0,-20
IMU,138974,-201,-548,1032,54,6,-26
IMU,138984,-214,-556,1035,63,11,-27
IMU,138994,-230,-537,985,68,13,-25
IMU,139003,-251,-480,961,72,15,-23
IMU,139013,-259,-440,897,76,15,-25
IMU,139023,-246,-425,876,76,14,-29
IMU,139033,-229,-426,845,74,15,-35
IMU,139042,-231,-424,831,71,14,-40
IMU,139052,-252,-399,840,66,13,-45
IMU,139062,-285,-364,866,61,10,-48
IMU,139072,-312,-331,906,55,6,-51
IMU,139082,-326,-306,904,50,1,-51
IMU,139091,-334,-288,882,43,-2,-51
IMU,139101,-342,-282,857,35,-7,-50
IMU,139111,-333,-289,840,26,-10,-50
IMU,139121,-313,-310,823,17,-14,-52
IMU,139130,-298,-336,802,9,-16,-55
IMU,139140,-293,-346,808,1,-18,-58
IMU,139150,-309,-352,830,-5,-18,-61
IMU,139160,-333,-366,866,-11,-19,-62
IMU,139169,-344,-379,926,-14,-19,-63
IMU,139179,-355,-397,944,-15,-18,-62
IMU,139189,-353,-417,967,-14,-17,-61
IMU,139199,-349,-436,979,-12,-14,-60
IMU,139208,-343,-456,983,-9,-12,-59
IMU,139218,-330,-484,985,-5,-8,-60
IMU,139228,-319,-499,980,0,-5,-61
IMU,139238,-317,-489,970,4,0,-61
IMU,139248,-325,-471,974,9,3,-61
IMU,139257,-334,-452,978,13,9,-59
IMU,139267,-351,-435,968,18,14,-56
IMU,139277,-363,-435,961,22,19,-52
IMU,139287,-363,-440,954,26,24,-48
IMU,139296,-370,-443,952,30,28,-45
IMU,139306,-421,-320,948,33,33,-40
IMU,139316,-351,-407,983,37,34,-38
IMU,139326,-337,-410,1008,44,42,-35
IMU,139335,-378,-399,993,52,45,-34
IMU,139345,-391,-402,1017,60,49,-32
IMU,139355,-401,-385,1001,69,52,-28
IMU,139365,-396,-384,987,77,56,-24
IMU,139375,-408,-396,971,84,60,-20
IMU,139384,-418,-402,938,91,64,-16
IMU,139394,-426,-411,906,97,64,-15
IMU,139404,-466,-341,901,100,61,-16
IMU,139414,-458,-365,879,98,52,-20
IMU,139423,-468,-334,855,91,44,-25
IMU,139433,-444,-320,875,83,38,-29
IMU,139443,-468,-281,894,73,33,-35
IMU,139453,-498,-251,865,61,24,-44
IMU,139462,-436,-276,912,53,18,-51
IMU,139472,-465,-222,849,44,16,-56
IMU,139482,-472,-218,880,36,10,-61
IMU,139492,-433,-264,882,29,7,-64
IMU,139501,-420,-259,891,25,3,-67
IMU,139511,-373,-314,935,22,4,-68
IMU,139521,-363,-324,936,22,12,-66
IMU,139531,-369,-311,955,23,20,-66
IMU,139541,-362,-311,978,25,26,-65
IMU,139550,-358,-311,943,27,31,-65
IMU,139560,-380,-297,919,28,32,-66
IMU,139570,-363,-337,933,28,31,-66
IMU,139580,-362,-367,939,30,32,-66
IMU,139589,-365,-389,956,32,31,-66
IMU,139599,-391,-376,954,33,31,-65
IMU,139609,-387,-362,962,33,30,-64
IMU,139619,-382,-362,951,34,30,-63
IMU,139628,-391,-329,961,36,30,-62
IMU,139638,-378,-322,961,37,32,-62
IMU,139648,-353,-345,954,40,34,-61
IMU,139658,-366,-350,942,44,37,-60
IMU,139667,-378,-332,933,46,39,-58
IMU,139677,-383,-320,925,49,41,-54
IMU,139687,-386,-316,943,49,43,-50
IMU,139697,-380,-309,939,49,45,-46
IMU,139707,-369,-293,940,47,47,-41
IMU,139716,-383,-296,942,42,50,-36
IMU,139726,-386,-303,946,37,51,-32
IMU,139736,-400,-321,952,34,50,-30
IMU,139746,-406,-325,957,34,48,-29
IMU,139755,-396,-332,964,36,47,-28
IMU,139765,-387,-323,981,39,47,-27
IMU,139775,-391,-306,979,41,49,-27
IMU,139785,-405,-289,964,42,51,-28
IMU,139794,-422,-281,942,42,49,-30
IMU,139804,-438,-270,918,42,43,-32
IMU,139814,-438,-257,904,42,37,-35
IMU,139824,-438,-240,886,44,33,-36
IMU,139833,-437,-220,874,44,30,-36
IMU,139843,-436,-204,865,45,27,-36
IMU,139853,-425,-194,855,43,23,-37
IMU,139863,-441,-203,847,39,15,-41
IMU,139873,-445,-209,873,36,5,-45
IMU,139882,-428,-222,894,34,-4,-50
IMU,139892,-425,-270,928,33,-10,-53
IMU,139902,-420,-283,952,35,-13,-54
IMU,139912,-438,-318,979,39,-15,-54
IMU,139921,-445,-325,987,45,-16,-53
IMU,139931,-446,-301,971,51,-17,-51
IMU,139941,-450,-284,941,54,-18,-50
IMU,139951,-457,-265,920,56,-21,-50
IMU,139960,-467,-245,901,54,-23,-50
IMU,139970,-460,-220,911,51,-26,-49
IMU,139980,-451,-221,920,46,-26,-46
IMU,139990,-450,-232,934,41,-25,-44
IMU,140000,-458,-251,949,39,-24,-42
IMU,140009,-461,-258,964,38,-24,-40
IMU,140019,-453,-250,962,38,-22,-37
IMU,140029,-432,-230,951,39,-19,-35
IMU,140039,-405,-209,928,37,-14,-32
IMU,140048,-401,-192,903,32,-7,-30
IMU,140058,-413,-202,915,25,-2,-27
IMU,140068,-420,-218,931,20,2,-23
IMU,140078,-419,-243,949,18,7,-19
IMU,140087,-426,-251,951,17,11,-15
IMU,140097,-423,-241,950,17,15,-12
IMU,140107,-408,-222,941,16,21,-8
IMU,140117,-407,-211,928,13,28,-4
IMU,140126,-417,-204,927,10,32,-1
IMU,140136,-427,-197,922,7,36,1
IMU,140146,-431,-195,919,5,38,2
IMU,140156,-441,-195,910,3,39,2
IMU,140166,-439,-196,918,0,38,0
IMU,140175,-441,-198,931,-2,38,0
IMU,140185,-449,-201,941,-4,38,-2
IMU,140195,-463,-215,954,-6,37,-3
IMU,140205,-480,-219,947,-6,35,-4
IMU,140214,-489,-214,940,-5,31,-5
IMU,140224,-484,-222,938,-5,25,-7
IMU,140234,-467,-234,954,-4,20,-8
IMU,140244,-455,-253,976,-3,18,-9
IMU,140253,-450,-272,998,0,17,-9
IMU,140264,-475,-288,996,4,17,-7
IMU,140273,-503,-288,983,10,15,-5
IMU,140284,-517,-271,960,16,9,-3
IMU,140293,-502,-251,949,20,4,-2
IMU,140302,-481,-232,940,23,2,-1
IMU,140313,-461,-217,933,24,1,0
IMU,140322,-457,-196,927,24,3,1
IMU,140332,-468,-187,912,23,4,2
IMU,140341,-498,-193,900,22,3,1
IMU,140351,-525,-187,893,21,0,0
IMU,140361,-524,-181,889,20,-2,-1
IMU,140371,-510,-183,898,19,-5,-1
IMU,140380,-485,-181,907,16,-5,0
IMU,140390,-470,-178,909,14,-2,0
IMU,140400,-473,-187,914,12,0,0
IMU,140410,-483,-185,906,12,0,0
IMU,140419,-492,-181,895,12,0,-1
IMU,140429,-496,-176,893,11,0,-3
IMU,140439,-496,-166,889,9,-1,-4
IMU,140449,-491,-163,892,7,0,-3
IMU,140458,-492,-163,896,5,0,-3
IMU,140468,-493,-162,894,3,0,-3
IMU,140478,-497,-163,882,1,1,-4
IMU,140488,-501,-164,880,0,0,-6
IMU,140498,-504,-166,879,-1,0,-8
IMU,140507,-492,-174,893,-3,-2,-10
IMU,140517,-479,-184,911,-4,-1,-11
IMU,140527,-483,-201,924,-5,0,-11
IMU,140537,-493,-225,939,-3,0,-10
IMU,140546,-501,-231,940,-1,1,-10
IMU,140556,-501,-231,936,1,1,-8
IMU,140566,-500,-218,922,4,2,-7
IMU,140576,-496,-198,902,6,3,-5
IMU,140585,-496,-180,888,5,4,-5
IMU,140595,-497,-163,880,3,4,-4
IMU,140605,-499,-153,875,1,5,-4
IMU,140615,-500,-150,872,0,5,-4
IMU,140625,-500,-146,861,-2,5,-4
IMU,140634,-506,-147,857,-5,4,-4
IMU,140644,-510,-147,852,-7,3,-4
IMU,140654,-512,-147,850,-10,2,-4
IMU,140664,-512,-147,852,-13,0,-4
IMU,140673,-498,-157,859,-16,-1,-3
IMU,140683,-481,-178,873,-19,-2,-3
IMU,140693,-471,-202,895,-20,-2,-3
IMU,140703,-463,-219,911,-19,-1,-4
IMU,140712,-459,-226,909,-17,0,-5
IMU,140722,-462,-224,901,-14,0,-8
IMU,140732,-459,-215,902,-12,0,-10
IMU,140742,-458,-196,893,-11,0,-10
IMU,140751,-463,-182,888,-10,1,-11
IMU,140761,-479,-178,882,-10,2,-10
IMU,140771,-485,-172,881,-10,2,-10
IMU,140781,-500,-168,875,-10,3,-9
IMU,140791,-513,-167,875,-10,2,-8
IMU,140800,-517,-160,870,-11,1,-8
IMU,140810,-508,-155,872,-12,1,-8
IMU,140820,-498,-157,875,-15,1,-8
IMU,140830,-501,-166,878,-19,2,-9
IMU,140839,-502,-177,883,-22,2,-10
IMU,140849,-505,-197,890,-23,1,-13
IMU,140859,-502,-216,904,-23,0,-16
IMU,140869,-493,-228,914,-22,-1,-18
IMU,140878,-480,-239,926,-20,-1,-19
IMU,140888,-480,-250,935,-17,0,-19
IMU,140898,-498,-257,930,-14,3,-18
IMU,140908,-514,-260,931,-10,3,-16
IMU,140917,-527,-261,921,-7,3,-14
IMU,140927,-534,-255,912,-4,2,-11
IMU,140937,-533,-237,893,-2,2,-9
IMU,140947,-526,-225,879,-3,1,-8
IMU,140957,-523,-217,877,-4,2,-8
IMU,140966,-528,-214,874,-7,3,-7
IMU,140976,-537,-215,869,-9,5,-7
IMU,140986,-544,-220,863,-11,5,-7
IMU,140996,-541,-219,854,-13,4,-7
IMU,141005,-535,-216,848,-15,5,-7
IMU,141015,-531,-220,839,-18,5,-8
IMU,141025,-527,-227,837,-21,5,-9
IMU,141035,-526,-227,832,-23,6,-9
IMU,141044,-536,-240,837,-25,7,-8
IMU,141054,-541,-251,848,-27,7,-5
IMU,141064,-554,-254,848,-26,7,-1
IMU,141074,-572,-260,855,-25,7,2
IMU,141083,-572,-257,852,-23,4,5
IMU,141093,-555,-259,862,-22,1,6
IMU,141103,-531,-265,876,-21,0,6
IMU,141113,-510,-272,888,-21,-1,4
IMU,141123,-510,-280,894,-20,-2,0
IMU,141132,-518,-295,905,-18,-4,-3
IMU,141142,-531,-305,910,-15,-7,-6
IMU,141152,-539,-308,916,-12,-11,-9
IMU,141162,-539,-309,919,-8,-14,-10
IMU,141171,-537,-306,917,-4,-17,-10
IMU,141181,-531,-297,914,-1,-18,-10
IMU,141191,-535,-291,906,0,-19,-8
IMU,141201,-546,-285,901,2,-19,-6
IMU,141210,-558,-271,891,3,-20,-5
IMU,141220,-568,-263,882,4,-22,-3
IMU,141230,-564,-255,882,5,-24,-1
IMU,141240,-547,-242,884,6,-26,0
IMU,141250,-537,-233,890,6,-26,1
IMU,141259,-537,-223,887,6,-25,2
IMU,141269,-539,-213,891,5,-25,3
IMU,141280,-539,-208,887,5,-26,4
IMU,141290,-538,-213,887,5,-26,4
IMU,141298,-536,-218,893,4,-28,3
IMU,141309,-518,-227,901,5,-29,2
IMU,141318,-503,-230,906,5,-28,1
IMU,141328,-499,-230,904,6,-26,1
IMU,141338,-508,-226,893,6,-24,1
IMU,141347,-517,-221,883,5,-23,1
IMU,141357,-524,-216,878,4,-24,1
IMU,141368,-513,-218,881,2,-24,1
IMU,141376,-501,-220,881,0,-24,2
IMU,141386,-495,-230,888,-1,-23,2
IMU,141396,-492,-240,893,-3,-22,3
IMU,141406,-489,-252,902,-5,-22,3
IMU,141416,-485,-263,910,-5,-23,2
IMU,141425,-481,-268,911,-4,-23,2
IMU,141435,-477,-269,918,-3,-23,2
IMU,141445,-468,-271,920,-2,-22,2
IMU,141455,-462,-274,932,-1,-20,3
IMU,141464,-464,-274,932,0,-18,5
IMU,141474,-476,-271,927,2,-15,7
IMU,141484,-493,-262,920,4,-13,8
IMU,141494,-501,-250,913,6,-13,9
IMU,141503,-501,-230,907,8,-13,11
IMU,141513,-497,-205,902,9,-12,13
IMU,141523,-498,-176,891,8,-10,14
IMU,141533,-504,-159,882,5,-8,15
IMU,141542,-513,-146,873,2,-7,15
IMU,141552,-526,-134,865,0,-8,14
IMU,141562,-533,-127,860,-4,-10,12
IMU,141572,-530,-122,863,-8,-13,9
IMU,141582,-518,-124,872,-12,-14,7
IMU,141591,-508,-124,877,-16,-15,5
IMU,141601,-506,-134,885,-20,-14,5
IMU,141611,-505,-152,893,-23,-14,4
IMU,141621,-506,-174,905,-24,-15,3
IMU,141630,-503,-197,921,-24,-16,2
IMU,141640,-498,-212,941,-23,-16,2
IMU,141650,-488,-213,939,-21,-14,2
IMU,141660,-481,-212,933,-20,-13,3
IMU,141669,-483,-209,931,-20,-11,4
IMU,141679,-484,-207,925,-20,-10,5
IMU,141689,-493,-208,927,-20,-9,5
IMU,141699,-496,-209,927,-20,-9,6
IMU,141708,-494,-207,928,-19,-9,6
IMU,141718,-491,-201,924,-18,-9,6
IMU,141728,-488,-190,922,-18,-8,6
IMU,141738,-490,-182,911,-18,-8,5
IMU,141748,-492,-173,905,-19,-8,5
IMU,141757,-495,-176,908,-20,-9,4
IMU,141767,-492,-181,908,-20,-9,4
IMU,141777,-490,-191,915,-21,-9,4
IMU,141787,-491,-194,917,-20,-9,3
IMU,141796,-493,-192,915,-19,-9,3
IMU,141806,-491,-188,917,-18,-8,3
IMU,141816,-485,-182,907,-18,-7,4
IMU,141826,-487,-175,898,-19,-5,4
IMU,141835,-492,-170,882,-21,-4,5
IMU,141845,-497,-165,875,-23,-3,4
IMU,141855,-501,-161,873,-25,-4,3
IMU,141865,-491,-167,888,-27,-5,2
IMU,141875,-480,-170,898,-28,-4,1
IMU,141884,-475,-181,917,-28,-3,1
IMU,141894,-474,-181,915,-27,-1,0
IMU,141904,-480,-182,911,-26,0,0
IMU,141914,-492,-184,903,-26,0,-1
IMU,141923,-492,-184,901,-26,-1,-3
IMU,141933,-493,-183,900,-26,0,-3
IMU,141943,-493,-187,900,-26,0,-4
IMU,141953,-496,-191,902,-27,0,-4
IMU,141962,-497,-195,908,-27,0,-4
IMU,141972,-495,-197,907,-27,1,-4
IMU,141982,-493,-196,903,-27,1,-5
IMU,141992,-490,-197,898,-28,1,-6
IMU,142001,-484,-205,910,-29,1,-7
IMU,142011,-481,-215,914,-28,3,-7
IMU,142021,-486,-229,919,-27,5,-7
IMU,142031,-496,-236,918,-25,6,-6
IMU,142041,-501,-238,913,-23,8,-4
IMU,142050,-509,-233,906,-22,8,-2
IMU,142060,-513,-218,892,-22,9,0
IMU,142070,-516,-199,874,-23,9,2
IMU,142080,-527,-184,865,-25,9,4
IMU,142089,-529,-173,859,-28,8,6
IMU,142099,-523,-169,853,-32,5,6
IMU,142109,-523,-179,861,-37,1,5
IMU,142119,-499,-204,889,-39,-2,3
IMU,142128,-483,-224,908,-40,-4,1
IMU,142138,-472,-251,931,-38,-6,-1
IMU,142148,-468,-265,933,-35,-7,-4
IMU,142158,-475,-266,927,-30,-8,-7
IMU,142167,-480,-257,919,-27,-11,-9
IMU,142177,-480,-251,908,-25,-14,-11
IMU,142187,-472,-245,906,-24,-17,-13
IMU,142197,-465,-240,906,-24,-20,-15
IMU,142207,-463,-250,904,-24,-23,-18
IMU,142216,-453,-264,907,-25,-26,-20
IMU,142226,-436,-285,906,-25,-29,-22
SPM,132629,35.11
SPM,135677,37.76
SPM,138713,0.00
SPM,141750,0.00
GPS,142636,59.417007,17.982065,3.98,1.99,16,0.80,17.00,40.92
GPS,142969,59.417014,17.982077,3.98,2.55,16,0.80,16.70,40.92
GPS,143642,59.417014,17.982077,3.04,2.55,16,0.80,16.70,40.92
GPS,143974,59.417020,17.982082,3.04,3.17,16,0.80,16.40,40.92
GPS,144638,59.417020,17.982082,1.13,3.17,16,0.80,16.40,40.92
GPS,144960,59.417024,17.982077,1.13,3.65,16,0.80,16.30,40.92
GPS,145634,59.417024,17.982077,2.06,3.65,16,0.80,16.30,40.92
GPS,145966,59.417027,17.982070,2.06,4.02,16,0.80,16.10,40.92
GPS,146630,59.417027,17.982070,1.93,4.02,16,0.80,16.10,40.92
GPS,146943,59.417027,17.982072,1.93,4.03,16,0.80,16.10,40.92
GPS,147617,59.417027,17.982072,0.00,4.03,16,0.80,16.10,40.92
GPS,147949,59.417027,17.982073,0.00,3.96,16,0.80,15.90,40.92
GPS,148613,59.417027,17.982073,0.00,3.96,16,0.80,15.90,40.92
GPS,148945,59.417027,17.982074,0.00,4.01,15,0.80,15.90,40.92
GPS,149619,59.417027,17.982074,0.00,4.01,15,0.80,15.90,40.92
GPS,149951,59.417028,17.982075,0.00,4.05,15,0.80,15.90,40.92
GPS,150616,59.417028,17.982075,0.00,4.05,15,0.80,15.90,40.92
GPS,150957,59.417022,17.982077,0.00,3.38,15,0.80,16.20,40.92
GPS,151621,59.417022,17.982077,2.44,3.38,15,0.80,16.20,40.92
GPS,152011,59.417020,17.982077,2.44,3.17,15,0.80,17.10,40.92
IMU,142236,-423,-305,910,-25,-31,-23
IMU,142246,-408,-328,920,-24,-32,-23
IMU,142255,-395,-349,930,-22,-32,-21
IMU,142265,-388,-363,935,-19,-30,-17
IMU,142275,-394,-370,937,-15,-27,-12
IMU,142285,-409,-359,923,-11,-24,-6
IMU,142294,-420,-342,914,-9,-22,0
IMU,142304,-422,-316,897,-10,-20,7
IMU,142314,-431,-295,887,-13,-18,15
IMU,142324,-446,-282,883,-18,-17,22
IMU,142333,-453,-271,885,-23,-17,28
IMU,142343,-452,-261,889,-29,-18,33
IMU,142353,-443,-262,908,-34,-20,37
IMU,142363,-424,-266,913,-38,-22,39
IMU,142373,-409,-276,933,-41,-24,38
IMU,142382,-388,-282,950,-43,-25,37
IMU,142392,-370,-286,952,-43,-24,34
IMU,142402,-372,-287,952,-42,-24,31
IMU,142412,-380,-285,935,-42,-25,26
IMU,142421,-382,-283,919,-43,-28,21
IMU,142431,-376,-290,917,-44,-31,17
IMU,142441,-367,-298,917,-45,-33,12
IMU,142451,-369,-300,912,-45,-33,9
IMU,142460,-379,-298,903,-45,-32,6
IMU,142470,-387,-292,882,-45,-32,4
IMU,142480,-400,-283,861,-45,-32,4
IMU,142490,-412,-268,835,-46,-32,4
IMU,142500,-413,-261,821,-49,-34,4
IMU,142509,-399,-270,825,-52,-35,5
IMU,142519,-387,-287,844,-55,-34,6
IMU,142529,-392,-303,863,-56,-32,8
IMU,142539,-400,-319,871,-55,-31,8
IMU,142548,-413,-333,873,-54,-31,8
IMU,142558,-418,-344,879,-52,-32,8
IMU,142568,-416,-348,883,-50,-32,9
IMU,142578,-415,-345,878,-46,-31,12
IMU,142587,-423,-331,860,-44,-30,14
IMU,142597,-430,-329,847,-43,-32,16
IMU,142607,-426,-337,865,-43,-35,17
IMU,142617,-406,-347,888,-41,-36,19
IMU,142626,-407,-358,907,-37,-36,19
IMU,142636,-423,-359,909,-31,-36,19
IMU,142646,-431,-347,900,-27,-39,17
IMU,142656,-428,-337,895,-23,-41,14
IMU,142666,-424,-325,895,-19,-43,13
IMU,142675,-423,-310,890,-17,-42,12
IMU,142685,-429,-294,877,-14,-42,12
IMU,142695,-437,-285,865,-13,-43,11
IMU,142705,-442,-285,866,-13,-44,10
IMU,142714,-437,-290,881,-12,-45,9
IMU,142724,-432,-294,886,-9,-44,8
IMU,142734,-431,-298,893,-6,-42,8
IMU,142744,-429,-288,885,-3,-41,7
IMU,142753,-425,-277,880,-1,-39,6
IMU,142763,-420,-269,876,-1,-37,6
IMU,142773,-416,-268,877,0,-35,5
IMU,142783,-413,-263,879,0,-32,3
IMU,142792,-409,-265,878,0,-30,2
IMU,142802,-407,-271,882,-1,-28,1
IMU,142812,-404,-278,892,-1,-27,0
IMU,142822,-397,-289,896,-1,-26,-1
IMU,142832,-387,-301,907,-1,-24,-1
IMU,142841,-382,-309,908,-1,-23,-1
IMU,142851,-380,-330,923,-1,-21,-1
IMU,142861,-366,-342,935,0,-19,0
IMU,142871,-355,-355,940,1,-16,2
IMU,142880,-347,-362,933,3,-12,4
IMU,142890,-340,-353,907,3,-7,6
IMU,142900,-351,-343,885,1,-3,7
IMU,142910,-363,-334,870,-2,-1,9
IMU,142919,-367,-334,866,-8,-1,10
IMU,142929,-355,-354,891,-14,-3,12
IMU,142939,-333,-381,931,-17,-3,14
IMU,142949,-303,-412,977,-18,-4,15
IMU,142958,-278,-449,1016,-14,-2,16
IMU,142969,-259,-468,1040,-7,0,16
IMU,142978,-254,-474,1013,-1,0,14
IMU,142988,-248,-469,992,3,-1,12
IMU,142998,-238,-454,984,6,-3,9
IMU,143007,-238,-444,972,7,-4,6
IMU,143018,-249,-449,961,9,-8,1
IMU,143027,-246,-462,976,9,-12,-2
IMU,143037,-227,-472,992,12,-16,-6
IMU,143047,-217,-474,1008,15,-17,-9
IMU,143056,-212,-468,1029,21,-16,-15
IMU,143066,-207,-479,1010,29,-14,-22
IMU,143076,-207,-487,1043,38,-12,-28
IMU,143085,-202,-488,1008,48,-9,-32
IMU,143095,-187,-478,1017,57,0,-35
IMU,143105,-169,-463,943,63,4,-35
IMU,143115,-164,-443,902,63,8,-31
IMU,143125,-166,-425,832,52,10,-23
IMU,143134,-177,-421,766,37,5,-14
IMU,143144,-205,-351,818,23,0,-7
IMU,143154,-209,-353,824,13,-3,-7
IMU,143164,-213,-386,871,6,-4,-8
IMU,143173,-202,-409,917,4,-4,-9
IMU,143183,-192,-422,941,4,-2,-8
IMU,143193,-197,-409,951,4,1,-6
IMU,143203,-201,-389,937,2,4,-4
IMU,143212,-215,-370,911,-1,5,-4
IMU,143222,-239,-359,901,-8,2,-7
IMU,143232,-255,-368,899,-14,-2,-13
IMU,143242,-253,-388,928,-18,-9,-20
IMU,143251,-221,-412,958,-20,-14,-26
IMU,143261,-195,-427,966,-21,-15,-31
IMU,143271,-183,-421,960,-23,-15,-35
IMU,143281,-185,-421,948,-26,-15,-39
IMU,143291,-213,-425,934,-30,-16,-42
IMU,143300,-241,-427,916,-33,-19,-45
IMU,143310,-267,-437,913,-36,-25,-48
IMU,143320,-351,-557,931,-35,-33,-49
IMU,143330,-361,-571,1115,-30,-49,-48
IMU,143339,-298,-572,1107,-24,-54,-45
IMU,143349,-257,-578,1052,-19,-45,-39
IMU,143359,-222,-567,1097,-17,-36,-32
IMU,143369,-258,-558,1049,-10,-30,-29
IMU,143378,-287,-568,1027,-6,-32,-25
IMU,143388,-314,-562,1011,0,-39,-21
IMU,143398,-319,-511,993,4,-48,-17
IMU,143408,-286,-442,995,5,-56,-14
IMU,143417,-206,-426,984,3,-58,-12
IMU,143427,-162,-386,959,-3,-50,-7
IMU,143437,-189,-381,880,-13,-40,-3
IMU,143447,-277,-426,857,-18,-39,0
IMU,143457,-324,-441,926,-21,-44,-1
IMU,143466,-317,-450,930,-20,-51,-1
IMU,143476,-283,-458,992,-19,-57,-1
IMU,143487,-224,-452,1009,-21,-57,2
IMU,143496,-220,-464,1038,-22,-54,6
IMU,143506,-262,-497,1065,-23,-49,11
IMU,143516,-317,-533,1049,-22,-48,16
IMU,143525,-348,-550,1048,-18,-52,20
IMU,143536,-481,-769,1091,-22,-65,49
IMU,143544,-276,-535,869,-14,-98,58
IMU,143554,-280,-584,1039,9,-116,58
IMU,143565,-279,-599,1138,12,-119,69
IMU,143574,-173,-477,1019,24,-117,75
IMU,143583,-160,-335,1189,16,-106,57
IMU,143594,-233,-472,1133,9,-88,48
IMU,143603,-219,-468,1034,7,-81,48
IMU,143613,-183,-418,1001,4,-84,47
IMU,143623,-133,-432,990,2,-96,44
IMU,143632,-67,-429,1089,4,-100,42
IMU,143642,-24,-442,1121,0,-93,37
IMU,143652,7,-454,1096,0,-85,35
IMU,143662,32,-435,1093,-1,-73,34
IMU,143671,36,-411,1046,-3,-62,32
IMU,143681,31,-401,1025,-3,-51,32
IMU,143691,44,-363,1026,-6,-43,28
IMU,143701,33,-358,1004,-11,-32,21
IMU,143710,6,-367,996,-17,-23,17
IMU,143720,-11,-354,979,-24,-17,12
IMU,143730,37,-391,987,-33,-9,12
IMU,143740,-70,-565,1379,-27,3,13
IMU,143750,-190,-599,1336,-20,31,18
IMU,143759,-131,-461,1088,-15,44,17
IMU,143769,-94,-380,971,-10,41,5
IMU,143779,-74,-323,941,-8,35,-7
IMU,143789,-38,-337,985,-13,36,-14
IMU,143798,-45,-343,1037,-20,43,-15
IMU,143808,-103,-342,1066,-27,53,-19
IMU,143818,-176,-318,986,-25,56,-30
IMU,143828,-240,-279,916,-18,45,-50
IMU,143837,-220,-321,883,-10,32,-68
IMU,143847,-244,-525,1113,-4,30,-70
IMU,143857,-184,-588,1096,0,34,-62
IMU,143867,-219,-491,1059,10,38,-54
IMU,143876,-236,-393,1022,17,37,-54
IMU,143886,-209,-418,951,21,32,-51
IMU,143896,-203,-395,949,22,28,-47
IMU,143906,-203,-411,943,21,24,-40
IMU,143916,-210,-422,960,17,22,-32
IMU,143925,-196,-447,947,12,18,-24
IMU,143935,-206,-497,965,7,12,-19
IMU,143945,-195,-526,1068,6,8,-17
IMU,143955,-181,-529,1057,6,3,-17
IMU,143964,-171,-501,1017,7,-1,-16
IMU,143974,-160,-428,1001,8,-5,-15
IMU,143984,-161,-401,995,7,-7,-13
IMU,143994,-158,-371,975,8,-6,-9
IMU,144003,-160,-359,950,8,-5,-5
IMU,144013,-165,-360,939,10,-3,0
IMU,144023,-164,-386,955,16,-2,7
IMU,144033,-141,-392,945,20,-1,11
IMU,144042,-113,-407,999,25,-1,13
IMU,144052,-95,-439,1024,28,-1,15
IMU,144062,-67,-440,1020,31,0,16
IMU,144072,-62,-450,999,33,0,15
IMU,144082,-64,-464,1000,34,0,15
IMU,144091,-116,-435,984,32,2,17
IMU,144101,-120,-411,931,31,2,22
IMU,144111,-118,-424,945,34,3,26
IMU,144121,-114,-425,951,39,7,32
IMU,144130,-92,-400,936,45,12,37
IMU,144140,-60,-408,922,52,16,39
IMU,144150,-64,-436,918,60,18,39
IMU,144161,-81,-423,983,65,17,37
IMU,144170,-83,-412,1049,67,20,34
IMU,144179,-139,-426,1057,69,26,30
IMU,144189,-93,-544,1052,90,36,37
IMU,144199,-181,-144,626,62,22,31
IMU,144208,-232,-526,1165,89,2,29
IMU,144219,14,-325,1070,29,19,67
IMU,144228,-166,-214,925,-18,-25,58
IMU,144239,-305,-84,1004,-31,-20,59
IMU,144249,-316,24,1169,-27,-20,38
IMU,144257,-184,-101,1194,-15,-9,25
IMU,144267,-109,-225,1150,-12,9,29
IMU,144277,-125,-249,1002,-12,15,35
IMU,144287,-161,-246,1007,-11,13,41
IMU,144296,-192,-203,1031,-10,8,37
IMU,144306,-238,-255,1099,-3,8,25
IMU,144316,-272,-287,1140,-1,13,20
IMU,144326,-279,-316,1034,-2,15,16
IMU,144335,-278,-336,1042,0,12,11
IMU,144345,-299,-334,1067,0,6,11
IMU,144355,-324,-276,1063,-1,-6,14
IMU,144365,-271,-254,1053,1,-13,12
IMU,144375,-211,-252,1100,8,-11,10
IMU,144384,-185,-291,1042,15,-2,9
IMU,144394,-186,-297,952,19,2,12
IMU,144404,-196,-280,962,20,4,15
IMU,144414,-183,-279,987,18,6,20
IMU,144423,-192,-270,1019,14,10,24
IMU,144433,-224,-268,965,17,14,27
IMU,144443,-252,-264,940,26,13,30
IMU,144453,-240,-258,964,34,10,33
IMU,144462,-232,-235,1039,36,10,36
IMU,144472,-225,-231,1036,37,13,38
IMU,144482,-211,-190,979,44,13,38
IMU,144492,-204,-169,1037,53,15,33
IMU,144501,-223,-164,1057,51,21,28
IMU,144511,-252,-157,1014,43,23,23
IMU,144521,-251,-183,998,38,21,19
IMU,144531,-237,-230,1005,41,19,19
IMU,144541,-234,-227,989,56,20,22
IMU,144550,-262,-202,1006,65,22,25
IMU,144560,-307,-156,1028,59,23,25
IMU,144570,-365,-121,981,35,14,20
IMU,144580,-340,-175,1081,10,9,15
IMU,144589,-302,-235,1047,4,7,17
IMU,144599,-258,-286,1029,28,10,23
IMU,144609,-298,-260,1012,50,9,32
IMU,144619,-359,-129,991,67,0,40
IMU,144628,-393,17,1071,50,-13,38
IMU,144638,-359,83,1239,8,-20,26
IMU,144648,-323,43,1251,-25,-11,9
IMU,144658,-283,-80,1136,-44,0,-5
IMU,144667,-275,-198,1009,-42,1,-12
IMU,144678,-288,-249,970,-28,0,-11
IMU,144688,-304,-252,1030,-17,-2,-8
IMU,144697,-284,-277,1061,-4,-5,0
IMU,144708,-201,-261,990,24,-1,5
IMU,144716,-223,-269,916,48,3,7
IMU,144726,-236,-248,900,73,5,14
IMU,144737,-282,-130,940,80,4,18
IMU,144746,-338,-5,987,70,0,19
IMU,144755,-367,18,1104,46,-5,16
IMU,144765,-343,40,1129,12,-9,16
IMU,144775,-314,7,1154,-8,-5,13
IMU,144785,-269,-60,1068,-16,1,10
IMU,144794,-260,-85,982,-14,3,3
IMU,144804,-284,-98,1018,-18,5,-3
IMU,144814,-339,-95,1064,-30,5,-8
IMU,144824,-394,-98,1032,-48,-3,-10
IMU,144833,-413,-110,1068,-64,-22,-8
IMU,144843,-352,-147,1129,-68,-32,-6
IMU,144853,-203,-199,1144,-55,-26,-6
IMU,144863,-225,-262,1011,-16,-11,-9
IMU,144873,-225,-315,842,28,-12,0
IMU,144882,-249,-194,942,56,-13,8
IMU,144892,-252,-93,1036,60,-8,12
IMU,144902,-287,-26,1047,41,-4,13
IMU,144912,-293,-13,1044,15,-3,14
IMU,144921,-287,-32,1076,-6,0,15
IMU,144931,-280,-58,1017,-23,2,15
IMU,144941,-277,-67,1012,-32,2,12
IMU,144951,-268,-109,1096,-36,4,6
IMU,144960,-317,-136,1049,-39,5,1
IMU,144970,-338,-136,1006,-39,0,-2
IMU,144980,-337,-174,1021,-42,-11,-3
IMU,144990,-315,-176,1035,-37,-21,-2
IMU,145000,-275,-165,1075,-21,-21,-4
IMU,145009,-261,-175,1093,-5,-14,-8
IMU,145019,-268,-177,1023,10,-9,-9
IMU,145029,-283,-165,1004,20,-8,-6
IMU,145039,-286,-156,1017,22,-7,-2
IMU,145048,-287,-135,1008,18,-6,1
IMU,145058,-274,-106,1018,9,-5,4
IMU,145068,-273,-107,1039,0,-3,5
IMU,145078,-286,-107,1032,-6,-1,5
IMU,145087,-294,-113,1049,-12,-1,5
IMU,145097,-300,-123,1046,-17,-2,5
IMU,145107,-314,-125,1028,-20,-6,6
IMU,145117,-296,-117,1060,-19,-9,5
IMU,145126,-282,-122,1082,-17,-7,2
IMU,145136,-282,-140,1047,-13,-5,0
IMU,145146,-284,-153,1016,-7,-5,0
IMU,145156,-274,-157,1014,-2,-5,0
IMU,145166,-272,-147,1018,0,-4,2
IMU,145175,-278,-135,1020,1,-4,3
IMU,145185,-281,-129,1038,0,-4,3
IMU,145195,-279,-129,1045,-1,-3,3
IMU,145205,-282,-130,1037,0,-2,4
IMU,145214,-282,-126,1038,0,-2,4
IMU,145224,-218,-181,1094,0,2,5
IMU,145234,-214,-243,938,16,11,12
IMU,145244,-223,-263,859,49,14,24
IMU,145253,-345,-49,1154,10,6,32
IMU,145263,-368,56,1040,-37,-3,27
IMU,145273,-266,-169,1046,-64,-19,14
IMU,145283,-334,-78,980,-38,-25,26
IMU,145292,-264,-134,1111,-31,-22,9
IMU,145302,-343,-141,1134,-26,-16,7
IMU,145312,-296,-136,1108,-15,-8,5
IMU,145322,-323,-110,1029,-2,-9,0
IMU,145332,-278,-174,1075,7,-8,0
IMU,145341,-300,-107,1066,7,-6,0
IMU,145351,-284,-129,1007,8,-6,0
IMU,145361,-299,-102,1014,4,-7,0
IMU,145371,-281,-103,1034,0,-6,0
IMU,145380,-274,-108,1042,-6,-5,0
IMU,145390,-284,-110,1028,-11,-3,0
IMU,145400,-280,-127,1027,-14,-4,0
IMU,145410,-280,-129,1046,-14,-4,1
IMU,145419,-281,-134,1053,-13,-3,0
IMU,145429,-289,-137,1037,-11,-3,0
IMU,145439,-294,-137,1034,-7,-4,0
IMU,145449,-289,-132,1047,-4,-5,0
IMU,145458,-288,-129,1040,-3,-4,0
IMU,145468,-294,-124,1025,-3,-4,0
IMU,145478,-289,-123,1022,-4,-5,0
IMU,145488,-286,-121,1033,-6,-5,0
IMU,145498,-281,-125,1034,-7,-4,0
IMU,145507,-284,-125,1031,-8,-4,0
IMU,145517,-281,-131,1032,-8,-5,0
IMU,145527,-280,-130,1038,-7,-5,0
IMU,145537,-280,-132,1041,-6,-5,1
IMU,145546,-282,-130,1040,-6,-5,0
IMU,145556,-284,-128,1037,-5,-4,0
IMU,145566,-287,-125,1035,-6,-4,0
IMU,145576,-286,-125,1036,-6,-4,0
IMU,145585,-288,-126,1034,-7,-4,0
IMU,145595,-290,-127,1027,-7,-4,0
IMU,145605,-285,-130,1034,-7,-4,0
IMU,145615,-285,-130,1034,-7,-4,0
IMU,145625,-284,-131,1035,-7,-5,0
IMU,145634,-283,-130,1036,-6,-5,1
IMU,145644,-281,-130,1040,-5,-5,1
IMU,145654,-283,-125,1041,-6,-5,1
IMU,145664,-287,-126,1043,-7,-5,0
IMU,145673,-289,-125,1040,-7,-4,0
IMU,145683,-289,-127,1035,-7,-4,0
IMU,145693,-290,-128,1034,-6,-4,0
IMU,145703,-293,-127,1031,-6,-4,0
IMU,145712,-290,-127,1030,-6,-5,0
IMU,145722,-288,-130,1033,-6,-5,0
IMU,145732,-281,-134,1031,-6,-5,0
IMU,145742,-272,-137,1023,-5,-5,0
IMU,145751,-272,-133,1021,-4,-5,0
IMU,145761,-279,-132,1036,-6,-5,1
IMU,145771,-286,-128,1058,-12,-5,1
IMU,145781,-277,-136,1055,-15,-4,2
IMU,145791,-277,-140,1016,-10,-3,1
IMU,145800,-293,-130,1006,-4,-5,1
IMU,145810,-286,-127,1041,-2,-7,1
IMU,145820,-283,-116,1054,-5,-5,1
IMU,145830,-288,-120,1030,-7,-4,1
IMU,145839,-290,-123,1037,-9,-4,1
IMU,145849,-281,-137,1041,-10,-4,1
IMU,145859,-287,-139,1020,-9,-4,1
IMU,145869,-290,-141,1021,-7,-5,1
IMU,145878,-282,-139,1044,-6,-6,1
IMU,145889,-282,-133,1051,-8,-5,1
IMU,145898,-284,-132,1040,-8,-4,1
IMU,145908,-284,-134,1031,-6,-4,0
IMU,145917,-282,-133,1034,-5,-5,0
IMU,145927,-285,-125,1033,-3,-5,0
IMU,145937,-285,-124,1033,-3,-5,0
IMU,145947,-284,-120,1039,-5,-5,0
IMU,145957,-281,-125,1043,-8,-4,0
IMU,145966,-283,-132,1032,-9,-3,0
IMU,145976,-282,-141,1029,-9,-4,0
IMU,145986,-279,-140,1033,-8,-4,0
IMU,145996,-282,-139,1036,-7,-4,0
IMU,146005,-286,-138,1038,-7,-4,0
IMU,146015,-288,-137,1042,-7,-4,0
IMU,146025,-290,-135,1037,-6,-4,0
IMU,146035,-290,-132,1032,-5,-5,0
IMU,146044,-287,-130,1033,-4,-5,0
IMU,146054,-286,-127,1038,-4,-5,0
IMU,146064,-282,-126,1037,-6,-4,0
IMU,146074,-281,-128,1038,-7,-4,0
IMU,146083,-280,-134,1034,-8,-4,0
IMU,146093,-281,-136,1030,-8,-4,0
IMU,146103,-281,-140,1031,-7,-4,0
IMU,146113,-284,-138,1035,-7,-4,0
IMU,146123,-285,-136,1036,-6,-4,1
IMU,146132,-287,-135,1034,-6,-4,0
IMU,146142,-289,-135,1032,-6,-4,1
IMU,146152,-287,-134,1034,-6,-4,0
IMU,146162,-287,-132,1035,-5,-5,0
IMU,146171,-283,-131,1032,-5,-5,0
IMU,146181,-283,-130,1033,-6,-5,0
IMU,146191,-280,-133,1039,-7,-5,1
IMU,146201,-284,-134,1033,-7,-4,1
IMU,146210,-285,-138,1032,-7,-4,1
IMU,146220,-284,-140,1028,-7,-5,1
IMU,146230,-289,-139,1023,-7,-6,2
IMU,146240,-291,-147,1021,-9,-7,4
IMU,146250,-284,-128,1032,-10,-9,5
IMU,146259,-277,-129,1047,-10,-8,4
IMU,146269,-272,-129,1058,-11,-6,3
IMU,146279,-282,-133,1032,-11,-4,1
IMU,146289,-287,-136,1030,-10,-4,1
IMU,146298,-283,-140,1040,-9,-4,1
IMU,146308,-283,-139,1040,-8,-4,1
IMU,146318,-285,-141,1030,-7,-4,0
IMU,146328,-286,-139,1031,-5,-5,0
IMU,146337,-280,-136,1040,-5,-5,0
IMU,146347,-279,-136,1041,-5,-4,0
IMU,146358,-284,-137,1031,-5,-4,0
IMU,146367,-282,-136,1032,-5,-4,0
IMU,146377,-281,-135,1041,-6,-4,0
IMU,146387,-284,-137,1035,-7,-3,0
IMU,146396,-289,-139,1029,-7,-4,0
IMU,146406,-288,-139,1032,-7,-4,0
IMU,146416,-283,-139,1038,-7,-4,0
IMU,146425,-282,-140,1036,-6,-4,0
IMU,146435,-281,-139,1033,-6,-4,0
IMU,146445,-279,-138,1035,-6,-4,0
IMU,146455,-275,-138,1038,-6,-4,0
IMU,146464,-279,-138,1034,-6,-4,0
IMU,146474,-281,-135,1034,-6,-4,0
IMU,146484,-282,-136,1037,-6,-4,0
IMU,146494,-284,-138,1035,-6,-4,0
IMU,146503,-288,-138,1033,-7,-4,0
IMU,146513,-288,-139,1035,-7,-4,0
IMU,146523,-288,-136,1036,-6,-4,0
IMU,146533,-286,-139,1033,-6,-4,0
IMU,146542,-282,-138,1035,-6,-4,0
IMU,146552,-280,-140,1035,-6,-4,0
IMU,146562,-279,-139,1035,-6,-4,0
IMU,146572,-280,-141,1035,-6,-4,0
IMU,146582,-282,-140,1036,-6,-4,0
IMU,146591,-284,-140,1036,-6,-4,0
IMU,146601,-286,-138,1035,-6,-4,0
IMU,146611,-287,-137,1032,-6,-4,0
IMU,146621,-287,-138,1035,-6,-4,0
IMU,146630,-285,-139,1036,-6,-4,0
IMU,146640,-284,-141,1038,-6,-4,0
IMU,146650,-282,-141,1036,-6,-4,0
IMU,146660,-280,-138,1034,-6,-4,0
IMU,146669,-279,-140,1037,-6,-4,0
IMU,146679,-280,-141,1038,-6,-4,0
IMU,146689,-282,-140,1037,-7,-4,0
IMU,146699,-284,-141,1033,-7,-4,0
IMU,146708,-286,-141,1031,-6,-4,0
IMU,146718,-287,-141,1032,-6,-4,0
IMU,146728,-286,-138,1034,-6,-4,0
IMU,146738,-288,-137,1034,-6,-4,0
IMU,146748,-284,-139,1036,-6,-4,0
IMU,146757,-283,-137,1035,-6,-4,0
IMU,146767,-279,-139,1036,-6,-4,0
IMU,146777,-278,-139,1031,-6,-4,0
IMU,146787,-281,-141,1034,-6,-4,0
IMU,146796,-282,-141,1035,-6,-4,0
IMU,146806,-284,-139,1034,-6,-4,0
IMU,146816,-287,-140,1034,-7,-4,0
IMU,146826,-286,-141,1032,-7,-4,0
IMU,146835,-286,-142,1034,-7,-4,0
IMU,146845,-286,-144,1032,-6,-4,0
IMU,146855,-285,-142,1036,-6,-4,0
IMU,146865,-283,-141,1034,-6,-4,0
IMU,146875,-281,-141,1035,-6,-4,0
IMU,146884,-281,-142,1036,-6,-4,0
IMU,146894,-281,-142,1036,-6,-4,0
IMU,146904,-283,-141,1035,-6,-4,0
IMU,146914,-285,-141,1030,-6,-4,0
IMU,146923,-286,-141,1033,-6,-4,0
IMU,146933,-288,-142,1035,-6,-4,0
IMU,146943,-286,-142,1035,-6,-4,0
IMU,146953,-285,-142,1035,-6,-4,0
IMU,146962,-282,-143,1036,-6,-4,0
IMU,146972,-282,-140,1035,-6,-4,0
IMU,146982,-281,-142,1036,-6,-4,0
IMU,146992,-282,-141,1035,-6,-4,0
IMU,147001,-282,-142,1038,-7,-4,0
IMU,147011,-282,-144,1035,-7,-4,0
IMU,147021,-286,-144,1030,-7,-4,0
IMU,147031,-285,-143,1031,-7,-4,0
IMU,147041,-286,-141,1034,-6,-4,0
IMU,147050,-285,-141,1033,-6,-4,0
IMU,147060,-282,-141,1034,-6,-5,1
IMU,147070,-282,-141,1034,-6,-4,1
IMU,147081,-281,-144,1033,-6,-5,1
IMU,147089,-281,-143,1034,-6,-5,1
IMU,147099,-282,-143,1034,-7,-5,1
IMU,147110,-282,-143,1032,-7,-4,1
IMU,147119,-286,-143,1032,-8,-5,1
IMU,147129,-287,-144,1030,-7,-5,1
IMU,147139,-290,-150,1027,-8,-5,2
IMU,147148,-293,-148,1017,-8,-6,3
IMU,147158,-286,-136,1026,-8,-8,4
IMU,147167,-273,-135,1053,-8,-7,2
IMU,147177,-274,-135,1051,-9,-5,1
IMU,147187,-282,-141,1029,-10,-4,1
IMU,147197,-284,-146,1026,-9,-4,1
IMU,147207,-282,-148,1040,-8,-4,1
IMU,147216,-284,-148,1041,-8,-4,1
IMU,147226,-289,-150,1031,-7,-4,0
IMU,147236,-288,-147,1029,-6,-5,0
IMU,147246,-283,-147,1039,-5,-5,0
IMU,147255,-280,-146,1035,-5,-5,0
IMU,147265,-282,-146,1030,-5,-4,0
IMU,147275,-279,-143,1033,-5,-5,0
IMU,147285,-278,-144,1037,-6,-4,0
IMU,147294,-281,-143,1035,-6,-4,0
IMU,147304,-281,-142,1032,-7,-4,0
IMU,147314,-284,-145,1032,-7,-4,0
IMU,147324,-284,-146,1037,-7,-4,0
IMU,147333,-288,-146,1034,-7,-4,0
IMU,147343,-285,-145,1033,-7,-4,0
IMU,147353,-285,-147,1034,-6,-4,0
IMU,147363,-283,-146,1033,-6,-4,0
IMU,147373,-281,-145,1036,-6,-4,0
IMU,147382,-277,-145,1036,-6,-4,0
IMU,147392,-279,-146,1036,-6,-4,0
IMU,147402,-281,-147,1034,-6,-4,0
IMU,147412,-283,-144,1034,-6,-4,0
IMU,147421,-283,-144,1034,-6,-4,0
IMU,147431,-285,-147,1031,-6,-4,0
IMU,147441,-285,-145,1031,-6,-4,0
IMU,147451,-285,-148,1033,-7,-4,0
IMU,147460,-283,-147,1035,-6,-4,0
IMU,147470,-283,-148,1034,-6,-4,0
IMU,147480,-282,-148,1033,-6,-4,0
IMU,147490,-282,-149,1037,-6,-4,0
IMU,147500,-281,-146,1032,-6,-4,0
IMU,147509,-283,-147,1034,-6,-4,0
IMU,147519,-283,-148,1036,-6,-4,0
IMU,147529,-284,-147,1032,-6,-4,0
IMU,147539,-287,-146,1030,-6,-4,0
IMU,147548,-286,-147,1032,-6,-4,0
IMU,147558,-283,-148,1035,-6,-4,0
IMU,147568,-284,-148,1034,-6,-4,0
IMU,147578,-284,-148,1032,-6,-4,0
IMU,147587,-281,-147,1035,-6,-4,0
IMU,147597,-280,-148,1036,-6,-4,0
IMU,147607,-282,-147,1031,-6,-4,0
IMU,147617,-281,-149,1028,-5,-4,0
IMU,147627,-280,-149,1024,-4,-4,0
IMU,147636,-285,-141,1026,-4,-5,0
IMU,147647,-286,-142,1053,-8,-4,0
IMU,147656,-282,-149,1056,-11,-3,0
IMU,147666,-287,-151,1019,-10,-2,0
IMU,147676,-292,-153,1008,-6,-4,0
IMU,147685,-285,-151,1022,-3,-6,0
IMU,147695,-276,-147,1039,-2,-5,1
IMU,147705,-279,-141,1035,-4,-4,0
IMU,147714,-281,-144,1037,-7,-4,0
IMU,147724,-280,-148,1040,-10,-3,0
IMU,147734,-282,-153,1031,-10,-3,0
IMU,147744,-288,-156,1026,-8,-3,0
IMU,147753,-289,-152,1032,-6,-4,0
IMU,147763,-287,-148,1041,-5,-5,1
IMU,147773,-285,-147,1043,-5,-4,0
IMU,147783,-288,-147,1031,-5,-4,0
IMU,147792,-288,-145,1024,-4,-5,0
IMU,147802,-285,-142,1030,-5,-5,0
IMU,147812,-286,-144,1036,-6,-4,0
IMU,147822,-289,-146,1036,-7,-4,0
IMU,147832,-282,-153,1028,-7,-4,1
IMU,147841,-286,-151,1032,-6,-3,1
IMU,147851,-281,-156,1031,-7,-4,0
IMU,147861,-282,-153,1026,-6,-4,0
IMU,147871,-286,-153,1033,-6,-5,0
IMU,147880,-284,-150,1040,-6,-4,0
IMU,147890,-284,-149,1040,-6,-4,0
IMU,147900,-286,-147,1029,-5,-4,0
IMU,147910,-282,-147,1027,-4,-5,0
IMU,147919,-281,-144,1034,-4,-5,0
IMU,147929,-282,-142,1035,-5,-4,0
IMU,147939,-282,-146,1035,-7,-4,0
IMU,147949,-284,-149,1034,-9,-3,0
IMU,147958,-286,-152,1033,-9,-3,0
IMU,147968,-287,-156,1028,-8,-3,0
IMU,147978,-286,-157,1030,-7,-4,0
IMU,147988,-286,-156,1034,-5,-5,0
IMU,147998,-285,-150,1034,-4,-5,0
IMU,148007,-283,-147,1035,-4,-5,0
IMU,148017,-282,-148,1034,-5,-4,0
IMU,148027,-282,-149,1033,-6,-4,0
IMU,148037,-283,-149,1032,-6,-4,0
IMU,148046,-282,-149,1031,-6,-4,0
IMU,148056,-284,-150,1034,-7,-4,0
IMU,148066,-285,-152,1036,-7,-4,0
IMU,148076,-288,-154,1033,-7,-4,0
IMU,148085,-288,-151,1033,-7,-4,0
IMU,148095,-286,-152,1032,-6,-4,0
IMU,148105,-285,-151,1032,-5,-4,0
IMU,148115,-282,-150,1032,-5,-5,0
IMU,148125,-284,-148,1029,-5,-5,0
IMU,148134,-281,-148,1035,-5,-5,0
IMU,148144,-278,-148,1033,-6,-4,0
IMU,148154,-280,-149,1031,-7,-4,0
IMU,148164,-284,-150,1032,-7,-4,0
IMU,148173,-285,-153,1033,-7,-4,0
IMU,148183,-287,-152,1030,-7,-4,0
IMU,148193,-288,-153,1032,-6,-4,0
IMU,148203,-287,-152,1032,-6,-4,0
IMU,148212,-286,-151,1031,-5,-4,0
IMU,148222,-285,-151,1032,-5,-4,0
IMU,148232,-285,-150,1035,-5,-4,0
IMU,148242,-282,-150,1031,-6,-4,0
IMU,148251,-284,-150,1032,-6,-4,0
IMU,148261,-283,-151,1030,-6,-4,0
IMU,148271,-284,-151,1033,-6,-4,0
IMU,148281,-284,-151,1033,-6,-4,0
IMU,148291,-286,-152,1030,-6,-4,0
IMU,148300,-286,-150,1029,-6,-4,0
IMU,148310,-286,-153,1034,-6,-4,0
IMU,148320,-287,-153,1034,-6,-4,0
IMU,148330,-286,-152,1032,-6,-4,0
IMU,148339,-285,-150,1031,-6,-4,0
IMU,148349,-286,-151,1031,-5,-4,0
IMU,148359,-285,-151,1034,-5,-4,0
IMU,148369,-286,-151,1030,-6,-4,0
IMU,148378,-284,-148,1034,-6,-4,0
IMU,148388,-282,-154,1032,-7,-4,0
IMU,148399,-284,-153,1025,-6,-4,0
IMU,148408,-284,-152,1025,-5,-5,0
IMU,148418,-284,-149,1041,-6,-5,0
IMU,148428,-284,-148,1047,-7,-4,0
IMU,148437,-289,-148,1039,-8,-3,0
IMU,148448,-290,-154,1026,-8,-4,0
IMU,148457,-290,-154,1025,-6,-4,0
IMU,148466,-286,-152,1028,-4,-5,0
IMU,148476,-284,-148,1030,-3,-5,0
IMU,148486,-279,-147,1031,-4,-5,0
IMU,148496,-253,-163,1011,-3,-4,0
IMU,148505,-300,-126,1018,-4,-4,1
IMU,148515,-287,-153,1076,-13,-4,0
IMU,148525,-286,-139,1087,-24,0,1
IMU,148535,-269,-192,980,-16,0,1
IMU,148544,-304,-163,994,-5,-6,1
IMU,148554,-290,-171,1007,4,-8,1
IMU,148564,-294,-137,1068,0,-8,0
IMU,148574,-275,-137,1039,-1,-5,0
IMU,148583,-285,-144,1049,-7,-4,0
IMU,148593,-289,-148,1031,-10,-2,0
IMU,148603,-289,-163,1009,-10,-3,0
IMU,148613,-282,-159,1004,-6,-5,0
IMU,148623,-277,-158,1022,-2,-5,1
IMU,148632,-281,-146,1048,-5,-5,0
IMU,148642,-283,-144,1064,-10,-3,0
IMU,148652,-279,-162,1036,-13,-2,0
IMU,148662,-289,-165,1014,-9,-3,0
IMU,148671,-287,-163,1011,-3,-5,0
IMU,148681,-281,-156,1027,0,-6,0
IMU,148691,-287,-138,1043,0,-6,0
IMU,148701,-291,-137,1056,-6,-4,0
IMU,148710,-294,-150,1045,-12,-3,0
IMU,148720,-294,-160,1024,-13,-2,0
IMU,148730,-291,-170,1003,-9,-3,0
IMU,148740,-288,-165,1012,-3,-6,0
IMU,148750,-281,-157,1033,-1,-6,0
IMU,148759,-279,-143,1052,-4,-5,0
IMU,148769,-270,-152,1052,-8,-4,0
IMU,148779,-276,-153,1031,-9,-3,0
IMU,148789,-272,-162,1018,-6,-4,0
IMU,148798,-277,-154,1029,-3,-5,0
IMU,148808,-278,-150,1038,-2,-5,0
IMU,148818,-286,-139,1040,-5,-5,1
IMU,148828,-288,-143,1046,-8,-4,0
IMU,148837,-293,-155,1035,-9,-3,0
IMU,148847,-296,-160,1015,-8,-3,0
IMU,148857,-296,-164,1008,-6,-4,0
IMU,148867,-293,-161,1016,-4,-5,0
IMU,148876,-287,-159,1033,-5,-5,0
IMU,148886,-286,-159,1041,-8,-4,0
IMU,148896,-287,-165,1035,-10,-3,0
IMU,148906,-287,-165,1019,-8,-5,0
IMU,148916,-282,-162,1019,-3,-8,1
IMU,148925,-275,-152,1038,0,-9,1
IMU,148935,-273,-142,1049,0,-7,1
IMU,148945,-275,-139,1043,-3,-5,0
IMU,148955,-280,-142,1037,-6,-4,0
IMU,148964,-276,-155,1029,-8,-3,0
IMU,148974,-283,-155,1024,-8,-3,0
IMU,148984,-289,-156,1020,-8,-4,0
IMU,148994,-288,-160,1031,-8,-4,0
IMU,149003,-289,-162,1036,-9,-4,0
IMU,149013,-286,-167,1034,-9,-3,0
IMU,149023,-296,-163,1023,-8,-4,0
IMU,149033,-287,-165,1024,-5,-5,0
IMU,149042,-290,-156,1029,-3,-5,0
IMU,149052,-288,-152,1036,-2,-5,0
IMU,149062,-278,-154,1035,-3,-5,0
IMU,149072,-288,-140,1026,-4,-5,0
IMU,149083,-272,-153,1030,-6,-4,0
IMU,149092,-284,-148,1029,-7,-4,0
IMU,149101,-278,-155,1029,-8,-4,0
IMU,149112,-280,-158,1032,-7,-3,0
IMU,149121,-287,-158,1031,-10,-4,0
IMU,149130,-274,-170,1043,-9,-3,0
IMU,149141,-295,-161,1025,-7,-3,0
IMU,149150,-287,-162,1022,-5,-5,0
IMU,149160,-281,-162,1039,-4,-5,0
IMU,149169,-293,-143,1039,-3,-5,0
IMU,149179,-281,-156,1036,-5,-4,0
IMU,149189,-287,-150,1019,-3,-4,0
IMU,149199,-279,-158,1027,-4,-5,0
IMU,149208,-285,-152,1029,-6,-4,0
IMU,149218,-271,-175,1019,-8,-3,0
IMU,149228,-288,-157,1021,-8,-4,0
IMU,149238,-278,-173,1028,-8,-4,0
IMU,149248,-288,-157,1046,-9,-4,0
IMU,149257,-288,-164,1034,-7,-3,0
IMU,149267,-294,-159,1024,-6,-4,0
IMU,149277,-293,-154,1039,-4,-5,0
IMU,149287,-287,-158,1044,-4,-5,0
IMU,149296,-294,-148,1037,-5,-4,0
IMU,149306,-290,-159,1024,-5,-4,0
IMU,149316,-295,-150,1028,-5,-5,0
IMU,149326,-288,-155,1036,-5,-5,0
IMU,149335,-285,-158,1036,-6,-4,0
IMU,149345,-286,-158,1028,-7,-4,0
IMU,149355,-284,-161,1031,-8,-4,0
IMU,149365,-281,-164,1032,-7,-4,0
IMU,149375,-284,-164,1027,-6,-4,0
IMU,149384,-284,-162,1028,-5,-5,0
IMU,149394,-277,-160,1032,-4,-5,0
IMU,149404,-282,-155,1031,-4,-5,0
IMU,149414,-281,-154,1033,-4,-5,0
IMU,149423,-279,-151,1039,-6,-4,0
IMU,149433,-280,-155,1030,-7,-4,0
IMU,149443,-284,-154,1025,-7,-4,0
IMU,149453,-282,-158,1034,-7,-4,0
IMU,149462,-285,-160,1032,-7,-4,0
IMU,149472,-290,-161,1028,-6,-4,0
IMU,149482,-287,-161,1025,-6,-4,0
IMU,149492,-287,-159,1035,-6,-4,0
IMU,149501,-286,-161,1033,-6,-4,0
IMU,149511,-287,-158,1028,-6,-4,0
IMU,149521,-286,-158,1029,-5,-4,0
IMU,149531,-285,-157,1035,-5,-4,0
IMU,149541,-283,-154,1033,-5,-4,0
IMU,149550,-286,-156,1028,-5,-4,0
IMU,149560,-283,-155,1029,-5,-4,0
IMU,149570,-282,-156,1033,-6,-4,0
IMU,149580,-283,-159,1031,-7,-4,0
IMU,149589,-285,-160,1029,-7,-4,0
IMU,149599,-284,-161,1030,-7,-4,0
IMU,149610,-284,-160,1032,-7,-4,0
IMU,149619,-286,-159,1032,-6,-4,0
IMU,149629,-284,-160,1033,-6,-4,0
IMU,149639,-282,-158,1033,-5,-4,0
IMU,149648,-284,-155,1033,-5,-4,0
IMU,149659,-286,-156,1031,-5,-4,0
IMU,149667,-284,-156,1030,-5,-4,0
IMU,149677,-285,-158,1029,-6,-4,0
IMU,149687,-285,-158,1028,-6,-4,0
IMU,149697,-284,-158,1030,-6,-4,0
IMU,149707,-284,-159,1033,-7,-4,0
IMU,149717,-285,-163,1030,-7,-4,0
IMU,149726,-288,-161,1028,-7,-4,0
IMU,149736,-286,-161,1030,-6,-4,0
IMU,149746,-284,-159,1032,-5,-4,0
IMU,149755,-288,-155,1028,-5,-4,0
IMU,149765,-286,-157,1030,-5,-4,0
IMU,149775,-285,-157,1033,-5,-4,0
IMU,149785,-284,-157,1028,-6,-4,0
IMU,149794,-284,-157,1029,-6,-4,0
IMU,149804,-284,-158,1032,-6,-4,0
IMU,149814,-282,-158,1032,-7,-4,0
IMU,149824,-277,-157,992,-10,-4,1
IMU,149833,-268,-145,971,-29,-1,-3
IMU,149843,-301,-258,1028,-46,4,-3
IMU,149853,-358,-372,926,-70,8,10
IMU,149863,-357,-344,920,-82,4,26
IMU,149873,-313,-276,1047,-83,4,30
IMU,149882,-304,-234,1045,-69,3,27
IMU,149892,-275,-184,1044,-49,-1,22
IMU,149902,-209,-83,1116,-15,-9,10
IMU,149912,-165,-17,1190,15,-9,-11
IMU,149921,-227,-76,1137,32,-5,-25
IMU,149931,-259,-88,1021,41,-7,-30
IMU,149941,-367,-59,1100,29,2,-19
IMU,149951,-373,31,764,-50,7,8
IMU,149960,-268,109,639,-116,-5,10
IMU,149970,-153,142,1432,-150,51,3
IMU,149981,-225,-62,1658,-269,140,26
IMU,149991,-320,-19,1550,-331,254,36
IMU,150000,-486,-703,1128,-142,177,16
IMU,150010,-280,-543,956,8,90,66
IMU,150019,-229,-471,849,113,8,86
IMU,150029,-200,-356,591,103,-47,127
IMU,150039,-247,-87,546,107,-109,148
IMU,150048,-243,-68,674,125,-138,163
IMU,150058,-124,-250,814,145,-115,181
IMU,150068,-676,63,767,134,-82,181
IMU,150078,-483,-6,1125,-12,-102,123
IMU,150087,-397,-169,1084,-55,-113,103
IMU,150097,-302,-161,1189,-46,-90,107
IMU,150107,-233,-71,1369,-31,-42,87
IMU,150117,-186,-141,1218,24,19,78
IMU,150126,-290,-64,1116,31,62,60
IMU,150136,-458,-100,973,-2,50,27
IMU,150146,-436,-214,813,-27,46,15
IMU,150156,-476,-300,760,-21,12,7
IMU,150166,-455,-345,745,-1,-23,11
IMU,150175,-425,-254,862,-4,-55,19
IMU,150185,-387,-129,932,4,-75,19
IMU,150195,-335,-61,992,19,-85,14
IMU,150205,-307,-121,1069,25,-85,6
IMU,150214,-293,-138,1085,18,-68,-3
IMU,150224,-324,-363,1127,2,-38,-5
IMU,150234,-288,-305,1141,-8,-28,4
IMU,150244,-228,-180,1053,-2,-25,10
IMU,150253,-258,-205,1035,-7,-18,11
IMU,150263,-329,-160,1044,-10,-16,9
IMU,150273,-361,-143,1010,-5,-14,0
IMU,150283,-402,-154,972,6,-17,-15
IMU,150292,-520,-321,945,17,-15,-17
IMU,150302,-543,-333,972,12,-18,13
IMU,150312,-473,-224,997,8,-21,42
IMU,150322,-364,-75,1085,1,-18,64
IMU,150332,-279,26,1113,-4,-4,61
IMU,150341,-209,-8,1122,-2,8,41
IMU,150351,-181,-110,1079,1,16,19
IMU,150361,-250,-188,1014,2,22,0
IMU,150371,-360,-316,945,4,21,-11
IMU,150380,-481,-421,844,8,8,0
IMU,150390,-499,-322,850,20,-20,30
IMU,150400,-423,-90,947,11,-35,59
IMU,150410,-246,124,1057,1,-49,59
IMU,150419,-212,283,1156,13,-41,44
IMU,150429,-202,206,1168,2,-5,8
IMU,150439,-269,56,1084,-17,19,-19
IMU,150449,-361,-189,1003,-39,27,-19
IMU,150458,-401,-269,996,-28,23,-6
IMU,150468,-424,-265,1006,-1,11,9
IMU,150478,-391,-168,1035,14,11,15
IMU,150488,-367,-113,959,4,23,9
IMU,150498,-389,-99,864,-11,14,10
IMU,150508,-378,-105,886,-5,-20,22
IMU,150517,-372,-121,983,-6,-26,23
IMU,150528,-357,-185,1011,-1,-24,7
IMU,150538,-317,-207,1031,0,-15,-11
IMU,150546,-333,-205,944,2,-9,-27
IMU,150557,-421,-236,820,5,-28,-38
IMU,150566,-455,-278,784,9,-54,-37
IMU,150576,-467,-296,849,5,-77,-21
IMU,150585,-416,-299,1024,0,-85,0
IMU,150595,-390,-294,1150,0,-70,22
IMU,150605,-348,-237,1245,1,-53,47
IMU,150616,-328,-144,1226,5,-14,53
IMU,150625,-299,-114,1141,2,8,51
IMU,150634,-283,-106,1056,-9,23,42
IMU,150644,-317,-138,956,-19,26,36
IMU,150654,-313,-141,918,-15,16,36
IMU,150664,-268,-64,911,-17,5,33
IMU,150673,-252,-54,943,-21,-13,25
IMU,150683,-234,-45,1016,-19,-22,16
IMU,150693,-231,-110,1080,-18,-26,10
IMU,150703,-237,-90,1118,-25,-20,14
IMU,150712,-242,-94,1121,-28,-9,20
IMU,150722,-224,-94,1100,-32,-1,31
IMU,150732,-187,-53,1077,-34,0,40
IMU,150742,-157,5,1078,-33,-1,43
IMU,150751,-142,32,1091,-29,-7,36
IMU,150761,-132,34,1128,-23,-11,27
IMU,150771,-130,29,1137,-16,-9,20
IMU,150781,-140,-2,1119,-13,-6,16
IMU,150791,-141,-28,1108,-12,-5,19
IMU,150800,-126,-36,1088,-15,-5,26
IMU,150810,-102,-18,1073,-18,-10,33
IMU,150820,-75,-35,1084,-20,-16,39
IMU,150830,-67,-31,1098,-23,-23,45
IMU,150839,-68,-4,1121,-32,-32,49
IMU,150849,-39,-10,1140,-43,-41,52
IMU,150859,11,-25,1159,-47,-47,66
IMU,150869,-30,16,1183,-50,-39,72
IMU,150878,-30,-19,1200,-63,-29,73
IMU,150888,-3,-11,1144,-74,-22,75
IMU,150898,-28,-98,1109,-72,-22,80
IMU,150908,-117,-147,1164,-51,-29,104
IMU,150917,-105,-27,1138,-28,-27,127
IMU,150927,-94,33,1118,-21,-21,141
IMU,150937,-89,71,1308,-16,5,149
IMU,150947,5,130,1055,-34,19,145
IMU,150957,-10,75,1030,-29,24,123
IMU,150966,-188,67,945,-53,1,107
IMU,150976,-224,-60,1030,-59,-10,100
IMU,150986,-175,-193,1035,-60,-21,106
IMU,150996,-213,-202,1055,-55,-33,120
IMU,151005,-238,-168,1041,-54,-35,132
IMU,151015,-273,-148,1042,-49,-36,142
IMU,151025,-290,-155,1070,-37,-42,158
IMU,151035,-267,-139,1105,-28,-37,177
IMU,151044,-150,-70,943,16,-44,189
IMU,151054,-134,-152,908,96,-43,188
IMU,151064,-197,-195,660,203,20,212
IMU,151074,-226,-273,435,333,60,251
IMU,151083,-228,-206,683,495,14,266
IMU,151093,-374,64,950,316,-189,297
IMU,151103,-361,542,1683,188,-281,276
IMU,151113,-300,179,1743,155,-132,275
IMU,151123,-104,336,1373,18,26,220
IMU,151132,-162,284,1251,-50,16,156
IMU,151142,-254,313,1148,-36,16,124
IMU,151152,-271,283,1043,-14,13,102
IMU,151162,-263,195,1036,-5,5,96
IMU,151171,-242,171,1099,10,5,97
IMU,151181,-257,170,1064,27,9,94
IMU,151191,-330,195,996,32,13,88
IMU,151201,-342,177,920,15,3,76
IMU,151210,-325,137,939,-10,-4,64
IMU,151220,-316,110,945,-31,-1,55
IMU,151230,-348,115,930,-43,0,47
IMU,151240,-389,80,904,-51,-1,46
IMU,151250,-389,8,1125,-51,14,63
IMU,151259,-386,-95,1061,-59,25,99
IMU,151269,-359,-81,1025,-83,26,143
IMU,151279,-333,-143,724,-102,1,187
IMU,151289,-273,-169,482,-97,-47,227
IMU,151298,-184,-60,534,-66,-98,246
IMU,151308,-123,54,666,-35,-127,232
IMU,151318,-91,118,871,-8,-143,202
IMU,151328,-98,166,1012,3,-139,184
IMU,151337,-109,245,1078,11,-134,177
IMU,151347,-223,570,2650,6,7,106
IMU,151357,-322,130,1417,-57,101,78
IMU,151367,-355,62,1129,-2,85,73
IMU,151376,-273,90,1039,-21,44,86
IMU,151386,-207,132,1069,-26,21,87
IMU,151396,-190,121,1060,-31,15,83
IMU,151406,-187,116,1082,-25,17,81
IMU,151416,-220,120,1049,-22,23,82
IMU,151425,-235,152,1031,-22,27,84
IMU,151435,-244,174,1044,-25,32,86
IMU,151445,-238,203,1087,-26,39,88
IMU,151455,-242,184,1053,-24,49,86
IMU,151464,-231,199,1028,-20,61,81
IMU,151474,-227,233,1021,-22,71,75
IMU,151484,-397,276,783,-77,46,39
IMU,151494,-410,230,1086,-69,14,37
IMU,151503,-277,146,1158,-46,6,28
IMU,151513,-213,150,1073,-25,1,20
IMU,151523,-215,131,1068,-18,-1,15
IMU,151533,-220,117,1069,-15,-1,13
IMU,151542,-205,143,1065,-12,-2,11
IMU,151552,-208,167,1064,-10,-3,6
IMU,151562,-212,142,1056,-8,-3,1
IMU,151572,-188,111,1069,-6,-4,-2
IMU,151582,-173,92,1082,-5,-3,1
IMU,151591,-210,127,1053,-8,-3,7
IMU,151601,-225,185,1032,-11,-3,8
IMU,151611,-198,198,1057,-14,-4,8
IMU,151621,-188,133,1079,-10,-5,2
IMU,151630,-199,68,1082,-8,-4,1
IMU,151640,-198,75,1076,-7,-4,3
IMU,151650,-203,123,1058,-6,-5,1
IMU,151660,-205,126,1065,-6,-5,1
IMU,151669,-203,126,1063,-5,-4,0
IMU,151679,-201,127,1061,-6,-4,0
IMU,151689,-202,127,1064,-5,-4,0
IMU,151699,-200,127,1062,-6,-4,0
IMU,151708,-201,126,1063,-5,-4,0
IMU,151718,-204,126,1063,-6,-4,0
IMU,151729,-205,126,1063,-6,-4,0
IMU,151738,-206,127,1063,-6,-4,0
IMU,151748,-209,128,1064,-6,-4,0
IMU,151757,-208,129,1063,-5,-4,0
IMU,151767,-209,128,1061,-5,-4,0
IMU,151777,-207,128,1064,-5,-4,0
IMU,151787,-205,127,1063,-5,-4,0
IMU,151796,-208,115,1062,-5,-4,0
IMU,151806,-218,94,1063,-7,-3,6
IMU,151816,-224,86,1055,-7,-2,10
IMU,151826,-214,102,1063,-8,-1,15
IMU,151835,-202,121,1068,-9,-1,15
IMU,151845,-171,172,1046,-10,-3,15
IMU,151855,-143,281,1066,-7,-4,8
IMU,151865,-179,205,1058,-7,-3,0
IMU,151875,-207,101,1073,-8,-1,8
IMU,151884,-218,111,1072,-11,0,19
IMU,151894,-208,155,1061,-17,2,20
IMU,151904,-192,187,1075,-24,7,15
IMU,151914,-180,185,1099,-33,12,9
IMU,151923,-159,161,1195,-35,33,7
IMU,151933,-211,98,1250,-17,57,10
IMU,151943,-255,77,1293,-8,81,15
IMU,151953,-262,54,1153,-13,98,18
IMU,151962,-308,0,1065,-29,97,28
IMU,151972,-284,124,1096,-29,109,27
IMU,151982,-237,115,1031,-27,98,24
IMU,151992,-233,120,1019,-22,90,18
IMU,152001,-252,75,1012,-33,76,12
IMU,152011,-281,206,915,-27,67,6
IMU,152021,-303,54,942,-56,39,-1
IMU,152031,-309,220,969,-70,27,-3
IMU,152041,-345,100,1030,-77,19,-9
IMU,152050,-337,117,1089,-81,28,-21
IMU,152060,-339,95,1131,-81,39,-27
IMU,152070,-326,61,1174,-77,59,-26
IMU,152080,-300,33,1188,-75,79,-25
IMU,152089,-317,8,1138,-78,94,-24
IMU,152099,-322,-4,1069,-83,87,-23
IMU,152109,-345,0,1034,-93,65,-30
IMU,152119,-375,-6,1049,-108,45,-37
IMU,152128,-331,67,1061,-112,37,-16
IMU,152138,-342,30,1094,-96,45,-6
IMU,152148,-374,6,1084,-98,50,-18
IMU,152158,-321,50,1117,-89,71,1
IMU,152167,-366,-40,1076,-102,80,3
IMU,152177,-327,-8,1011,-126,80,4
IMU,152187,-398,-29,1035,-157,82,-39
IMU,152197,-315,88,1024,-178,86,-15
IMU,152207,-366,73,1008,-190,83,-58
IMU,152217,-418,-68,987,-191,106,-90
IMU,152226,-382,-1,937,-178,123,-82
IMU,152237,-374,-9,814,-155,134,-61
IMU,152246,-372,-83,774,-126,107,-41
SPM,144791,0.00
SPM,147807,0.00
SPM,150838,0.00
