Type,Millis,Data1,Data2,Data3,Data4,Data5,Data6
GPS,4359,59.416851,17.982303,0.00,0.13,6
GPS,4847,59.416851,17.982303,0.00,0.13,6
GPS,5365,59.416852,17.982304,0.00,0.23,6
GPS,5853,59.416852,17.982304,0.00,0.23,6
GPS,6361,59.416853,17.982305,0.00,0.32,6
GPS,6849,59.416853,17.982305,0.00,0.32,6
GPS,7367,59.416854,17.982305,0.00,0.47,6
GPS,7855,59.416854,17.982305,0.00,0.47,6
GPS,8363,59.416855,17.982305,0.00,0.54,6
GPS,8851,59.416855,17.982305,0.00,0.54,6
GPS,9359,59.416854,17.982306,0.00,0.53,6
GPS,9857,59.416854,17.982306,0.00,0.53,6
GPS,10365,59.416854,17.982307,0.00,0.52,6
GPS,10853,59.416854,17.982307,0.00,0.52,6
GPS,11371,59.416856,17.982307,0.00,0.67,6
GPS,11859,59.416856,17.982307,0.00,0.67,6
GPS,12367,59.416857,17.982307,0.00,0.81,6
GPS,12855,59.416857,17.982307,0.00,0.81,6
GPS,13363,59.416858,17.982307,0.00,0.94,6
GPS,13851,59.416858,17.982307,0.00,0.94,6
GPS,14359,59.416860,17.982305,0.00,1.10,6
GPS,14857,59.416860,17.982305,0.00,1.10,6
GPS,15365,59.416861,17.982306,0.00,1.22,6
GPS,15853,59.416861,17.982306,0.00,1.22,6
GPS,16361,59.416863,17.982304,0.00,1.45,6
IMU,3861,-26,327,1024,-6,-4,0
IMU,3871,-26,325,1024,-6,-4,0
IMU,3880,-27,325,1023,-6,-4,0
IMU,3890,-27,324,1023,-6,-4,0
IMU,3900,-27,324,1022,-6,-4,0
IMU,3910,-26,325,1022,-6,-4,0
IMU,3919,-27,325,1024,-6,-4,0
IMU,3929,-28,325,1020,-6,-4,0
IMU,3939,-28,324,1022,-6,-4,0
IMU,3949,-28,324,1025,-6,-4,0
IMU,3958,-27,324,1020,-6,-4,0
IMU,3968,-26,325,1021,-6,-4,0
IMU,3978,-28,327,1021,-6,-4,0
IMU,3988,-29,326,1023,-6,-4,0
IMU,3998,-29,324,1024,-6,-4,0
IMU,4007,-28,324,1022,-6,-4,0
IMU,4017,-26,325,1024,-6,-4,0
IMU,4027,-27,325,1023,-6,-4,0
IMU,4037,-28,325,1023,-6,-4,0
IMU,4046,-27,326,1023,-6,-4,0
IMU,4056,-27,326,1022,-6,-4,0
IMU,4066,-25,327,1023,-6,-4,0
IMU,4076,-26,324,1024,-6,-4,0
IMU,4085,-27,326,1024,-6,-4,0
IMU,4095,-28,327,1024,-6,-4,0
IMU,4105,-28,326,1024,-6,-4,0
IMU,4115,-28,326,1024,-6,-4,0
IMU,4125,-26,324,1024,-6,-4,0
IMU,4134,-26,323,1022,-6,-4,0
IMU,4144,-27,325,1025,-6,-4,0
IMU,4154,-27,324,1024,-6,-4,0
IMU,4164,-27,326,1023,-6,-4,0
IMU,4173,-28,323,1020,-6,-4,0
IMU,4183,-29,323,1021,-6,-4,0
IMU,4193,-27,323,1021,-6,-4,0
IMU,4203,-28,323,1023,-6,-4,0
IMU,4212,-27,325,1024,-6,-4,0
IMU,4222,-27,324,1022,-6,-4,0
IMU,4232,-27,326,1023,-6,-4,0
IMU,4242,-27,326,1024,-6,-4,0
IMU,4251,-26,325,1021,-6,-4,0
IMU,4261,-27,327,1023,-6,-4,0
IMU,4271,-29,326,1023,-6,-4,0
IMU,4281,-25,326,1024,-6,-4,0
IMU,4291,-27,325,1022,-6,-4,0
IMU,4300,-28,325,1021,-6,-4,0
IMU,4310,-27,326,1023,-6,-4,0
IMU,4320,-27,326,1022,-6,-4,0
IMU,4330,-27,326,1024,-6,-4,0
IMU,4339,-28,324,1022,-6,-4,0
IMU,4349,-28,324,1019,-6,-4,0
IMU,4359,-28,325,1020,-6,-4,0
IMU,4369,-27,325,1022,-6,-4,0
IMU,4378,-28,326,1024,-6,-4,0
IMU,4388,-26,323,1022,-6,-4,0
IMU,4398,-26,324,1021,-6,-4,0
IMU,4408,-28,325,1022,-6,-4,0
IMU,4417,-28,326,1020,-6,-4,0
IMU,4427,-29,327,1020,-6,-4,0
IMU,4437,-27,326,1021,-6,-4,0
IMU,4447,-28,324,1023,-6,-4,0
IMU,4457,-29,325,1022,-6,-4,0
IMU,4466,-28,324,1022,-6,-4,0
IMU,4476,-28,326,1021,-6,-4,0
IMU,4486,-28,326,1020,-6,-4,0
IMU,4496,-29,325,1024,-6,-4,0
IMU,4505,-28,325,1023,-6,-4,0
IMU,4515,-27,324,1023,-6,-4,0
IMU,4525,-27,327,1024,-6,-4,0
IMU,4535,-26,326,1024,-6,-4,0
IMU,4544,-26,325,1024,-6,-4,0
IMU,4554,-26,325,1024,-6,-4,0
IMU,4564,-27,324,1021,-6,-4,0
IMU,4574,-25,324,1022,-6,-4,0
IMU,4583,-27,325,1022,-6,-4,0
IMU,4593,-28,325,1024,-6,-4,0
IMU,4603,-27,327,1022,-6,-4,0
IMU,4613,-26,326,1022,-6,-4,0
IMU,4623,-27,327,1021,-6,-4,0
IMU,4632,-27,325,1021,-6,-4,0
IMU,4642,-24,325,1024,-6,-4,0
IMU,4652,-25,325,1023,-6,-4,0
IMU,4662,-27,325,1022,-6,-4,0
IMU,4671,-27,325,1024,-6,-4,0
IMU,4681,-27,327,1024,-6,-4,0
IMU,4691,-28,324,1022,-6,-4,0
IMU,4701,-27,324,1022,-6,-4,0
IMU,4710,-28,326,1024,-6,-4,0
IMU,4720,-28,326,1022,-6,-4,0
IMU,4730,-27,325,1021,-6,-4,0
IMU,4740,-28,325,1021,-6,-4,0
IMU,4750,-27,327,1022,-6,-4,0
IMU,4759,-28,326,1021,-6,-4,0
IMU,4769,-28,327,1021,-6,-4,0
IMU,4779,-26,325,1022,-6,-4,0
IMU,4789,-28,323,1022,-6,-4,0
IMU,4798,-28,324,1023,-6,-4,0
IMU,4808,-27,326,1023,-6,-4,0
IMU,4818,-27,324,1022,-6,-4,0
IMU,4828,-27,324,1023,-6,-4,0
IMU,4837,-26,325,1021,-6,-4,0
IMU,4847,-27,325,1021,-6,-4,0
IMU,4857,-26,325,1020,-6,-4,0
IMU,4867,-28,325,1021,-6,-4,0
IMU,4876,-26,325,1019,-6,-4,0
IMU,4886,-26,324,1022,-6,-4,0
IMU,4896,-26,325,1022,-6,-4,0
IMU,4906,-26,326,1019,-6,-4,0
IMU,4916,-26,325,1018,-6,-4,0
IMU,4925,-28,324,1021,-6,-4,0
IMU,4935,-28,325,1022,-6,-4,0
IMU,4945,-27,324,1024,-6,-4,0
IMU,4955,-26,325,1022,-6,-4,0
IMU,4964,-27,324,1021,-6,-4,0
IMU,4974,-28,325,1021,-6,-4,0
IMU,4984,-28,326,1022,-6,-4,0
IMU,4994,-28,325,1024,-6,-4,0
IMU,5003,-28,325,1023,-6,-4,0
IMU,5013,-27,324,1023,-6,-4,0
IMU,5023,-27,326,1022,-6,-4,0
IMU,5033,-27,325,1023,-6,-4,0
IMU,5042,-28,326,1019,-6,-4,0
IMU,5052,-29,326,1020,-6,-4,0
IMU,5062,-29,326,1022,-6,-4,0
IMU,5072,-28,325,1026,-6,-4,0
IMU,5082,-28,324,1021,-6,-4,0
IMU,5091,-26,323,1020,-6,-4,0
IMU,5101,-28,326,1022,-6,-4,0
IMU,5111,-26,326,1021,-6,-4,0
IMU,5121,-27,324,1022,-6,-4,0
IMU,5130,-26,324,1019,-6,-4,0
IMU,5140,-27,326,1023,-6,-4,0
IMU,5150,-27,325,1020,-6,-4,0
IMU,5160,-26,323,1024,-6,-4,0
IMU,5169,-28,322,1021,-6,-4,0
IMU,5179,-28,323,1022,-6,-4,0
IMU,5189,-28,324,1021,-6,-4,0
IMU,5199,-26,323,1024,-6,-4,0
IMU,5208,-27,324,1019,-6,-4,0
IMU,5218,-27,324,1021,-6,-4,0
IMU,5228,-27,325,1022,-6,-4,0
IMU,5238,-28,326,1021,-6,-4,0
IMU,5248,-26,325,1023,-6,-4,0
IMU,5257,-27,325,1025,-6,-4,0
IMU,5267,-27,323,1024,-6,-4,0
IMU,5277,-28,324,1020,-6,-4,0
IMU,5287,-29,324,1019,-6,-4,0
IMU,5296,-28,327,1021,-6,-4,0
IMU,5306,-28,324,1023,-6,-4,0
IMU,5316,-28,324,1024,-6,-4,0
IMU,5326,-26,323,1022,-6,-4,0
IMU,5335,-26,324,1021,-6,-4,0
IMU,5345,-24,324,1020,-6,-4,0
IMU,5355,-27,326,1022,-6,-4,0
IMU,5365,-24,327,1021,-6,-4,0
IMU,5375,-26,326,1021,-6,-4,0
IMU,5384,-26,327,1023,-6,-4,0
IMU,5394,-27,328,1022,-6,-4,0
IMU,5404,-26,326,1021,-6,-4,0
IMU,5414,-27,324,1022,-6,-4,0
IMU,5423,-27,325,1025,-6,-4,0
IMU,5433,-27,325,1022,-6,-4,0
IMU,5443,-27,325,1024,-6,-4,0
IMU,5453,-25,325,1024,-6,-4,0
IMU,5462,-26,323,1023,-6,-4,0
IMU,5472,-28,326,1024,-6,-4,0
IMU,5482,-28,326,1022,-6,-4,0
IMU,5492,-27,324,1026,-6,-4,0
IMU,5501,-28,325,1023,-6,-4,0
IMU,5511,-25,325,1022,-6,-4,0
IMU,5521,-27,325,1020,-6,-4,0
IMU,5531,-27,327,1021,-6,-4,0
IMU,5541,-28,325,1020,-6,-4,0
IMU,5550,-28,325,1023,-6,-4,0
IMU,5560,-26,325,1020,-6,-4,0
IMU,5570,-28,326,1020,-6,-4,0
IMU,5580,-28,323,1023,-6,-4,0
IMU,5589,-27,326,1026,-6,-4,0
IMU,5599,-26,327,1023,-6,-4,0
IMU,5609,-27,325,1021,-6,-4,0
IMU,5619,-28,324,1020,-6,-4,0
IMU,5628,-28,325,1021,-6,-4,0
IMU,5638,-28,324,1020,-6,-4,0
IMU,5648,-26,327,1023,-6,-4,0
IMU,5658,-27,326,1020,-6,-4,0
IMU,5667,-27,325,1023,-6,-4,0
IMU,5677,-28,326,1022,-6,-4,0
IMU,5687,-30,327,1022,-6,-4,0
IMU,5697,-28,326,1022,-6,-4,0
IMU,5707,-28,325,1021,-6,-4,0
IMU,5716,-28,325,1024,-6,-4,0
IMU,5726,-27,326,1021,-6,-4,0
IMU,5736,-26,327,1022,-6,-4,0
IMU,5746,-28,326,1021,-6,-4,0
IMU,5755,-27,325,1021,-6,-4,0
IMU,5765,-26,324,1023,-6,-4,0
IMU,5775,-29,325,1023,-6,-4,0
IMU,5785,-27,325,1023,-6,-4,0
IMU,5794,-27,325,1022,-6,-4,0
IMU,5804,-28,326,1024,-6,-4,0
IMU,5814,-28,326,1022,-6,-4,0
IMU,5824,-26,326,1022,-6,-4,0
IMU,5833,-26,325,1021,-6,-4,0
IMU,5843,-28,324,1023,-6,-4,0
IMU,5853,-27,325,1022,-6,-4,0
IMU,5863,-28,324,1022,-6,-4,0
IMU,5873,-29,324,1024,-6,-4,0
IMU,5882,-28,327,1023,-6,-4,0
IMU,5892,-28,326,1022,-6,-4,0
IMU,5902,-25,327,1022,-6,-4,0
IMU,5912,-26,324,1022,-6,-4,0
IMU,5921,-27,324,1023,-6,-4,0
IMU,5931,-28,326,1023,-6,-4,0
IMU,5941,-27,325,1024,-6,-4,0
IMU,5951,-26,325,1021,-6,-4,0
IMU,5960,-27,324,1024,-6,-4,0
IMU,5970,-27,324,1024,-6,-4,0
IMU,5980,-28,326,1022,-6,-4,0
IMU,5990,-26,325,1020,-6,-4,0
IMU,6000,-28,323,1022,-6,-4,0
IMU,6009,-28,324,1023,-6,-4,0
IMU,6019,-28,324,1024,-6,-4,0
IMU,6029,-29,326,1025,-6,-4,0
IMU,6039,-27,327,1021,-6,-4,0
IMU,6048,-26,324,1022,-6,-4,0
IMU,6058,-27,324,1021,-6,-4,0
IMU,6068,-28,324,1020,-6,-4,0
IMU,6078,-28,326,1021,-6,-4,0
IMU,6087,-28,324,1024,-6,-4,0
IMU,6097,-27,323,1022,-6,-4,0
IMU,6107,-27,326,1023,-6,-4,0
IMU,6117,-27,325,1023,-6,-4,0
IMU,6126,-26,325,1025,-6,-4,0
IMU,6136,-28,326,1023,-6,-4,0
IMU,6146,-28,326,1025,-6,-4,0
IMU,6156,-27,325,1024,-6,-4,0
IMU,6166,-27,325,1023,-6,-4,0
IMU,6175,-27,325,1023,-6,-4,0
IMU,6185,-28,325,1024,-6,-4,0
IMU,6195,-27,324,1022,-6,-4,0
IMU,6205,-27,325,1020,-6,-4,0
IMU,6214,-26,325,1020,-6,-4,0
IMU,6224,-27,325,1020,-6,-4,0
IMU,6234,-29,325,1022,-6,-4,0
IMU,6244,-26,324,1021,-6,-4,0
IMU,6253,-25,326,1023,-6,-4,0
IMU,6263,-25,326,1021,-6,-4,0
IMU,6273,-27,326,1022,-6,-4,0
IMU,6283,-28,326,1021,-6,-4,0
IMU,6292,-27,326,1023,-6,-4,0
IMU,6302,-27,326,1024,-6,-4,0
IMU,6312,-26,324,1024,-6,-4,0
IMU,6322,-25,325,1019,-6,-4,0
IMU,6332,-27,327,1021,-6,-4,0
IMU,6341,-28,326,1020,-6,-4,0
IMU,6351,-28,326,1021,-6,-4,0
IMU,6361,-26,328,1022,-6,-4,0
IMU,6371,-26,327,1023,-6,-4,0
IMU,6380,-26,325,1021,-6,-4,0
IMU,6390,-26,324,1022,-6,-4,0
IMU,6400,-28,323,1022,-6,-4,0
IMU,6411,-26,324,1023,-6,-4,0
IMU,6419,-27,324,1022,-6,-4,0
IMU,6430,-27,325,1021,-6,-4,0
IMU,6439,-26,323,1022,-6,-4,0
IMU,6449,-27,325,1025,-6,-4,0
IMU,6459,-28,327,1025,-6,-4,0
IMU,6468,-26,326,1025,-6,-4,0
IMU,6478,-26,324,1022,-6,-4,0
IMU,6488,-27,325,1022,-6,-4,0
IMU,6498,-27,324,1023,-6,-4,0
IMU,6507,-29,324,1024,-6,-4,0
IMU,6517,-27,323,1023,-6,-4,0
IMU,6527,-29,323,1023,-6,-4,0
IMU,6537,-26,324,1022,-6,-4,0
IMU,6546,-27,325,1021,-6,-4,0
IMU,6556,-28,326,1023,-6,-4,0
IMU,6566,-28,326,1021,-6,-4,0
IMU,6576,-28,324,1022,-6,-4,0
IMU,6585,-28,324,1022,-6,-4,0
IMU,6595,-27,324,1021,-6,-4,0
IMU,6605,-25,325,1023,-6,-4,0
IMU,6615,-28,324,1024,-6,-4,0
IMU,6625,-28,325,1024,-6,-4,0
IMU,6634,-29,326,1023,-6,-4,0
IMU,6644,-28,326,1023,-6,-4,0
IMU,6654,-29,326,1022,-6,-4,0
IMU,6664,-28,325,1021,-6,-4,0
IMU,6673,-27,327,1022,-6,-4,0
IMU,6683,-27,324,1022,-6,-4,0
IMU,6693,-28,324,1024,-6,-4,0
IMU,6703,-27,324,1024,-6,-4,0
IMU,6712,-26,324,1023,-6,-4,0
IMU,6722,-27,325,1023,-6,-4,0
IMU,6732,-27,327,1023,-6,-4,0
IMU,6742,-29,327,1024,-6,-4,0
IMU,6751,-28,325,1022,-6,-4,0
IMU,6761,-25,325,1023,-6,-4,0
IMU,6771,-27,326,1023,-6,-4,0
IMU,6781,-25,325,1023,-6,-4,0
IMU,6791,-26,324,1020,-6,-4,0
IMU,6800,-26,324,1020,-6,-4,0
IMU,6810,-28,323,1023,-6,-4,0
IMU,6820,-27,324,1023,-6,-4,0
IMU,6830,-28,326,1023,-6,-4,0
IMU,6839,-26,327,1024,-6,-4,0
IMU,6849,-28,325,1022,-6,-4,0
IMU,6859,-28,326,1022,-6,-4,0
IMU,6869,-28,324,1020,-6,-4,0
IMU,6878,-28,324,1021,-6,-4,0
IMU,6888,-29,325,1022,-6,-4,0
IMU,6898,-28,325,1024,-6,-4,0
IMU,6908,-27,325,1024,-6,-4,0
IMU,6917,-27,326,1021,-6,-4,0
IMU,6927,-27,325,1022,-6,-4,0
IMU,6937,-26,326,1020,-6,-4,0
IMU,6947,-26,325,1024,-6,-4,0
IMU,6957,-26,324,1024,-6,-4,0
IMU,6966,-28,324,1022,-6,-4,0
IMU,6976,-28,326,1024,-6,-4,0
IMU,6986,-27,326,1024,-6,-4,0
IMU,6996,-28,327,1023,-6,-4,0
IMU,7005,-28,325,1022,-6,-4,0
IMU,7015,-28,325,1024,-6,-4,0
IMU,7025,-29,327,1023,-6,-4,0
IMU,7035,-28,326,1022,-6,-4,0
IMU,7044,-28,325,1020,-6,-4,0
IMU,7054,-27,326,1019,-6,-4,0
IMU,7064,-28,325,1022,-6,-4,0
IMU,7074,-28,324,1021,-6,-4,0
IMU,7083,-29,323,1021,-6,-4,0
IMU,7093,-29,324,1023,-6,-4,0
IMU,7103,-28,325,1024,-6,-4,0
IMU,7113,-30,325,1022,-6,-4,0
IMU,7123,-30,324,1022,-6,-4,0
IMU,7132,-28,325,1023,-6,-4,0
IMU,7142,-27,325,1018,-6,-4,0
IMU,7152,-27,326,1022,-6,-4,0
IMU,7162,-28,325,1021,-6,-4,0
IMU,7171,-27,325,1021,-6,-4,0
IMU,7181,-28,327,1022,-6,-4,0
IMU,7191,-26,328,1021,-6,-4,0
IMU,7201,-26,326,1022,-6,-4,0
IMU,7210,-26,326,1023,-6,-4,0
IMU,7220,-27,327,1022,-6,-4,0
IMU,7230,-27,328,1023,-6,-4,0
IMU,7240,-26,326,1020,-6,-4,0
IMU,7250,-28,326,1024,-6,-4,0
IMU,7259,-27,324,1022,-6,-4,0
IMU,7269,-28,328,1022,-6,-4,0
IMU,7279,-27,325,1025,-6,-4,0
IMU,7289,-26,325,1021,-6,-4,0
IMU,7298,-26,324,1023,-6,-4,0
IMU,7308,-28,324,1023,-6,-4,0
IMU,7318,-27,327,1022,-6,-4,0
IMU,7328,-28,325,1022,-6,-4,0
IMU,7337,-28,325,1024,-6,-4,0
IMU,7347,-25,326,1024,-6,-4,0
IMU,7357,-26,325,1026,-6,-4,0
IMU,7367,-26,326,1025,-6,-4,0
IMU,7376,-27,325,1023,-6,-4,0
IMU,7386,-28,325,1022,-6,-4,0
IMU,7396,-26,325,1024,-6,-4,0
IMU,7406,-26,326,1025,-6,-4,0
IMU,7416,-28,326,1023,-6,-4,0
IMU,7425,-28,325,1024,-6,-4,0
IMU,7435,-28,326,1024,-6,-4,0
IMU,7445,-28,326,1023,-6,-4,0
IMU,7455,-27,326,1024,-6,-4,0
IMU,7464,-28,326,1023,-6,-4,0
IMU,7474,-28,325,1023,-6,-4,0
IMU,7484,-27,325,1023,-6,-4,0
IMU,7494,-26,323,1022,-6,-4,0
IMU,7503,-27,325,1022,-6,-4,0
IMU,7513,-26,324,1022,-6,-4,0
IMU,7523,-26,325,1023,-6,-4,0
IMU,7533,-27,325,1024,-6,-4,0
IMU,7542,-27,324,1025,-6,-4,0
IMU,7552,-27,326,1023,-6,-4,0
IMU,7562,-26,326,1023,-6,-4,0
IMU,7572,-27,327,1023,-6,-4,0
IMU,7582,-28,325,1023,-6,-4,0
IMU,7591,-28,324,1023,-6,-4,0
IMU,7601,-26,325,1022,-6,-4,0
IMU,7611,-27,325,1023,-6,-4,0
IMU,7621,-27,326,1023,-6,-4,0
IMU,7630,-27,325,1024,-6,-4,0
IMU,7640,-26,326,1022,-6,-4,0
IMU,7650,-26,326,1024,-6,-4,0
IMU,7660,-26,325,1023,-6,-4,0
IMU,7669,-27,327,1022,-6,-4,0
IMU,7679,-27,326,1023,-6,-4,0
IMU,7689,-25,325,1024,-6,-4,0
IMU,7699,-27,326,1024,-6,-4,0
IMU,7708,-29,325,1026,-6,-4,0
IMU,7718,-28,326,1022,-6,-4,0
IMU,7728,-28,325,1023,-6,-4,0
IMU,7738,-28,326,1021,-6,-4,0
IMU,7748,-27,327,1023,-6,-4,0
IMU,7757,-27,326,1022,-6,-4,0
IMU,7767,-28,326,1021,-6,-4,0
IMU,7777,-27,325,1023,-6,-4,0
IMU,7787,-27,326,1022,-6,-4,0
IMU,7796,-26,324,1023,-6,-4,0
IMU,7806,-27,325,1022,-6,-4,0
IMU,7816,-28,326,1022,-6,-4,0
IMU,7826,-27,327,1020,-6,-4,0
IMU,7835,-27,326,1022,-6,-4,0
IMU,7845,-26,327,1021,-6,-4,0
IMU,7855,-26,325,1020,-6,-4,0
IMU,7865,-27,326,1020,-6,-4,0
IMU,7875,-27,326,1020,-6,-4,0
IMU,7884,-28,325,1023,-6,-4,0
IMU,7894,-27,324,1022,-6,-4,0
IMU,7904,-26,326,1022,-6,-4,0
IMU,7914,-28,327,1024,-6,-4,0
IMU,7923,-28,326,1020,-6,-4,0
IMU,7933,-27,325,1020,-6,-4,0
IMU,7943,-27,325,1021,-6,-4,0
IMU,7953,-28,325,1022,-6,-4,0
IMU,7962,-28,326,1025,-6,-4,0
IMU,7972,-28,327,1022,-6,-4,0
IMU,7982,-27,325,1022,-6,-4,0
IMU,7992,-28,326,1023,-6,-4,0
IMU,8001,-28,326,1022,-6,-4,0
IMU,8011,-27,326,1023,-6,-4,0
IMU,8021,-27,323,1025,-6,-4,0
IMU,8031,-25,324,1025,-6,-4,0
IMU,8041,-27,326,1025,-6,-4,0
IMU,8050,-25,325,1024,-6,-4,0
IMU,8060,-26,324,1023,-6,-4,0
IMU,8070,-26,324,1023,-6,-4,0
IMU,8080,-27,326,1021,-6,-4,0
IMU,8089,-26,325,1021,-6,-4,0
IMU,8099,-28,323,1020,-6,-4,0
IMU,8109,-29,324,1021,-6,-4,0
IMU,8119,-28,325,1020,-6,-4,0
IMU,8128,-26,325,1021,-6,-4,0
IMU,8138,-27,325,1019,-6,-4,0
IMU,8148,-27,326,1022,-6,-4,0
IMU,8158,-27,325,1022,-6,-4,0
IMU,8167,-28,326,1021,-6,-4,0
IMU,8177,-26,326,1024,-6,-4,0
IMU,8187,-27,326,1021,-6,-4,0
IMU,8197,-27,325,1019,-6,-4,0
IMU,8207,-28,326,1021,-6,-4,0
IMU,8216,-29,324,1021,-6,-4,0
IMU,8226,-26,324,1023,-6,-4,0
IMU,8236,-28,326,1022,-6,-4,0
IMU,8246,-27,325,1020,-6,-4,0
IMU,8255,-28,326,1021,-6,-4,0
IMU,8265,-27,324,1022,-6,-4,0
IMU,8275,-28,325,1020,-6,-4,0
IMU,8285,-28,325,1023,-6,-4,0
IMU,8294,-27,324,1023,-6,-4,0
IMU,8304,-26,324,1021,-6,-4,0
IMU,8314,-26,327,1021,-6,-4,0
IMU,8324,-26,325,1022,-6,-4,0
IMU,8333,-27,327,1020,-6,-4,0
IMU,8343,-28,324,1024,-6,-4,0
IMU,8353,-28,325,1022,-6,-4,0
IMU,8363,-28,327,1021,-6,-4,0
IMU,8373,-26,327,1020,-6,-4,0
IMU,8382,-26,326,1019,-6,-4,0
IMU,8392,-27,325,1021,-6,-4,0
IMU,8402,-27,325,1023,-6,-4,0
IMU,8412,-28,325,1022,-6,-4,0
IMU,8421,-27,326,1022,-6,-4,0
IMU,8431,-28,325,1020,-6,-4,0
IMU,8441,-28,325,1022,-6,-4,0
IMU,8451,-27,326,1019,-6,-4,0
IMU,8460,-27,325,1022,-6,-4,0
IMU,8470,-26,327,1021,-6,-4,0
IMU,8480,-27,325,1020,-6,-4,0
IMU,8490,-27,326,1023,-6,-4,0
IMU,8500,-28,324,1021,-6,-4,0
IMU,8509,-29,326,1023,-6,-4,0
IMU,8519,-27,325,1020,-6,-4,0
IMU,8529,-27,325,1021,-6,-4,0
IMU,8539,-28,324,1019,-6,-4,0
IMU,8548,-28,325,1022,-6,-4,0
IMU,8558,-28,325,1020,-6,-4,0
IMU,8568,-26,325,1018,-6,-4,0
IMU,8578,-26,326,1022,-6,-4,0
IMU,8587,-28,325,1020,-6,-4,0
IMU,8597,-29,325,1023,-6,-4,0
IMU,8607,-28,325,1023,-6,-4,0
IMU,8617,-29,324,1021,-6,-4,0
IMU,8626,-28,324,1023,-6,-4,0
IMU,8636,-27,325,1024,-6,-4,0
IMU,8646,-27,324,1023,-6,-4,0
IMU,8656,-28,324,1021,-6,-4,0
IMU,8666,-27,325,1024,-6,-4,0
IMU,8675,-27,325,1022,-6,-4,0
IMU,8685,-27,325,1024,-6,-4,0
IMU,8695,-26,325,1019,-6,-4,0
IMU,8705,-27,324,1021,-6,-4,0
IMU,8714,-26,327,1019,-6,-4,0
IMU,8724,-27,328,1021,-6,-4,0
IMU,8734,-26,327,1025,-6,-4,0
IMU,8744,-27,325,1025,-6,-4,0
IMU,8753,-27,327,1024,-6,-4,0
IMU,8763,-27,325,1022,-6,-4,0
IMU,8773,-29,325,1020,-6,-4,0
IMU,8783,-28,324,1020,-6,-4,0
IMU,8792,-29,323,1021,-6,-4,0
IMU,8802,-27,326,1023,-6,-4,0
IMU,8812,-27,325,1021,-6,-4,0
IMU,8822,-27,326,1022,-6,-4,0
IMU,8832,-27,327,1024,-6,-4,0
IMU,8841,-27,323,1023,-6,-4,0
IMU,8851,-28,327,1021,-6,-4,0
IMU,8861,-27,325,1023,-6,-4,0
IMU,8871,-28,327,1021,-6,-4,0
IMU,8880,-28,327,1024,-6,-4,0
IMU,8890,-27,323,1025,-6,-4,0
IMU,8900,-27,327,1023,-6,-4,0
IMU,8910,-26,327,1023,-6,-4,0
IMU,8919,-26,326,1023,-6,-4,0
IMU,8929,-25,325,1023,-6,-4,0
IMU,8939,-27,326,1022,-6,-4,0
IMU,8949,-26,324,1019,-6,-4,0
IMU,8958,-27,325,1021,-6,-4,0
IMU,8968,-27,325,1021,-6,-4,0
IMU,8978,-28,326,1021,-6,-4,0
IMU,8988,-28,325,1022,-6,-4,0
IMU,8998,-27,325,1020,-6,-4,0
IMU,9007,-27,325,1025,-6,-4,0
IMU,9017,-28,326,1022,-6,-4,0
IMU,9027,-29,325,1023,-6,-4,0
IMU,9037,-28,324,1021,-6,-4,0
IMU,9046,-29,325,1026,-6,-4,0
IMU,9056,-28,325,1024,-6,-4,0
IMU,9066,-29,325,1022,-6,-4,0
IMU,9076,-28,325,1022,-6,-4,0
IMU,9085,-26,325,1021,-6,-4,0
IMU,9095,-26,324,1021,-6,-4,0
IMU,9105,-28,324,1022,-6,-4,0
IMU,9115,-27,324,1023,-6,-4,0
IMU,9125,-27,326,1022,-6,-4,0
IMU,9134,-28,326,1021,-6,-4,0
IMU,9144,-27,324,1020,-6,-4,0
IMU,9154,-27,324,1021,-6,-4,0
IMU,9164,-25,324,1022,-6,-4,0
IMU,9173,-25,324,1021,-6,-4,0
IMU,9183,-26,325,1022,-6,-4,0
IMU,9193,-28,325,1024,-6,-4,0
IMU,9203,-27,324,1020,-6,-4,0
IMU,9212,-29,325,1021,-6,-4,0
IMU,9222,-28,324,1020,-6,-4,0
IMU,9232,-28,326,1021,-6,-4,0
IMU,9242,-29,326,1023,-6,-4,0
IMU,9251,-26,327,1022,-6,-4,0
IMU,9261,-27,326,1023,-6,-4,0
IMU,9271,-28,325,1025,-6,-4,0
IMU,9281,-27,326,1026,-6,-4,0
IMU,9291,-27,324,1023,-6,-4,0
IMU,9300,-27,326,1024,-6,-4,0
IMU,9310,-28,326,1023,-6,-4,0
IMU,9320,-28,325,1025,-6,-4,0
IMU,9330,-27,325,1023,-6,-4,0
IMU,9339,-28,326,1022,-6,-4,0
IMU,9349,-27,325,1020,-6,-4,0
IMU,9359,-27,326,1024,-6,-4,0
IMU,9369,-28,328,1021,-6,-4,0
IMU,9378,-28,325,1021,-6,-4,0
IMU,9388,-28,325,1023,-6,-4,0
IMU,9398,-25,326,1024,-6,-4,0
IMU,9408,-25,326,1022,-6,-4,0
IMU,9418,-27,326,1021,-6,-4,0
IMU,9427,-28,325,1021,-6,-4,0
IMU,9438,-28,325,1021,-6,-4,0
IMU,9447,-28,326,1021,-6,-4,0
IMU,9457,-26,328,1021,-6,-4,0
IMU,9467,-28,326,1021,-6,-4,0
IMU,9476,-29,326,1020,-6,-4,0
IMU,9487,-27,325,1022,-6,-4,0
IMU,9497,-27,326,1021,-6,-4,0
IMU,9505,-25,323,1020,-6,-4,0
IMU,9515,-27,324,1023,-6,-4,0
IMU,9525,-29,325,1021,-6,-4,0
IMU,9535,-30,325,1019,-6,-4,0
IMU,9544,-27,326,1021,-6,-4,0
IMU,9554,-29,325,1022,-6,-4,0
IMU,9564,-29,325,1022,-6,-4,0
IMU,9574,-29,324,1024,-6,-4,0
IMU,9583,-28,327,1022,-6,-4,0
IMU,9593,-27,325,1023,-6,-4,0
IMU,9603,-28,325,1023,-6,-4,0
IMU,9613,-25,326,1024,-6,-4,0
IMU,9623,-26,327,1021,-6,-4,0
IMU,9632,-28,326,1022,-6,-4,0
IMU,9642,-27,326,1022,-6,-4,0
IMU,9652,-26,327,1021,-6,-4,0
IMU,9662,-27,326,1022,-6,-4,0
IMU,9671,-29,324,1019,-6,-4,0
IMU,9681,-26,325,1022,-6,-4,0
IMU,9691,-27,326,1023,-6,-4,0
IMU,9701,-26,327,1024,-6,-4,0
IMU,9710,-27,326,1022,-6,-4,0
IMU,9720,-27,325,1021,-6,-4,0
IMU,9730,-27,324,1022,-6,-4,0
IMU,9740,-27,326,1022,-6,-4,0
IMU,9750,-28,326,1025,-6,-4,0
IMU,9759,-28,326,1024,-6,-4,0
IMU,9769,-28,325,1024,-6,-4,0
IMU,9779,-28,326,1023,-6,-4,0
IMU,9789,-26,325,1025,-6,-4,0
IMU,9798,-27,327,1021,-6,-4,0
IMU,9808,-28,324,1022,-6,-4,0
IMU,9818,-27,325,1022,-6,-4,0
IMU,9828,-27,326,1023,-6,-4,0
IMU,9837,-29,326,1024,-6,-4,0
IMU,9847,-27,324,1020,-6,-4,0
IMU,9857,-27,325,1021,-6,-4,0
IMU,9867,-28,327,1019,-6,-4,0
IMU,9876,-27,324,1020,-6,-4,0
IMU,9886,-27,326,1021,-6,-4,0
IMU,9896,-25,325,1023,-6,-4,0
IMU,9906,-25,325,1022,-6,-4,0
IMU,9916,-26,327,1021,-6,-4,0
IMU,9925,-27,325,1022,-6,-4,0
IMU,9936,-24,324,1022,-6,-4,0
IMU,9945,-24,326,1024,-6,-4,0
IMU,9956,-27,326,1022,-6,-4,0
IMU,9964,-28,326,1021,-6,-4,0
IMU,9974,-28,325,1024,-6,-4,0
IMU,9984,-27,326,1022,-6,-4,0
IMU,9994,-27,325,1022,-6,-4,0
IMU,10003,-27,327,1024,-6,-4,0
IMU,10013,-26,326,1024,-6,-4,0
IMU,10023,-27,324,1023,-6,-4,0
IMU,10033,-27,325,1025,-6,-4,0
IMU,10042,-28,324,1023,-6,-4,0
IMU,10052,-27,324,1024,-6,-4,0
IMU,10062,-26,325,1021,-6,-4,0
IMU,10072,-27,324,1023,-6,-4,0
IMU,10082,-26,325,1022,-6,-4,0
IMU,10091,-27,324,1024,-6,-4,0
IMU,10101,-26,326,1024,-6,-4,0
IMU,10111,-27,325,1021,-6,-4,0
IMU,10121,-28,325,1022,-6,-4,0
IMU,10130,-28,324,1021,-6,-4,0
IMU,10140,-26,323,1018,-6,-4,0
IMU,10150,-28,325,1020,-6,-4,0
IMU,10160,-29,326,1022,-6,-4,0
IMU,10169,-27,327,1020,-6,-4,0
IMU,10179,-29,328,1021,-6,-4,0
IMU,10189,-28,326,1023,-6,-4,0
IMU,10199,-30,324,1023,-6,-4,0
IMU,10208,-29,326,1025,-6,-4,0
IMU,10218,-27,326,1027,-6,-4,0
IMU,10228,-26,327,1023,-6,-4,0
IMU,10238,-28,327,1024,-6,-4,0
IMU,10248,-28,324,1024,-6,-4,0
IMU,10257,-26,325,1025,-6,-4,0
IMU,10267,-28,325,1025,-6,-4,0
IMU,10277,-27,325,1022,-6,-4,0
IMU,10287,-27,324,1026,-6,-4,0
IMU,10296,-28,325,1022,-6,-4,0
IMU,10306,-28,325,1022,-6,-4,0
IMU,10316,-28,327,1023,-6,-4,0
IMU,10327,-27,324,1022,-6,-4,0
IMU,10335,-28,325,1022,-6,-4,0
IMU,10345,-27,326,1023,-6,-4,0
IMU,10356,-26,326,1025,-6,-4,0
IMU,10365,-26,328,1022,-6,-4,0
IMU,10375,-26,325,1023,-6,-4,0
IMU,10384,-25,324,1024,-6,-4,0
IMU,10394,-28,324,1023,-6,-4,0
IMU,10404,-26,326,1022,-6,-4,0
IMU,10414,-26,327,1023,-6,-4,0
IMU,10423,-26,326,1020,-6,-4,0
IMU,10433,-29,323,1021,-6,-4,0
IMU,10443,-28,324,1021,-6,-4,0
IMU,10453,-28,325,1019,-6,-4,0
IMU,10462,-28,324,1022,-6,-4,0
IMU,10472,-28,323,1021,-6,-4,0
IMU,10482,-27,324,1020,-6,-4,0
IMU,10492,-28,326,1020,-6,-4,0
IMU,10501,-27,326,1020,-6,-4,0
IMU,10511,-26,325,1021,-6,-4,0
IMU,10521,-26,326,1025,-6,-4,0
IMU,10531,-25,324,1023,-6,-4,0
IMU,10541,-26,325,1024,-6,-4,0
IMU,10550,-28,323,1022,-6,-4,0
IMU,10560,-26,322,1022,-6,-4,0
IMU,10570,-27,322,1023,-6,-4,0
IMU,10580,-27,325,1021,-6,-4,0
IMU,10589,-27,325,1022,-6,-4,0
IMU,10599,-27,324,1024,-6,-4,0
IMU,10609,-29,324,1023,-6,-4,0
IMU,10619,-28,324,1024,-6,-4,0
IMU,10628,-27,327,1024,-6,-4,0
IMU,10638,-27,328,1021,-6,-4,0
IMU,10648,-27,326,1022,-6,-4,0
IMU,10658,-26,326,1022,-6,-4,0
IMU,10667,-25,325,1019,-6,-4,0
IMU,10677,-26,325,1020,-6,-4,0
IMU,10687,-28,327,1020,-6,-4,0
IMU,10697,-27,326,1018,-6,-4,0
IMU,10707,-27,328,1017,-6,-4,0
IMU,10716,-26,328,1020,-6,-4,0
IMU,10726,-27,327,1021,-6,-4,0
IMU,10736,-26,325,1024,-6,-4,0
IMU,10746,-29,326,1022,-6,-4,0
IMU,10755,-28,324,1020,-6,-4,0
IMU,10765,-28,325,1023,-6,-4,0
IMU,10775,-28,327,1021,-6,-4,0
IMU,10785,-27,324,1022,-6,-4,0
IMU,10794,-26,324,1022,-6,-4,0
IMU,10804,-27,324,1023,-6,-4,0
IMU,10814,-27,324,1021,-6,-4,0
IMU,10824,-27,325,1022,-6,-4,0
IMU,10833,-27,325,1021,-6,-4,0
IMU,10844,-27,323,1020,-6,-4,0
IMU,10853,-28,325,1020,-6,-4,0
IMU,10863,-27,325,1020,-6,-4,0
IMU,10874,-28,326,1023,-6,-4,0
IMU,10882,-29,326,1022,-6,-4,0
IMU,10893,-28,326,1020,-6,-4,0
IMU,10902,-27,326,1022,-6,-4,0
IMU,10912,-28,327,1021,-6,-4,0
IMU,10921,-27,325,1024,-6,-4,0
IMU,10931,-27,325,1022,-6,-4,0
IMU,10941,-26,326,1021,-6,-4,0
IMU,10951,-25,327,1022,-6,-4,0
IMU,10960,-26,325,1024,-6,-4,0
IMU,10970,-24,326,1020,-6,-4,0
IMU,10980,-27,324,1023,-6,-4,0
IMU,10990,-27,324,1018,-6,-4,0
IMU,11000,-26,327,1023,-6,-4,0
IMU,11009,-26,326,1024,-6,-4,0
IMU,11019,-26,324,1022,-6,-4,0
IMU,11029,-26,327,1021,-6,-4,0
IMU,11039,-27,326,1021,-6,-4,0
IMU,11048,-27,323,1020,-6,-4,0
IMU,11058,-27,326,1021,-6,-4,0
IMU,11068,-28,326,1024,-6,-4,0
IMU,11078,-27,326,1025,-6,-4,0
IMU,11087,-28,324,1022,-6,-4,0
IMU,11097,-28,324,1023,-6,-4,0
IMU,11107,-30,325,1022,-6,-4,0
IMU,11117,-28,324,1024,-6,-4,0
IMU,11126,-27,327,1023,-6,-4,0
IMU,11136,-28,326,1022,-6,-4,0
IMU,11146,-28,324,1022,-6,-4,0
IMU,11156,-27,324,1022,-6,-4,0
IMU,11166,-29,325,1022,-6,-4,0
IMU,11175,-28,325,1024,-6,-4,0
IMU,11185,-29,325,1023,-6,-4,0
IMU,11195,-28,324,1024,-6,-4,0
IMU,11205,-28,326,1021,-6,-4,0
IMU,11214,-26,326,1023,-6,-4,0
IMU,11224,-27,327,1022,-6,-4,0
IMU,11234,-28,327,1021,-6,-4,0
IMU,11244,-28,326,1023,-6,-4,0
IMU,11253,-26,325,1023,-6,-4,0
IMU,11263,-27,327,1022,-6,-4,0
IMU,11273,-26,325,1024,-6,-4,0
IMU,11283,-27,324,1022,-6,-4,0
IMU,11292,-26,325,1023,-6,-4,0
IMU,11302,-26,325,1022,-6,-4,0
IMU,11312,-28,325,1022,-6,-4,0
IMU,11322,-28,325,1026,-6,-4,0
IMU,11332,-27,328,1023,-6,-4,0
IMU,11341,-27,325,1024,-6,-4,0
IMU,11351,-27,323,1024,-6,-4,0
IMU,11361,-27,324,1024,-6,-4,0
IMU,11371,-28,326,1023,-6,-4,0
IMU,11380,-28,325,1022,-6,-4,0
IMU,11390,-29,324,1023,-6,-4,0
IMU,11400,-28,325,1024,-6,-4,0
IMU,11410,-28,325,1024,-6,-4,0
IMU,11419,-29,324,1023,-6,-4,0
IMU,11429,-28,326,1022,-6,-4,0
IMU,11439,-27,325,1021,-6,-4,0
IMU,11449,-27,326,1022,-6,-4,0
IMU,11458,-26,327,1022,-6,-4,0
IMU,11468,-28,327,1023,-6,-4,0
IMU,11478,-28,326,1024,-6,-4,0
IMU,11488,-26,325,1021,-6,-4,0
IMU,11498,-27,328,1023,-6,-4,0
IMU,11507,-26,326,1023,-6,-4,0
IMU,11517,-27,327,1023,-6,-4,0
IMU,11527,-28,327,1023,-6,-4,0
IMU,11537,-27,325,1024,-6,-4,0
IMU,11546,-27,325,1025,-6,-4,0
IMU,11556,-26,325,1020,-6,-4,0
IMU,11567,-27,324,1022,-6,-4,0
IMU,11576,-27,325,1022,-6,-4,0
IMU,11586,-29,326,1024,-6,-4,0
IMU,11596,-29,326,1024,-6,-4,0
IMU,11605,-28,325,1025,-6,-4,0
IMU,11616,-27,326,1021,-6,-4,0
IMU,11625,-26,326,1019,-6,-4,0
IMU,11634,-26,326,1022,-6,-4,0
IMU,11644,-26,324,1022,-6,-4,0
IMU,11654,-28,324,1021,-6,-4,0
IMU,11664,-26,326,1023,-6,-4,0
IMU,11674,-26,324,1024,-6,-4,0
IMU,11683,-27,325,1023,-6,-4,0
IMU,11693,-28,326,1020,-6,-4,0
IMU,11703,-26,326,1024,-6,-4,0
IMU,11712,-26,325,1025,-6,-4,0
IMU,11722,-27,325,1024,-6,-4,0
IMU,11732,-28,323,1023,-6,-4,0
IMU,11742,-27,325,1024,-6,-4,0
IMU,11751,-26,325,1025,-6,-4,0
IMU,11761,-28,327,1021,-6,-4,0
IMU,11771,-27,326,1023,-6,-4,0
IMU,11781,-27,325,1020,-6,-4,0
IMU,11791,-26,325,1024,-6,-4,0
IMU,11800,-28,326,1021,-6,-4,0
IMU,11810,-28,326,1021,-6,-4,0
IMU,11820,-29,326,1025,-6,-4,0
IMU,11830,-27,325,1024,-6,-4,0
IMU,11839,-26,324,1021,-6,-4,0
IMU,11849,-25,327,1024,-6,-4,0
IMU,11859,-27,326,1023,-6,-4,0
IMU,11869,-27,324,1022,-6,-4,0
IMU,11878,-26,324,1023,-6,-4,0
IMU,11888,-27,323,1022,-6,-4,0
IMU,11898,-25,326,1025,-6,-4,0
IMU,11908,-25,326,1024,-6,-4,0
IMU,11917,-27,325,1023,-6,-4,0
IMU,11927,-28,323,1024,-6,-4,0
IMU,11937,-27,323,1024,-6,-4,0
IMU,11947,-27,325,1025,-6,-4,0
IMU,11957,-27,324,1025,-6,-4,0
IMU,11966,-28,325,1021,-6,-4,0
IMU,11976,-27,323,1024,-6,-4,0
IMU,11986,-31,327,1022,-6,-4,0
IMU,11996,-29,326,1023,-6,-4,0
IMU,12005,-28,325,1023,-6,-4,0
IMU,12015,-28,327,1023,-6,-4,0
IMU,12025,-26,326,1023,-6,-4,0
IMU,12035,-28,324,1021,-6,-4,0
IMU,12044,-26,324,1022,-6,-4,0
IMU,12054,-28,324,1024,-6,-4,0
IMU,12064,-28,326,1020,-6,-4,0
IMU,12074,-27,326,1021,-6,-4,0
IMU,12083,-27,326,1023,-6,-4,0
IMU,12093,-26,326,1025,-6,-4,0
IMU,12103,-26,326,1021,-6,-4,0
IMU,12113,-28,326,1021,-6,-4,0
IMU,12123,-28,324,1020,-6,-4,0
IMU,12132,-27,325,1022,-6,-4,0
IMU,12142,-27,325,1024,-6,-4,0
IMU,12152,-27,324,1025,-6,-4,0
IMU,12162,-27,327,1023,-6,-4,0
IMU,12171,-27,325,1023,-6,-4,0
IMU,12181,-27,326,1024,-6,-4,0
IMU,12191,-27,325,1023,-6,-4,0
IMU,12201,-27,325,1023,-6,-4,0
IMU,12210,-28,325,1023,-6,-4,0
IMU,12220,-28,325,1021,-6,-4,0
IMU,12230,-26,326,1020,-6,-4,0
IMU,12240,-28,324,1021,-6,-4,0
IMU,12250,-27,325,1024,-6,-4,0
IMU,12259,-28,323,1020,-6,-4,0
IMU,12269,-28,324,1024,-6,-4,0
IMU,12279,-28,325,1022,-6,-4,0
IMU,12289,-26,325,1023,-6,-4,0
IMU,12298,-26,324,1023,-6,-4,0
IMU,12308,-27,323,1021,-6,-4,0
IMU,12318,-26,325,1021,-6,-4,0
IMU,12328,-27,326,1021,-6,-4,0
IMU,12337,-28,326,1022,-6,-4,0
IMU,12347,-26,324,1024,-6,-4,0
IMU,12357,-29,326,1022,-6,-4,0
IMU,12367,-28,325,1019,-6,-4,0
IMU,12376,-27,325,1022,-6,-4,0
IMU,12386,-27,326,1022,-6,-4,0
IMU,12396,-25,325,1022,-6,-4,0
IMU,12406,-28,326,1022,-6,-4,0
IMU,12416,-29,328,1020,-6,-4,0
IMU,12425,-28,327,1020,-6,-4,0
IMU,12435,-27,325,1019,-6,-4,0
IMU,12445,-28,325,1021,-6,-4,0
IMU,12455,-27,324,1022,-6,-4,0
IMU,12464,-27,324,1021,-6,-4,0
IMU,12474,-26,325,1021,-6,-4,0
IMU,12485,-27,325,1022,-6,-4,0
IMU,12494,-29,326,1021,-6,-4,0
IMU,12503,-29,325,1021,-6,-4,0
IMU,12514,-27,325,1022,-6,-4,0
IMU,12523,-28,325,1022,-6,-4,0
IMU,12534,-28,326,1021,-6,-4,0
IMU,12542,-28,325,1024,-6,-4,0
IMU,12552,-28,324,1024,-6,-4,0
IMU,12562,-28,324,1021,-6,-4,0
IMU,12572,-28,324,1020,-6,-4,0
IMU,12582,-27,323,1024,-6,-4,0
IMU,12591,-25,322,1022,-6,-4,0
IMU,12601,-28,324,1021,-6,-4,0
IMU,12611,-28,323,1021,-6,-4,0
IMU,12621,-27,323,1021,-6,-4,0
IMU,12630,-28,325,1023,-6,-4,0
IMU,12640,-29,327,1024,-6,-4,0
IMU,12650,-28,326,1022,-6,-4,0
IMU,12660,-27,327,1022,-6,-4,0
IMU,12669,-28,327,1020,-6,-4,0
IMU,12679,-27,327,1021,-6,-4,0
IMU,12689,-27,326,1025,-6,-4,0
IMU,12699,-28,325,1021,-6,-4,0
IMU,12708,-29,325,1021,-6,-4,0
IMU,12718,-27,324,1023,-6,-4,0
IMU,12728,-25,325,1022,-6,-4,0
IMU,12738,-28,327,1024,-6,-4,0
IMU,12748,-27,328,1025,-6,-4,0
IMU,12757,-25,328,1020,-6,-4,0
IMU,12767,-27,324,1024,-6,-4,0
IMU,12777,-27,323,1024,-6,-4,0
IMU,12787,-26,325,1022,-6,-4,0
IMU,12796,-27,324,1020,-6,-4,0
IMU,12806,-27,324,1021,-6,-4,0
IMU,12816,-28,326,1021,-6,-4,0
IMU,12826,-27,327,1024,-6,-4,0
IMU,12835,-27,327,1022,-6,-4,0
IMU,12845,-28,326,1022,-6,-4,0
IMU,12855,-27,325,1021,-6,-4,0
IMU,12865,-27,323,1021,-6,-4,0
IMU,12875,-28,324,1020,-6,-4,0
IMU,12884,-28,326,1022,-6,-4,0
IMU,12894,-28,326,1024,-6,-4,0
IMU,12904,-27,325,1022,-6,-4,0
IMU,12914,-28,324,1021,-6,-4,0
IMU,12923,-28,324,1022,-6,-4,0
IMU,12933,-29,324,1023,-6,-4,0
IMU,12943,-28,324,1022,-6,-4,0
IMU,12953,-28,324,1022,-6,-4,0
IMU,12962,-26,325,1023,-6,-4,0
IMU,12972,-26,325,1023,-6,-4,0
IMU,12982,-27,327,1021,-6,-4,0
IMU,12992,-28,326,1022,-6,-4,0
IMU,13001,-27,327,1020,-6,-4,0
IMU,13011,-26,325,1024,-6,-4,0
IMU,13021,-26,326,1024,-6,-4,0
IMU,13031,-27,324,1023,-6,-4,0
IMU,13041,-27,326,1023,-6,-4,0
IMU,13050,-27,326,1025,-6,-4,0
IMU,13060,-27,326,1024,-6,-4,0
IMU,13070,-28,325,1019,-6,-4,0
IMU,13080,-27,325,1020,-6,-4,0
IMU,13089,-26,325,1022,-6,-4,0
IMU,13099,-25,327,1022,-6,-4,0
IMU,13109,-27,327,1020,-6,-4,0
IMU,13119,-27,327,1022,-6,-4,0
IMU,13128,-26,326,1023,-6,-4,0
IMU,13138,-27,327,1023,-6,-4,0
IMU,13148,-27,324,1022,-6,-4,0
IMU,13158,-27,326,1022,-6,-4,0
IMU,13167,-26,324,1024,-6,-4,0
IMU,13177,-25,326,1022,-6,-4,0
IMU,13187,-27,327,1021,-6,-4,0
IMU,13197,-28,325,1023,-6,-4,0
IMU,13207,-27,325,1022,-6,-4,0
IMU,13216,-26,326,1023,-6,-4,0
IMU,13226,-27,326,1022,-6,-4,0
IMU,13236,-28,326,1023,-6,-4,0
IMU,13246,-26,326,1022,-6,-4,0
IMU,13255,-27,325,1021,-6,-4,0
IMU,13265,-28,327,1021,-6,-4,0
IMU,13275,-28,325,1023,-6,-4,0
IMU,13285,-27,325,1023,-6,-4,0
IMU,13294,-28,324,1021,-6,-4,0
IMU,13304,-27,325,1022,-6,-4,0
IMU,13314,-27,326,1024,-6,-4,0
IMU,13324,-28,327,1023,-6,-4,0
IMU,13333,-28,326,1021,-6,-4,0
IMU,13343,-27,326,1022,-6,-4,0
IMU,13353,-29,326,1022,-6,-4,0
IMU,13363,-29,324,1020,-6,-4,0
IMU,13373,-26,326,1022,-6,-4,0
IMU,13382,-26,327,1023,-6,-4,0
IMU,13392,-27,325,1022,-6,-4,0
IMU,13402,-27,328,1025,-6,-4,0
IMU,13412,-25,326,1021,-6,-4,0
IMU,13421,-26,324,1020,-6,-4,0
IMU,13431,-25,324,1022,-6,-4,0
IMU,13441,-27,325,1021,-6,-4,0
IMU,13451,-26,324,1021,-6,-4,0
IMU,13460,-29,325,1025,-6,-4,0
IMU,13470,-30,325,1025,-6,-4,0
IMU,13480,-27,325,1021,-6,-4,0
IMU,13490,-28,323,1024,-6,-4,0
IMU,13500,-29,325,1023,-6,-4,0
IMU,13509,-28,325,1022,-6,-4,0
IMU,13519,-26,327,1022,-6,-4,0
IMU,13529,-25,323,1021,-6,-4,0
IMU,13539,-26,325,1022,-6,-4,0
IMU,13548,-28,324,1021,-6,-4,0
IMU,13558,-27,325,1022,-6,-4,0
IMU,13568,-27,327,1018,-6,-4,0
IMU,13578,-28,327,1021,-6,-4,0
IMU,13587,-30,325,1023,-6,-4,0
IMU,13597,-29,327,1022,-6,-4,0
IMU,13607,-29,328,1024,-6,-4,0
IMU,13617,-30,328,1022,-6,-4,0
IMU,13627,-29,328,1022,-6,-4,0
IMU,13636,-29,330,1020,-6,-4,0
IMU,13647,-27,328,1022,-6,-4,0
IMU,13657,-24,325,1024,-6,-4,0
IMU,13666,-22,320,1024,-6,-4,0
IMU,13676,-22,316,1022,-6,-4,0
IMU,13685,-21,313,1025,-6,-4,0
IMU,13695,-23,311,1025,-6,-4,0
IMU,13705,-22,318,1026,-6,-4,0
IMU,13714,-26,325,1025,-6,-4,0
IMU,13724,-28,329,1023,-6,-4,0
IMU,13734,-32,332,1022,-6,-4,0
IMU,13744,-32,333,1020,-6,-4,0
IMU,13753,-31,331,1022,-6,-4,0
IMU,13763,-28,327,1019,-6,-4,0
IMU,13773,-28,324,1022,-6,-4,0
IMU,13783,-27,320,1022,-6,-4,0
IMU,13792,-23,321,1024,-6,-4,0
IMU,13802,-25,322,1024,-6,-4,0
IMU,13812,-27,324,1021,-6,-4,0
IMU,13822,-28,326,1020,-6,-4,0
IMU,13832,-30,329,1024,-6,-4,0
IMU,13841,-32,330,1024,-6,-4,0
IMU,13851,-30,329,1022,-6,-4,0
IMU,13861,-29,328,1020,-6,-4,0
IMU,13871,-27,328,1018,-6,-4,0
IMU,13880,-28,327,1021,-6,-4,0
IMU,13890,-27,328,1019,-6,-4,0
IMU,13900,-25,328,1020,-6,-4,0
IMU,13910,-25,325,1020,-6,-4,0
IMU,13919,-27,325,1022,-6,-4,0
IMU,13929,-26,323,1019,-6,-4,0
IMU,13939,-25,322,1020,-6,-4,0
IMU,13949,-25,321,1024,-6,-4,0
IMU,13958,-27,321,1024,-6,-4,0
IMU,13968,-26,316,1026,-6,-4,0
IMU,13978,-27,314,1023,-6,-4,0
IMU,13988,-28,316,1023,-6,-4,0
IMU,13998,-30,320,1025,-6,-4,0
IMU,14007,-31,325,1022,-6,-4,0
IMU,14017,-30,325,1020,-6,-4,0
IMU,14027,-30,328,1022,-6,-4,0
IMU,14037,-29,331,1021,-6,-4,0
IMU,14046,-29,332,1019,-6,-4,0
IMU,14056,-28,332,1020,-6,-4,0
IMU,14066,-25,332,1021,-6,-4,0
IMU,14076,-23,331,1024,-6,-4,0
IMU,14085,-26,327,1021,-6,-4,0
IMU,14095,-24,322,1024,-6,-4,0
IMU,14105,-26,320,1025,-6,-4,0
SPM,6852,0.00
SPM,9892,0.00
SPM,12900,0.00
SPM,15946,0.00
SPM,18985,0.00
SPM,22025,0.00
GPS,24359,59.416874,17.982302,0.00,2.73,6
GPS,24857,59.416874,17.982302,0.00,2.73,6
GPS,25365,59.416876,17.982302,0.00,2.87,6
GPS,25853,59.416876,17.982302,0.00,2.87,6
GPS,26361,59.416877,17.982301,0.00,3.02,6
GPS,26849,59.416877,17.982301,0.00,3.02,6
GPS,27377,59.416878,17.982300,0.00,3.14,6
GPS,27865,59.416878,17.982300,0.00,3.14,6
GPS,28373,59.416880,17.982300,0.00,3.32,6
GPS,28861,59.416880,17.982300,0.00,3.32,6
GPS,29370,59.416881,17.982299,0.00,3.44,6
GPS,29857,59.416881,17.982299,0.00,3.44,6
GPS,30365,59.416882,17.982299,0.00,3.62,6
GPS,30853,59.416882,17.982299,0.00,3.62,6
GPS,31361,59.416883,17.982299,0.00,3.73,6
GPS,31849,59.416883,17.982299,0.00,3.73,6
GPS,32357,59.416884,17.982299,0.00,3.81,6
GPS,32855,59.416884,17.982299,0.00,3.81,6
GPS,33363,59.416885,17.982299,0.00,3.88,6
GPS,33852,59.416885,17.982299,0.00,3.88,6
GPS,34359,59.416885,17.982300,0.00,3.91,6
GPS,34847,59.416885,17.982300,0.00,3.91,6
GPS,35365,59.416886,17.982302,0.00,3.97,6
GPS,35853,59.416886,17.982302,0.00,3.97,6
GPS,36361,59.416886,17.982303,0.00,3.98,6
IMU,23900,-27,325,1023,-6,-4,0
IMU,23910,-27,325,1021,-6,-4,0
IMU,23919,-27,327,1023,-6,-4,0
IMU,23929,-26,326,1023,-6,-4,0
IMU,23939,-27,326,1023,-6,-4,0
IMU,23949,-27,326,1024,-6,-4,0
IMU,23958,-27,325,1022,-6,-4,0
IMU,23968,-28,323,1024,-6,-4,0
IMU,23978,-28,325,1024,-6,-4,0
IMU,23988,-28,327,1022,-6,-4,0
IMU,23998,-28,325,1021,-6,-4,0
IMU,24007,-28,325,1020,-6,-4,0
IMU,24017,-28,324,1022,-6,-4,0
IMU,24027,-27,325,1024,-6,-4,0
IMU,24037,-26,324,1023,-6,-4,0
IMU,24046,-26,325,1022,-6,-4,0
IMU,24056,-27,324,1019,-6,-4,0
IMU,24066,-27,327,1020,-6,-4,0
IMU,24076,-27,326,1020,-6,-4,0
IMU,24085,-28,325,1022,-6,-4,0
IMU,24095,-29,325,1023,-6,-4,0
IMU,24105,-28,325,1022,-6,-4,0
IMU,24115,-28,325,1023,-6,-4,0
IMU,24125,-26,322,1022,-6,-4,0
IMU,24134,-27,323,1020,-6,-4,0
IMU,24144,-27,325,1020,-6,-4,0
IMU,24154,-28,324,1021,-6,-4,0
IMU,24164,-28,325,1021,-6,-4,0
IMU,24173,-27,325,1020,-6,-4,0
IMU,24183,-27,325,1024,-6,-4,0
IMU,24193,-29,325,1022,-6,-4,0
IMU,24203,-29,325,1020,-6,-4,0
IMU,24212,-28,323,1023,-6,-4,0
IMU,24222,-27,325,1019,-6,-4,0
IMU,24232,-26,325,1020,-6,-4,0
IMU,24242,-26,326,1020,-6,-4,0
IMU,24251,-27,325,1020,-6,-4,0
IMU,24261,-27,326,1021,-6,-4,0
IMU,24271,-26,325,1021,-6,-4,0
IMU,24281,-27,326,1021,-6,-4,0
IMU,24291,-29,326,1022,-6,-4,0
IMU,24300,-27,325,1021,-6,-4,0
IMU,24310,-26,325,1024,-6,-4,0
IMU,24320,-26,324,1020,-6,-4,0
IMU,24330,-26,325,1020,-6,-4,0
IMU,24339,-27,325,1022,-6,-4,0
IMU,24349,-26,325,1023,-6,-4,0
IMU,24359,-27,324,1023,-6,-4,0
IMU,24369,-27,322,1021,-6,-4,0
IMU,24378,-28,325,1024,-6,-4,0
IMU,24388,-28,326,1022,-6,-4,0
IMU,24398,-28,327,1024,-6,-4,0
IMU,24408,-28,326,1022,-6,-4,0
IMU,24417,-27,326,1023,-6,-4,0
IMU,24428,-27,325,1026,-6,-4,0
IMU,24437,-27,325,1024,-6,-4,0
IMU,24448,-28,326,1023,-6,-4,0
IMU,24457,-27,325,1021,-6,-4,0
IMU,24466,-28,324,1021,-6,-4,0
IMU,24477,-27,324,1020,-6,-4,0
IMU,24486,-28,325,1023,-6,-4,0
IMU,24497,-27,326,1022,-6,-4,0
IMU,24506,-27,325,1024,-6,-4,0
IMU,24515,-27,326,1025,-6,-4,0
IMU,24525,-28,326,1022,-6,-4,0
IMU,24535,-29,326,1021,-6,-4,0
IMU,24544,-29,324,1023,-6,-4,0
IMU,24554,-27,324,1021,-6,-4,0
IMU,24564,-28,324,1022,-6,-4,0
IMU,24574,-27,324,1021,-6,-4,0
IMU,24583,-28,326,1023,-6,-4,0
IMU,24593,-28,325,1023,-6,-4,0
IMU,24603,-27,325,1023,-6,-4,0
IMU,24613,-26,325,1024,-6,-4,0
IMU,24623,-26,324,1022,-6,-4,0
IMU,24632,-27,326,1024,-6,-4,0
IMU,24642,-26,326,1025,-6,-4,0
IMU,24652,-27,324,1021,-6,-4,0
IMU,24662,-28,324,1022,-6,-4,0
IMU,24671,-28,325,1021,-6,-4,0
IMU,24681,-28,326,1021,-6,-4,0
IMU,24691,-28,326,1021,-6,-4,0
IMU,24701,-27,324,1022,-6,-4,0
IMU,24710,-26,325,1022,-6,-4,0
IMU,24720,-27,325,1024,-6,-4,0
IMU,24730,-27,323,1024,-6,-4,0
IMU,24740,-28,324,1023,-6,-4,0
IMU,24750,-28,323,1023,-6,-4,0
IMU,24759,-27,324,1024,-6,-4,0
IMU,24769,-28,326,1022,-6,-4,0
IMU,24779,-28,326,1021,-6,-4,0
IMU,24789,-27,325,1023,-6,-4,0
IMU,24798,-26,324,1025,-6,-4,0
IMU,24808,-28,324,1024,-6,-4,0
IMU,24818,-27,327,1022,-6,-4,0
IMU,24828,-29,326,1023,-6,-4,0
IMU,24837,-27,328,1024,-6,-4,0
IMU,24847,-28,326,1022,-6,-4,0
IMU,24857,-26,325,1021,-6,-4,0
IMU,24867,-28,326,1022,-6,-4,0
IMU,24876,-27,324,1023,-6,-4,0
IMU,24886,-28,325,1021,-6,-4,0
IMU,24896,-27,325,1022,-6,-4,0
IMU,24906,-27,326,1022,-6,-4,0
IMU,24916,-26,326,1022,-6,-4,0
IMU,24925,-26,326,1024,-6,-4,0
IMU,24935,-27,325,1022,-6,-4,0
IMU,24946,-28,323,1021,-6,-4,0
IMU,24955,-26,324,1022,-6,-4,0
IMU,24964,-28,326,1024,-6,-4,0
IMU,24974,-27,325,1025,-6,-4,0
IMU,24984,-27,324,1020,-6,-4,0
IMU,24994,-27,324,1020,-6,-4,0
IMU,25003,-25,324,1022,-6,-4,0
IMU,25013,-28,325,1024,-6,-4,0
IMU,25023,-28,325,1022,-6,-4,0
IMU,25033,-28,324,1023,-6,-4,0
IMU,25042,-28,325,1024,-6,-4,0
IMU,25052,-29,326,1023,-6,-4,0
IMU,25062,-28,324,1023,-6,-4,0
IMU,25072,-27,327,1022,-6,-4,0
IMU,25082,-27,324,1023,-6,-4,0
IMU,25091,-27,325,1021,-6,-4,0
IMU,25101,-26,325,1023,-6,-4,0
IMU,25111,-26,325,1025,-6,-4,0
IMU,25121,-28,327,1023,-6,-4,0
IMU,25130,-28,324,1022,-6,-4,0
IMU,25140,-27,327,1023,-6,-4,0
IMU,25150,-26,327,1022,-6,-4,0
IMU,25160,-27,326,1026,-6,-4,0
IMU,25169,-28,325,1023,-6,-4,0
IMU,25179,-27,327,1024,-6,-4,0
IMU,25189,-28,327,1024,-6,-4,0
IMU,25199,-28,326,1022,-6,-4,0
IMU,25208,-28,326,1022,-6,-4,0
IMU,25218,-28,323,1022,-6,-4,0
IMU,25228,-26,324,1021,-6,-4,0
IMU,25238,-27,325,1021,-6,-4,0
IMU,25248,-26,326,1022,-6,-4,0
IMU,25257,-28,327,1022,-6,-4,0
IMU,25267,-27,324,1022,-6,-4,0
IMU,25277,-28,326,1022,-6,-4,0
IMU,25287,-30,326,1023,-6,-4,0
IMU,25296,-27,325,1025,-6,-4,0
IMU,25306,-28,325,1025,-6,-4,0
IMU,25316,-28,325,1025,-6,-4,0
IMU,25326,-28,324,1022,-6,-4,0
IMU,25335,-27,324,1023,-6,-4,0
IMU,25345,-28,324,1021,-6,-4,0
IMU,25355,-26,326,1023,-6,-4,0
IMU,25365,-27,328,1021,-6,-4,0
IMU,25375,-28,325,1021,-6,-4,0
IMU,25384,-28,325,1021,-6,-4,0
IMU,25394,-28,327,1021,-6,-4,0
IMU,25404,-28,327,1022,-6,-4,0
IMU,25414,-28,325,1024,-6,-4,0
IMU,25423,-26,325,1025,-6,-4,0
IMU,25433,-29,324,1021,-6,-4,0
IMU,25443,-30,323,1021,-6,-4,0
IMU,25453,-27,324,1020,-6,-4,0
IMU,25462,-26,324,1020,-6,-4,0
IMU,25472,-28,326,1022,-6,-4,0
IMU,25482,-28,325,1023,-6,-4,0
IMU,25492,-26,325,1022,-6,-4,0
IMU,25501,-28,325,1022,-6,-4,0
IMU,25511,-28,326,1022,-6,-4,0
IMU,25521,-29,324,1020,-6,-4,0
IMU,25531,-27,325,1020,-6,-4,0
IMU,25541,-27,323,1022,-6,-4,0
IMU,25550,-28,324,1023,-6,-4,0
IMU,25560,-28,326,1021,-6,-4,0
IMU,25570,-29,325,1020,-6,-4,0
IMU,25580,-27,325,1022,-6,-4,0
IMU,25589,-26,326,1020,-6,-4,0
IMU,25599,-26,327,1022,-6,-4,0
IMU,25609,-27,325,1025,-6,-4,0
IMU,25619,-30,324,1022,-6,-4,0
IMU,25629,-29,323,1022,-6,-4,0
IMU,25638,-26,323,1022,-6,-4,0
IMU,25649,-28,325,1022,-6,-4,0
IMU,25659,-26,326,1022,-6,-4,0
IMU,25667,-27,326,1024,-6,-4,0
IMU,25678,-28,326,1023,-6,-4,0
IMU,25687,-29,326,1022,-6,-4,0
IMU,25697,-29,325,1022,-6,-4,0
IMU,25707,-28,325,1022,-6,-4,0
IMU,25716,-28,323,1026,-6,-4,0
IMU,25726,-28,326,1023,-6,-4,0
IMU,25736,-27,326,1023,-6,-4,0
IMU,25746,-28,327,1023,-6,-4,0
IMU,25755,-28,325,1022,-6,-4,0
IMU,25765,-28,325,1021,-6,-4,0
IMU,25775,-25,325,1021,-6,-4,0
IMU,25785,-26,326,1024,-6,-4,0
IMU,25794,-25,326,1021,-6,-4,0
IMU,25804,-25,324,1023,-6,-4,0
IMU,25814,-26,325,1024,-6,-4,0
IMU,25824,-25,327,1022,-6,-4,0
IMU,25833,-27,326,1021,-6,-4,0
IMU,25843,-27,326,1022,-6,-4,0
IMU,25853,-26,325,1022,-6,-4,0
IMU,25863,-28,324,1024,-6,-4,0
IMU,25873,-28,325,1022,-6,-4,0
IMU,25882,-27,326,1022,-6,-4,0
IMU,25892,-27,322,1022,-6,-4,0
IMU,25902,-25,324,1025,-6,-4,0
IMU,25912,-28,325,1021,-6,-4,0
IMU,25921,-28,326,1020,-6,-4,0
IMU,25931,-26,327,1022,-6,-4,0
IMU,25941,-25,326,1024,-6,-4,0
IMU,25951,-26,328,1022,-6,-4,0
IMU,25960,-27,328,1019,-6,-4,0
IMU,25970,-28,325,1021,-6,-4,0
IMU,25980,-28,327,1022,-6,-4,0
IMU,25990,-28,327,1023,-6,-4,0
IMU,26000,-28,326,1023,-6,-4,0
IMU,26009,-29,326,1021,-6,-4,0
IMU,26019,-28,325,1022,-6,-4,0
IMU,26029,-28,328,1020,-6,-4,0
IMU,26039,-28,326,1023,-6,-4,0
IMU,26048,-29,326,1021,-6,-4,0
IMU,26058,-28,325,1024,-6,-4,0
IMU,26068,-28,326,1020,-6,-4,0
IMU,26078,-26,326,1021,-6,-4,0
IMU,26087,-28,324,1024,-6,-4,0
IMU,26097,-28,325,1022,-6,-4,0
IMU,26107,-27,325,1025,-6,-4,0
IMU,26117,-26,325,1024,-6,-4,0
IMU,26126,-28,324,1023,-6,-4,0
IMU,26136,-26,327,1026,-6,-4,0
IMU,26146,-28,324,1023,-6,-4,0
IMU,26156,-28,325,1023,-6,-4,0
IMU,26166,-28,326,1024,-6,-4,0
IMU,26175,-26,325,1024,-6,-4,0
IMU,26185,-28,324,1022,-6,-4,0
IMU,26195,-28,326,1024,-6,-4,0
IMU,26205,-29,326,1022,-6,-4,0
IMU,26214,-27,325,1023,-6,-4,0
IMU,26224,-27,325,1022,-6,-4,0
IMU,26234,-27,326,1023,-6,-4,0
IMU,26244,-29,328,1023,-6,-4,0
IMU,26253,-27,326,1018,-6,-4,0
IMU,26263,-28,326,1022,-6,-4,0
IMU,26273,-28,324,1025,-6,-4,0
IMU,26283,-29,326,1024,-6,-4,0
IMU,26292,-28,323,1025,-6,-4,0
IMU,26302,-27,324,1021,-6,-4,0
IMU,26312,-26,325,1019,-6,-4,0
IMU,26322,-26,327,1020,-6,-4,0
IMU,26332,-28,324,1023,-6,-4,0
IMU,26341,-26,326,1020,-6,-4,0
IMU,26351,-27,326,1024,-6,-4,0
IMU,26361,-26,324,1023,-6,-4,0
IMU,26371,-27,326,1023,-6,-4,0
IMU,26380,-27,326,1023,-6,-4,0
IMU,26390,-27,326,1024,-6,-4,0
IMU,26400,-27,324,1023,-6,-4,0
IMU,26410,-28,324,1023,-6,-4,0
IMU,26419,-27,326,1022,-6,-4,0
IMU,26429,-28,325,1024,-6,-4,0
IMU,26439,-27,325,1024,-6,-4,0
IMU,26449,-26,326,1025,-6,-4,0
IMU,26458,-27,326,1022,-6,-4,0
IMU,26468,-28,326,1020,-6,-4,0
IMU,26479,-26,326,1018,-6,-4,0
IMU,26488,-28,325,1020,-6,-4,0
IMU,26499,-28,324,1019,-6,-4,0
IMU,26508,-28,325,1022,-6,-4,0
IMU,26517,-28,324,1021,-6,-4,0
IMU,26528,-28,326,1022,-6,-4,0
IMU,26537,-28,326,1023,-6,-4,0
IMU,26546,-28,326,1022,-6,-4,0
IMU,26556,-26,326,1023,-6,-4,0
IMU,26566,-27,326,1022,-6,-4,0
IMU,26576,-28,327,1020,-6,-4,0
IMU,26585,-28,325,1022,-6,-4,0
IMU,26595,-28,324,1020,-6,-4,0
IMU,26605,-27,325,1023,-6,-4,0
IMU,26615,-27,324,1022,-6,-4,0
IMU,26625,-28,325,1021,-6,-4,0
IMU,26634,-27,325,1023,-6,-4,0
IMU,26644,-28,323,1022,-6,-4,0
IMU,26654,-28,325,1022,-6,-4,0
IMU,26664,-26,325,1022,-6,-4,0
IMU,26673,-27,325,1025,-6,-4,0
IMU,26683,-26,324,1022,-6,-4,0
IMU,26693,-28,325,1021,-6,-4,0
IMU,26703,-28,325,1021,-6,-4,0
IMU,26712,-27,324,1020,-6,-4,0
IMU,26722,-28,325,1020,-6,-4,0
IMU,26732,-27,325,1024,-6,-4,0
IMU,26742,-27,326,1023,-6,-4,0
IMU,26751,-27,327,1024,-6,-4,0
IMU,26761,-26,326,1022,-6,-4,0
IMU,26771,-27,324,1022,-6,-4,0
IMU,26781,-26,325,1021,-6,-4,0
IMU,26791,-26,323,1023,-6,-4,0
IMU,26800,-28,326,1022,-6,-4,0
IMU,26810,-26,326,1023,-6,-4,0
IMU,26820,-26,325,1023,-6,-4,0
IMU,26830,-27,326,1020,-6,-4,0
IMU,26839,-28,326,1022,-6,-4,0
IMU,26849,-30,325,1021,-6,-4,0
IMU,26859,-28,324,1022,-6,-4,0
IMU,26869,-27,324,1023,-6,-4,0
IMU,26878,-27,323,1023,-6,-4,0
IMU,26888,-28,325,1021,-6,-4,0
IMU,26898,-28,325,1022,-6,-4,0
IMU,26908,-28,326,1021,-6,-4,0
IMU,26917,-27,325,1022,-6,-4,0
IMU,26927,-28,326,1023,-6,-4,0
IMU,26937,-28,326,1020,-6,-4,0
IMU,26947,-30,327,1021,-6,-4,0
IMU,26957,-30,326,1022,-6,-4,0
IMU,26966,-28,324,1020,-6,-4,0
IMU,26976,-27,325,1021,-6,-4,0
IMU,26986,-29,325,1021,-6,-4,0
IMU,26996,-29,325,1022,-6,-4,0
IMU,27005,-28,327,1023,-6,-4,0
IMU,27015,-26,325,1025,-6,-4,0
IMU,27025,-26,325,1020,-6,-4,0
IMU,27035,-30,324,1023,-6,-4,0
IMU,27044,-29,324,1025,-6,-4,0
IMU,27054,-28,327,1022,-6,-4,0
IMU,27064,-28,326,1022,-6,-4,0
IMU,27074,-28,325,1022,-6,-4,0
IMU,27083,-28,325,1022,-6,-4,0
IMU,27093,-27,324,1022,-6,-4,0
IMU,27103,-25,325,1019,-6,-4,0
IMU,27113,-26,324,1022,-6,-4,0
IMU,27123,-27,324,1024,-6,-4,0
IMU,27132,-28,326,1021,-6,-4,0
IMU,27142,-27,326,1018,-6,-4,0
IMU,27152,-28,325,1020,-6,-4,0
IMU,27162,-25,325,1021,-6,-4,0
IMU,27171,-26,325,1022,-6,-4,0
IMU,27181,-25,325,1023,-6,-4,0
IMU,27191,-26,326,1026,-6,-4,0
IMU,27201,-28,326,1024,-6,-4,0
IMU,27210,-29,326,1022,-6,-4,0
IMU,27220,-27,325,1021,-6,-4,0
IMU,27230,-27,327,1023,-6,-4,0
IMU,27240,-27,326,1023,-6,-4,0
IMU,27250,-27,325,1022,-6,-4,0
IMU,27259,-28,326,1022,-6,-4,0
IMU,27269,-28,326,1019,-6,-4,0
IMU,27279,-27,325,1023,-6,-4,0
IMU,27289,-29,324,1021,-6,-4,0
IMU,27298,-30,325,1023,-6,-4,0
IMU,27308,-26,326,1021,-6,-4,0
IMU,27318,-27,328,1022,-6,-4,0
IMU,27328,-28,326,1022,-6,-4,0
IMU,27337,-28,324,1021,-6,-4,0
IMU,27347,-28,325,1022,-6,-4,0
IMU,27357,-28,324,1020,-6,-4,0
IMU,27367,-28,324,1022,-6,-4,0
IMU,27377,-28,324,1024,-6,-4,0
IMU,27386,-28,325,1023,-6,-4,0
IMU,27396,-29,326,1021,-6,-4,0
IMU,27407,-28,326,1022,-6,-4,0
IMU,27416,-28,325,1025,-6,-4,0
IMU,27426,-27,325,1024,-6,-4,0
IMU,27436,-28,324,1022,-6,-4,0
IMU,27445,-27,324,1023,-6,-4,0
IMU,27455,-27,327,1022,-6,-4,0
IMU,27464,-25,326,1023,-6,-4,0
IMU,27474,-27,324,1023,-6,-4,0
IMU,27484,-27,325,1022,-6,-4,0
IMU,27494,-25,325,1023,-6,-4,0
IMU,27503,-27,326,1024,-6,-4,0
IMU,27513,-28,327,1023,-6,-4,0
IMU,27523,-28,326,1019,-6,-4,0
IMU,27533,-25,326,1022,-6,-4,0
IMU,27542,-26,326,1020,-6,-4,0
IMU,27552,-26,326,1020,-6,-4,0
IMU,27562,-27,326,1023,-6,-4,0
IMU,27572,-26,325,1022,-6,-4,0
IMU,27582,-26,324,1022,-6,-4,0
IMU,27591,-27,326,1021,-6,-4,0
IMU,27601,-26,325,1021,-6,-4,0
IMU,27611,-28,324,1019,-6,-4,0
IMU,27621,-27,324,1022,-6,-4,0
IMU,27630,-25,324,1023,-6,-4,0
IMU,27640,-26,325,1021,-6,-4,0
IMU,27650,-28,325,1020,-6,-4,0
IMU,27660,-28,326,1024,-6,-4,0
IMU,27669,-27,327,1021,-6,-4,0
IMU,27679,-27,325,1020,-6,-4,0
IMU,27689,-28,325,1021,-6,-4,0
IMU,27699,-28,326,1020,-6,-4,0
IMU,27708,-28,326,1021,-6,-4,0
IMU,27718,-28,326,1021,-6,-4,0
IMU,27728,-27,326,1021,-6,-4,0
IMU,27738,-29,326,1022,-6,-4,0
IMU,27748,-28,325,1020,-6,-4,0
IMU,27757,-28,326,1022,-6,-4,0
IMU,27767,-28,326,1022,-6,-4,0
IMU,27777,-27,326,1022,-6,-4,0
IMU,27787,-25,326,1021,-6,-4,0
IMU,27796,-29,327,1021,-6,-4,0
IMU,27806,-28,325,1022,-6,-4,0
IMU,27816,-28,325,1021,-6,-4,0
IMU,27826,-29,325,1019,-6,-4,0
IMU,27835,-29,325,1021,-6,-4,0
IMU,27845,-27,324,1020,-6,-4,0
IMU,27855,-28,324,1020,-6,-4,0
IMU,27865,-27,324,1022,-6,-4,0
IMU,27875,-27,324,1024,-6,-4,0
IMU,27884,-28,324,1020,-6,-4,0
IMU,27894,-28,325,1022,-6,-4,0
IMU,27904,-27,324,1020,-6,-4,0
IMU,27914,-26,324,1022,-6,-4,0
IMU,27924,-27,324,1024,-6,-4,0
IMU,27933,-27,324,1024,-6,-4,0
IMU,27943,-27,324,1024,-6,-4,0
IMU,27954,-28,327,1023,-6,-4,0
IMU,27962,-27,325,1021,-6,-4,0
IMU,27973,-27,325,1024,-6,-4,0
IMU,27982,-27,325,1023,-6,-4,0
IMU,27992,-28,324,1023,-6,-4,0
IMU,28001,-27,324,1024,-6,-4,0
IMU,28011,-26,324,1020,-6,-4,0
IMU,28021,-28,325,1023,-6,-4,0
IMU,28031,-27,325,1022,-6,-4,0
IMU,28041,-28,325,1023,-6,-4,0
IMU,28050,-28,324,1021,-6,-4,0
IMU,28060,-28,327,1021,-6,-4,0
IMU,28070,-27,326,1023,-6,-4,0
IMU,28080,-26,324,1020,-6,-4,0
IMU,28089,-28,325,1022,-6,-4,0
IMU,28099,-27,324,1023,-6,-4,0
IMU,28109,-28,325,1022,-6,-4,0
IMU,28119,-28,323,1023,-6,-4,0
IMU,28128,-28,324,1023,-6,-4,0
IMU,28138,-27,324,1021,-6,-4,0
IMU,28148,-27,326,1022,-6,-4,0
IMU,28158,-27,324,1022,-6,-4,0
IMU,28167,-29,325,1021,-6,-4,0
IMU,28177,-30,326,1021,-6,-4,0
IMU,28187,-28,327,1021,-6,-4,0
IMU,28197,-27,327,1023,-6,-4,0
IMU,28207,-27,328,1024,-6,-4,0
IMU,28216,-29,326,1023,-6,-4,0
IMU,28226,-28,323,1021,-6,-4,0
IMU,28236,-29,326,1022,-6,-4,0
IMU,28246,-28,326,1023,-6,-4,0
IMU,28255,-27,327,1023,-6,-4,0
IMU,28265,-29,325,1024,-6,-4,0
IMU,28275,-28,324,1023,-6,-4,0
IMU,28285,-28,324,1022,-6,-4,0
IMU,28294,-26,325,1021,-6,-4,0
IMU,28304,-27,327,1020,-6,-4,0
IMU,28314,-27,327,1021,-6,-4,0
IMU,28324,-29,326,1022,-6,-4,0
IMU,28333,-27,326,1023,-6,-4,0
IMU,28343,-28,326,1021,-6,-4,0
IMU,28353,-27,325,1022,-6,-4,0
IMU,28363,-27,325,1024,-6,-4,0
IMU,28373,-27,326,1023,-6,-4,0
IMU,28382,-29,326,1022,-6,-4,0
IMU,28392,-26,324,1022,-6,-4,0
IMU,28402,-30,323,1022,-6,-4,0
IMU,28412,-29,326,1022,-6,-4,0
IMU,28421,-27,326,1023,-6,-4,0
IMU,28431,-27,327,1024,-6,-4,0
IMU,28441,-25,326,1022,-6,-4,0
IMU,28451,-28,326,1023,-6,-4,0
IMU,28460,-28,326,1020,-6,-4,0
IMU,28470,-27,326,1019,-6,-4,0
IMU,28480,-28,326,1023,-6,-4,0
IMU,28490,-28,326,1023,-6,-4,0
IMU,28500,-28,326,1024,-6,-4,0
IMU,28509,-26,327,1022,-6,-4,0
IMU,28519,-27,327,1022,-6,-4,0
IMU,28529,-27,324,1021,-6,-4,0
IMU,28539,-28,325,1023,-6,-4,0
IMU,28548,-27,324,1021,-6,-4,0
IMU,28558,-27,325,1022,-6,-4,0
IMU,28568,-28,327,1023,-6,-4,0
IMU,28578,-28,327,1023,-6,-4,0
IMU,28587,-26,326,1024,-6,-4,0
IMU,28597,-27,326,1022,-6,-4,0
IMU,28607,-28,322,1018,-6,-4,0
IMU,28617,-27,324,1021,-6,-4,0
IMU,28627,-26,326,1023,-6,-4,0
IMU,28636,-28,327,1023,-6,-4,0
IMU,28647,-28,326,1023,-6,-4,0
IMU,28656,-27,325,1022,-6,-4,0
IMU,28666,-29,326,1023,-6,-4,0
IMU,28676,-28,326,1020,-6,-4,0
IMU,28685,-29,327,1020,-6,-4,0
IMU,28695,-27,326,1020,-6,-4,0
IMU,28705,-26,327,1020,-6,-4,0
IMU,28714,-27,325,1024,-6,-4,0
IMU,28724,-27,326,1019,-6,-4,0
IMU,28734,-28,326,1022,-6,-4,0
IMU,28744,-28,326,1023,-6,-4,0
IMU,28753,-28,326,1024,-6,-4,0
IMU,28763,-28,325,1023,-6,-4,0
IMU,28773,-26,325,1022,-6,-4,0
IMU,28783,-28,325,1023,-6,-4,0
IMU,28792,-28,326,1023,-6,-4,0
IMU,28802,-27,326,1021,-6,-4,0
IMU,28812,-28,324,1022,-6,-4,0
IMU,28822,-28,325,1024,-6,-4,0
IMU,28832,-27,326,1022,-6,-4,0
IMU,28841,-28,325,1022,-6,-4,0
IMU,28851,-28,325,1023,-6,-4,0
IMU,28861,-27,324,1021,-6,-4,0
IMU,28871,-26,326,1021,-6,-4,0
IMU,28880,-27,327,1024,-6,-4,0
IMU,28890,-28,325,1024,-6,-4,0
IMU,28900,-30,325,1026,-6,-4,0
IMU,28910,-29,325,1021,-6,-4,0
IMU,28919,-27,326,1021,-6,-4,0
IMU,28929,-27,328,1022,-6,-4,0
IMU,28939,-27,326,1019,-6,-4,0
IMU,28949,-28,326,1021,-6,-4,0
IMU,28958,-28,326,1024,-6,-4,0
IMU,28968,-28,327,1024,-6,-4,0
IMU,28978,-30,324,1023,-6,-4,0
IMU,28988,-27,326,1023,-6,-4,0
IMU,28998,-27,324,1020,-6,-4,0
IMU,29007,-26,325,1022,-6,-4,0
IMU,29017,-27,325,1022,-6,-4,0
IMU,29027,-26,324,1022,-6,-4,0
IMU,29037,-29,325,1023,-6,-4,0
IMU,29046,-28,326,1023,-6,-4,0
IMU,29056,-28,324,1023,-6,-4,0
IMU,29066,-29,325,1019,-6,-4,0
IMU,29076,-27,324,1022,-6,-4,0
IMU,29085,-28,324,1022,-6,-4,0
IMU,29095,-28,323,1023,-6,-4,0
IMU,29105,-28,325,1024,-6,-4,0
IMU,29115,-28,326,1022,-6,-4,0
IMU,29125,-28,326,1021,-6,-4,0
IMU,29134,-28,326,1023,-6,-4,0
IMU,29144,-29,323,1022,-6,-4,0
IMU,29154,-29,325,1022,-6,-4,0
IMU,29164,-28,325,1023,-6,-4,0
IMU,29173,-26,324,1024,-6,-4,0
IMU,29183,-28,325,1023,-6,-4,0
IMU,29193,-28,325,1020,-6,-4,0
IMU,29203,-28,325,1022,-6,-4,0
IMU,29212,-27,325,1018,-6,-4,0
IMU,29222,-27,325,1020,-6,-4,0
IMU,29232,-25,324,1025,-6,-4,0
IMU,29242,-27,326,1023,-6,-4,0
IMU,29251,-27,326,1024,-6,-4,0
IMU,29261,-27,326,1025,-6,-4,0
IMU,29271,-27,326,1021,-6,-4,0
IMU,29281,-27,327,1023,-6,-4,0
IMU,29291,-28,326,1021,-6,-4,0
IMU,29300,-26,325,1023,-6,-4,0
IMU,29310,-28,324,1024,-6,-4,0
IMU,29321,-28,326,1022,-6,-4,0
IMU,29330,-26,326,1023,-6,-4,0
IMU,29340,-27,323,1024,-6,-4,0
IMU,29350,-26,325,1023,-6,-4,0
IMU,29359,-27,326,1021,-6,-4,0
IMU,29370,-27,325,1020,-6,-4,0
IMU,29378,-28,327,1023,-6,-4,0
IMU,29388,-28,326,1022,-6,-4,0
IMU,29398,-27,324,1019,-6,-4,0
IMU,29408,-27,326,1023,-6,-4,0
IMU,29417,-27,326,1019,-6,-4,0
IMU,29427,-28,325,1025,-6,-4,0
IMU,29437,-29,324,1021,-6,-4,0
IMU,29447,-28,326,1020,-6,-4,0
IMU,29457,-28,325,1021,-6,-4,0
IMU,29466,-26,325,1023,-6,-4,0
IMU,29476,-25,326,1023,-6,-4,0
IMU,29486,-28,327,1022,-6,-4,0
IMU,29496,-28,325,1022,-6,-4,0
IMU,29505,-28,326,1023,-6,-4,0
IMU,29515,-28,326,1020,-6,-4,0
IMU,29525,-27,327,1024,-6,-4,0
IMU,29535,-26,327,1023,-6,-4,0
IMU,29544,-27,327,1022,-6,-4,0
IMU,29554,-27,326,1022,-6,-4,0
IMU,29564,-26,326,1023,-6,-4,0
IMU,29574,-28,324,1023,-6,-4,0
IMU,29583,-27,325,1024,-6,-4,0
IMU,29593,-27,325,1024,-6,-4,0
IMU,29603,-28,325,1023,-6,-4,0
IMU,29613,-28,324,1022,-6,-4,0
IMU,29623,-29,325,1023,-6,-4,0
IMU,29632,-28,327,1023,-6,-4,0
IMU,29642,-29,327,1022,-6,-4,0
IMU,29652,-28,324,1021,-6,-4,0
IMU,29662,-28,324,1023,-6,-4,0
IMU,29671,-28,325,1024,-6,-4,0
IMU,29681,-25,325,1025,-6,-4,0
IMU,29691,-27,326,1026,-6,-4,0
IMU,29701,-25,325,1024,-6,-4,0
IMU,29710,-27,325,1024,-6,-4,0
IMU,29720,-26,325,1020,-6,-4,0
IMU,29730,-29,325,1020,-6,-4,0
IMU,29740,-31,327,1023,-6,-4,0
IMU,29750,-27,324,1022,-6,-4,0
IMU,29759,-28,325,1020,-6,-4,0
IMU,29769,-28,326,1024,-6,-4,0
IMU,29779,-28,325,1020,-6,-4,0
IMU,29789,-28,324,1018,-6,-4,0
IMU,29798,-27,324,1022,-6,-4,0
IMU,29808,-26,324,1025,-6,-4,0
IMU,29818,-29,325,1024,-6,-4,0
IMU,29828,-30,325,1024,-6,-4,0
IMU,29838,-30,324,1019,-6,-4,0
IMU,29847,-28,324,1021,-6,-4,0
IMU,29857,-27,325,1022,-6,-4,0
IMU,29868,-27,324,1024,-6,-4,0
IMU,29876,-28,322,1023,-6,-4,0
IMU,29887,-29,325,1023,-6,-4,0
IMU,29896,-26,324,1022,-6,-4,0
IMU,29906,-27,325,1023,-6,-4,0
IMU,29916,-26,325,1021,-6,-4,0
IMU,29925,-28,325,1022,-6,-4,0
IMU,29935,-28,326,1023,-6,-4,0
IMU,29945,-26,326,1020,-6,-4,0
IMU,29955,-26,325,1020,-6,-4,0
IMU,29964,-27,325,1021,-6,-4,0
IMU,29974,-28,324,1021,-6,-4,0
IMU,29984,-28,326,1019,-6,-4,0
IMU,29994,-28,324,1021,-6,-4,0
IMU,30003,-27,326,1020,-6,-4,0
IMU,30013,-27,325,1024,-6,-4,0
IMU,30023,-27,325,1022,-6,-4,0
IMU,30033,-29,326,1022,-6,-4,0
IMU,30042,-27,325,1019,-6,-4,0
IMU,30052,-28,325,1021,-6,-4,0
IMU,30062,-27,323,1022,-6,-4,0
IMU,30072,-28,323,1021,-6,-4,0
IMU,30082,-28,325,1022,-6,-4,0
IMU,30091,-28,326,1023,-6,-4,0
IMU,30101,-27,327,1027,-6,-4,0
IMU,30111,-28,327,1026,-6,-4,0
IMU,30121,-27,325,1023,-6,-4,0
IMU,30130,-27,324,1021,-6,-4,0
IMU,30140,-27,325,1023,-6,-4,0
IMU,30150,-27,325,1024,-6,-4,0
IMU,30160,-27,326,1021,-6,-4,0
IMU,30169,-25,324,1022,-6,-4,0
IMU,30179,-26,326,1020,-6,-4,0
IMU,30189,-26,327,1021,-6,-4,0
IMU,30199,-28,326,1019,-6,-4,0
IMU,30208,-28,325,1023,-6,-4,0
IMU,30218,-27,324,1023,-6,-4,0
IMU,30228,-27,325,1023,-6,-4,0
IMU,30238,-27,327,1022,-6,-4,0
IMU,30248,-26,325,1023,-6,-4,0
IMU,30257,-27,325,1022,-6,-4,0
IMU,30267,-28,323,1022,-6,-4,0
IMU,30277,-27,326,1024,-6,-4,0
IMU,30287,-26,323,1023,-6,-4,0
IMU,30296,-27,325,1023,-6,-4,0
IMU,30306,-26,326,1022,-6,-4,0
IMU,30316,-28,325,1020,-6,-4,0
IMU,30326,-27,325,1022,-6,-4,0
IMU,30335,-26,325,1023,-6,-4,0
IMU,30345,-27,327,1024,-6,-4,0
IMU,30355,-28,327,1022,-6,-4,0
IMU,30365,-28,328,1021,-6,-4,0
IMU,30375,-28,325,1022,-6,-4,0
IMU,30384,-27,325,1022,-6,-4,0
IMU,30394,-27,326,1024,-6,-4,0
IMU,30404,-26,325,1021,-6,-4,0
IMU,30414,-27,326,1021,-6,-4,0
IMU,30423,-27,326,1022,-6,-4,0
IMU,30433,-27,327,1023,-6,-4,0
IMU,30443,-28,325,1022,-6,-4,0
IMU,30453,-27,325,1022,-6,-4,0
IMU,30462,-26,326,1021,-6,-4,0
IMU,30472,-27,326,1022,-6,-4,0
IMU,30482,-28,325,1019,-6,-4,0
IMU,30492,-27,327,1020,-6,-4,0
IMU,30501,-26,326,1020,-6,-4,0
IMU,30511,-27,326,1021,-6,-4,0
IMU,30521,-26,327,1023,-6,-4,0
IMU,30531,-28,328,1022,-6,-4,0
IMU,30541,-27,325,1024,-6,-4,0
IMU,30550,-27,325,1023,-6,-4,0
IMU,30560,-26,324,1019,-6,-4,0
IMU,30570,-28,324,1019,-6,-4,0
IMU,30580,-28,325,1018,-6,-4,0
IMU,30589,-28,325,1019,-6,-4,0
IMU,30599,-28,325,1022,-6,-4,0
IMU,30609,-27,324,1022,-6,-4,0
IMU,30620,-25,324,1021,-6,-4,0
IMU,30628,-26,327,1019,-6,-4,0
IMU,30639,-27,324,1023,-6,-4,0
IMU,30649,-28,324,1024,-6,-4,0
IMU,30658,-27,325,1022,-6,-4,0
IMU,30668,-26,325,1020,-6,-4,0
IMU,30677,-26,325,1022,-6,-4,0
IMU,30687,-27,325,1021,-6,-4,0
IMU,30698,-27,326,1020,-6,-4,0
IMU,30707,-27,324,1023,-6,-4,0
IMU,30716,-28,326,1021,-6,-4,0
IMU,30727,-28,325,1024,-6,-4,0
IMU,30736,-28,325,1025,-6,-4,0
IMU,30746,-27,326,1023,-6,-4,0
IMU,30755,-28,326,1021,-6,-4,0
IMU,30765,-28,327,1023,-6,-4,0
IMU,30775,-27,327,1021,-6,-4,0
IMU,30785,-28,326,1020,-6,-4,0
IMU,30794,-28,325,1023,-6,-4,0
IMU,30804,-29,324,1021,-6,-4,0
IMU,30814,-28,325,1020,-6,-4,0
IMU,30824,-29,325,1023,-6,-4,0
IMU,30833,-28,327,1023,-6,-4,0
IMU,30843,-28,325,1024,-6,-4,0
IMU,30853,-27,325,1022,-6,-4,0
IMU,30863,-28,325,1021,-6,-4,0
IMU,30873,-27,325,1022,-6,-4,0
IMU,30882,-28,325,1025,-6,-4,0
IMU,30892,-28,325,1022,-6,-4,0
IMU,30902,-27,324,1024,-6,-4,0
IMU,30912,-28,324,1021,-6,-4,0
IMU,30921,-26,327,1023,-6,-4,0
IMU,30931,-28,326,1025,-6,-4,0
IMU,30941,-28,327,1025,-6,-4,0
IMU,30951,-30,326,1021,-6,-4,0
IMU,30960,-27,325,1021,-6,-4,0
IMU,30970,-27,325,1025,-6,-4,0
IMU,30980,-26,324,1024,-6,-4,0
IMU,30990,-27,327,1024,-6,-4,0
IMU,31000,-27,326,1021,-6,-4,0
IMU,31009,-28,325,1023,-6,-4,0
IMU,31019,-26,326,1021,-6,-4,0
IMU,31029,-28,325,1021,-6,-4,0
IMU,31039,-29,325,1021,-6,-4,0
IMU,31048,-28,323,1022,-6,-4,0
IMU,31058,-27,325,1024,-6,-4,0
IMU,31068,-27,324,1021,-6,-4,0
IMU,31078,-30,325,1022,-6,-4,0
IMU,31087,-28,325,1020,-6,-4,0
IMU,31097,-27,324,1021,-6,-4,0
IMU,31107,-28,325,1019,-6,-4,0
IMU,31117,-28,324,1022,-6,-4,0
IMU,31126,-27,324,1023,-6,-4,0
IMU,31136,-26,325,1025,-6,-4,0
IMU,31146,-27,325,1022,-6,-4,0
IMU,31156,-28,325,1024,-6,-4,0
IMU,31166,-27,325,1022,-6,-4,0
IMU,31175,-28,326,1023,-6,-4,0
IMU,31185,-27,327,1020,-6,-4,0
IMU,31195,-26,325,1021,-6,-4,0
IMU,31205,-28,326,1021,-6,-4,0
IMU,31214,-28,325,1022,-6,-4,0
IMU,31224,-28,325,1021,-6,-4,0
IMU,31234,-28,326,1022,-6,-4,0
IMU,31244,-28,327,1022,-6,-4,0
IMU,31253,-28,327,1023,-6,-4,0
IMU,31263,-28,324,1023,-6,-4,0
IMU,31273,-28,324,1023,-6,-4,0
IMU,31283,-25,325,1025,-6,-4,0
IMU,31292,-29,323,1027,-6,-4,0
IMU,31302,-28,324,1024,-6,-4,0
IMU,31312,-27,325,1024,-6,-4,0
IMU,31322,-28,323,1023,-6,-4,0
IMU,31332,-27,325,1023,-6,-4,0
IMU,31341,-27,324,1023,-6,-4,0
IMU,31351,-25,323,1023,-6,-4,0
IMU,31361,-28,324,1024,-6,-4,0
IMU,31371,-26,325,1023,-6,-4,0
IMU,31380,-26,325,1022,-6,-4,0
IMU,31391,-27,325,1020,-6,-4,0
IMU,31400,-27,327,1021,-6,-4,0
IMU,31410,-27,326,1020,-6,-4,0
IMU,31420,-28,327,1019,-6,-4,0
IMU,31429,-27,326,1021,-6,-4,0
IMU,31440,-28,325,1024,-6,-4,0
IMU,31450,-28,325,1021,-6,-4,0
IMU,31458,-28,325,1022,-6,-4,0
IMU,31468,-27,326,1024,-6,-4,0
IMU,31478,-28,327,1025,-6,-4,0
IMU,31488,-27,326,1021,-6,-4,0
IMU,31498,-27,326,1023,-6,-4,0
IMU,31507,-27,325,1023,-6,-4,0
IMU,31517,-28,327,1022,-6,-4,0
IMU,31527,-28,324,1020,-6,-4,0
IMU,31537,-28,323,1022,-6,-4,0
IMU,31546,-28,324,1022,-6,-4,0
IMU,31556,-28,324,1024,-6,-4,0
IMU,31566,-26,327,1023,-6,-4,0
IMU,31576,-27,326,1022,-6,-4,0
IMU,31585,-28,323,1023,-6,-4,0
IMU,31595,-27,326,1023,-6,-4,0
IMU,31605,-26,327,1020,-6,-4,0
IMU,31615,-29,326,1019,-6,-4,0
IMU,31625,-27,325,1021,-6,-4,0
IMU,31634,-28,325,1025,-6,-4,0
IMU,31644,-29,324,1022,-6,-4,0
IMU,31654,-29,324,1021,-6,-4,0
IMU,31664,-27,323,1019,-6,-4,0
IMU,31673,-28,325,1021,-6,-4,0
IMU,31683,-28,325,1023,-6,-4,0
IMU,31693,-28,324,1022,-6,-4,0
IMU,31703,-27,325,1022,-6,-4,0
IMU,31712,-27,326,1021,-6,-4,0
IMU,31722,-27,324,1024,-6,-4,0
IMU,31732,-25,326,1024,-6,-4,0
IMU,31742,-27,326,1020,-6,-4,0
IMU,31751,-27,325,1021,-6,-4,0
IMU,31761,-26,326,1022,-6,-4,0
IMU,31771,-26,324,1021,-6,-4,0
IMU,31781,-27,323,1023,-6,-4,0
IMU,31791,-27,325,1025,-6,-4,0
IMU,31800,-27,324,1023,-6,-4,0
IMU,31810,-26,325,1022,-6,-4,0
IMU,31820,-27,324,1022,-6,-4,0
IMU,31830,-27,324,1021,-6,-4,0
IMU,31839,-28,323,1023,-6,-4,0
IMU,31849,-28,324,1021,-6,-4,0
IMU,31859,-28,324,1022,-6,-4,0
IMU,31869,-27,325,1022,-6,-4,0
IMU,31878,-27,324,1021,-6,-4,0
IMU,31888,-28,325,1022,-6,-4,0
IMU,31898,-27,326,1021,-6,-4,0
IMU,31909,-27,325,1023,-6,-4,0
IMU,31918,-27,325,1022,-6,-4,0
IMU,31927,-26,325,1021,-6,-4,0
IMU,31938,-27,327,1022,-6,-4,0
IMU,31947,-27,325,1021,-6,-4,0
IMU,31957,-26,326,1020,-6,-4,0
IMU,31966,-25,328,1020,-6,-4,0
IMU,31976,-28,325,1021,-6,-4,0
IMU,31986,-26,324,1024,-6,-4,0
IMU,31996,-27,327,1024,-6,-4,0
IMU,32005,-27,326,1024,-6,-4,0
IMU,32015,-27,326,1023,-6,-4,0
IMU,32025,-27,326,1024,-6,-4,0
IMU,32035,-29,325,1021,-6,-4,0
IMU,32044,-26,327,1024,-6,-4,0
IMU,32054,-26,325,1024,-6,-4,0
IMU,32064,-28,326,1022,-6,-4,0
IMU,32074,-26,325,1021,-6,-4,0
IMU,32083,-28,324,1022,-6,-4,0
IMU,32093,-28,323,1024,-6,-4,0
IMU,32103,-27,325,1022,-6,-4,0
IMU,32113,-26,325,1023,-6,-4,0
IMU,32123,-25,326,1022,-6,-4,0
IMU,32132,-26,326,1021,-6,-4,0
IMU,32142,-26,327,1022,-6,-4,0
IMU,32152,-27,325,1023,-6,-4,0
IMU,32162,-25,326,1020,-6,-4,0
IMU,32171,-27,326,1022,-6,-4,0
IMU,32181,-29,326,1018,-6,-4,0
IMU,32191,-27,326,1021,-6,-4,0
IMU,32201,-26,326,1022,-6,-4,0
IMU,32210,-28,327,1021,-6,-4,0
IMU,32220,-28,325,1020,-6,-4,0
IMU,32230,-28,326,1022,-6,-4,0
IMU,32240,-28,327,1022,-6,-4,0
IMU,32250,-28,325,1023,-6,-4,0
IMU,32259,-27,326,1021,-6,-4,0
IMU,32269,-26,324,1019,-6,-4,0
IMU,32279,-29,325,1021,-6,-4,0
IMU,32289,-27,324,1023,-6,-4,0
IMU,32298,-26,325,1023,-6,-4,0
IMU,32308,-26,327,1023,-6,-4,0
IMU,32318,-26,326,1022,-6,-4,0
IMU,32328,-29,327,1022,-6,-4,0
IMU,32337,-28,325,1024,-6,-4,0
IMU,32347,-26,327,1021,-6,-4,0
IMU,32357,-28,326,1021,-6,-4,0
IMU,32367,-28,325,1024,-6,-4,0
IMU,32376,-28,325,1022,-6,-4,0
IMU,32386,-28,325,1021,-6,-4,0
IMU,32396,-29,324,1018,-6,-4,0
IMU,32406,-28,325,1019,-6,-4,0
IMU,32416,-27,325,1022,-6,-4,0
IMU,32425,-28,325,1022,-6,-4,0
IMU,32435,-28,325,1022,-6,-4,0
IMU,32445,-28,326,1023,-6,-4,0
IMU,32455,-28,325,1021,-6,-4,0
IMU,32464,-28,326,1024,-6,-4,0
IMU,32474,-28,324,1021,-6,-4,0
IMU,32484,-27,325,1022,-6,-4,0
IMU,32494,-28,328,1022,-6,-4,0
IMU,32503,-26,326,1022,-6,-4,0
IMU,32513,-27,325,1022,-6,-4,0
IMU,32523,-26,324,1023,-6,-4,0
IMU,32533,-27,324,1024,-6,-4,0
IMU,32542,-27,326,1023,-6,-4,0
IMU,32552,-26,325,1020,-6,-4,0
IMU,32562,-26,326,1021,-6,-4,0
IMU,32572,-28,328,1023,-6,-4,0
IMU,32582,-27,325,1023,-6,-4,0
IMU,32592,-28,325,1024,-6,-4,0
IMU,32602,-28,325,1021,-6,-4,0
IMU,32611,-27,325,1023,-6,-4,0
IMU,32622,-26,325,1019,-6,-4,0
IMU,32630,-26,324,1021,-6,-4,0
IMU,32640,-27,326,1025,-6,-4,0
IMU,32651,-29,325,1023,-6,-4,0
IMU,32660,-27,326,1022,-6,-4,0
IMU,32669,-27,325,1023,-6,-4,0
IMU,32680,-27,325,1022,-6,-4,0
IMU,32689,-27,326,1022,-6,-4,0
IMU,32699,-26,324,1020,-6,-4,0
IMU,32708,-26,324,1022,-6,-4,0
IMU,32718,-26,324,1021,-6,-4,0
IMU,32728,-26,326,1020,-6,-4,0
IMU,32738,-27,326,1021,-6,-4,0
IMU,32748,-26,326,1024,-6,-4,0
IMU,32757,-27,323,1022,-6,-4,0
IMU,32767,-27,325,1023,-6,-4,0
IMU,32777,-28,325,1023,-6,-4,0
IMU,32787,-28,326,1021,-6,-4,0
IMU,32796,-26,324,1024,-6,-4,0
IMU,32806,-25,325,1023,-6,-4,0
IMU,32816,-26,326,1023,-6,-4,0
IMU,32826,-28,325,1022,-6,-4,0
IMU,32835,-26,324,1022,-6,-4,0
IMU,32845,-26,327,1024,-6,-4,0
IMU,32855,-27,327,1022,-6,-4,0
IMU,32865,-27,325,1023,-6,-4,0
IMU,32875,-28,326,1020,-6,-4,0
IMU,32884,-29,326,1021,-6,-4,0
IMU,32894,-28,325,1021,-6,-4,0
IMU,32904,-27,327,1022,-6,-4,0
IMU,32914,-25,327,1023,-6,-4,0
IMU,32923,-27,326,1022,-6,-4,0
IMU,32933,-27,325,1024,-6,-4,0
IMU,32943,-28,325,1024,-6,-4,0
IMU,32953,-28,327,1022,-6,-4,0
IMU,32962,-29,326,1023,-6,-4,0
IMU,32972,-28,325,1024,-6,-4,0
IMU,32982,-28,325,1024,-6,-4,0
IMU,32992,-27,326,1023,-6,-4,0
IMU,33001,-26,326,1020,-6,-4,0
IMU,33011,-27,326,1019,-6,-4,0
IMU,33021,-28,328,1022,-6,-4,0
IMU,33031,-28,328,1023,-6,-4,0
IMU,33041,-28,325,1022,-6,-4,0
IMU,33050,-26,326,1021,-6,-4,0
IMU,33060,-27,326,1023,-6,-4,0
IMU,33070,-27,325,1022,-6,-4,0
IMU,33080,-26,324,1023,-6,-4,0
IMU,33089,-25,324,1021,-6,-4,0
IMU,33099,-28,326,1022,-6,-4,0
IMU,33109,-29,326,1021,-6,-4,0
IMU,33119,-28,324,1020,-6,-4,0
IMU,33128,-28,326,1021,-6,-4,0
IMU,33138,-27,324,1025,-6,-4,0
IMU,33148,-27,325,1021,-6,-4,0
IMU,33158,-25,324,1023,-6,-4,0
IMU,33167,-26,324,1021,-6,-4,0
IMU,33177,-26,324,1025,-6,-4,0
IMU,33187,-27,324,1023,-6,-4,0
IMU,33197,-27,326,1022,-6,-4,0
IMU,33207,-27,326,1021,-6,-4,0
IMU,33216,-28,326,1021,-6,-4,0
IMU,33226,-28,326,1022,-6,-4,0
IMU,33236,-28,324,1021,-6,-4,0
IMU,33246,-26,323,1022,-6,-4,0
IMU,33255,-25,325,1024,-6,-4,0
IMU,33265,-26,326,1024,-6,-4,0
IMU,33275,-26,325,1024,-6,-4,0
IMU,33285,-26,325,1026,-6,-4,0
IMU,33294,-28,324,1024,-6,-4,0
IMU,33304,-29,326,1021,-6,-4,0
IMU,33314,-28,326,1022,-6,-4,0
IMU,33324,-27,327,1021,-6,-4,0
IMU,33333,-26,325,1022,-6,-4,0
IMU,33343,-27,324,1023,-6,-4,0
IMU,33353,-28,327,1023,-6,-4,0
IMU,33363,-27,324,1021,-6,-4,0
IMU,33373,-27,325,1019,-6,-4,0
IMU,33382,-27,326,1020,-6,-4,0
IMU,33392,-27,326,1020,-6,-4,0
IMU,33402,-28,325,1019,-6,-4,0
IMU,33412,-27,324,1019,-6,-4,0
IMU,33421,-28,326,1022,-6,-4,0
IMU,33431,-28,324,1022,-6,-4,0
IMU,33441,-28,325,1024,-6,-4,0
IMU,33451,-29,325,1020,-6,-4,0
IMU,33460,-28,327,1021,-6,-4,0
IMU,33470,-27,326,1021,-6,-4,0
IMU,33480,-27,325,1025,-6,-4,0
IMU,33490,-29,324,1022,-6,-4,0
IMU,33500,-28,325,1022,-6,-4,0
IMU,33509,-28,325,1023,-6,-4,0
IMU,33519,-28,325,1021,-6,-4,0
IMU,33529,-28,326,1020,-6,-4,0
IMU,33539,-28,327,1021,-6,-4,0
IMU,33548,-28,328,1022,-6,-4,0
IMU,33558,-27,324,1022,-6,-4,0
IMU,33568,-28,325,1022,-6,-4,0
IMU,33578,-26,327,1020,-6,-4,0
IMU,33587,-28,325,1020,-6,-4,0
IMU,33597,-28,326,1021,-6,-4,0
IMU,33607,-27,324,1021,-6,-4,0
IMU,33617,-28,324,1021,-6,-4,0
IMU,33626,-26,326,1022,-6,-4,0
IMU,33636,-26,326,1024,-6,-4,0
IMU,33646,-28,325,1021,-6,-4,0
IMU,33656,-28,325,1020,-6,-4,0
IMU,33666,-27,323,1022,-6,-4,0
IMU,33675,-27,325,1022,-6,-4,0
IMU,33685,-28,326,1021,-6,-4,0
IMU,33695,-26,326,1022,-6,-4,0
IMU,33705,-26,325,1021,-6,-4,0
IMU,33714,-26,326,1019,-6,-4,0
IMU,33724,-27,326,1018,-6,-4,0
IMU,33734,-26,326,1020,-6,-4,0
IMU,33745,-28,326,1020,-6,-4,0
IMU,33753,-28,326,1025,-6,-4,0
IMU,33764,-29,325,1026,-6,-4,0
IMU,33774,-26,324,1023,-6,-4,0
IMU,33783,-27,325,1024,-6,-4,0
IMU,33793,-28,325,1024,-6,-4,0
IMU,33802,-28,325,1022,-6,-4,0
IMU,33812,-28,323,1024,-6,-4,0
IMU,33823,-27,325,1021,-6,-4,0
IMU,33832,-27,326,1021,-6,-4,0
IMU,33841,-27,326,1023,-6,-4,0
IMU,33852,-26,323,1019,-6,-4,0
IMU,33861,-26,325,1022,-6,-4,0
IMU,33871,-27,326,1020,-6,-4,0
IMU,33880,-27,326,1023,-6,-4,0
IMU,33890,-27,327,1021,-6,-4,0
IMU,33900,-26,326,1020,-6,-4,0
IMU,33910,-28,324,1020,-6,-4,0
IMU,33919,-27,325,1021,-6,-4,0
IMU,33929,-27,324,1022,-6,-4,0
IMU,33939,-28,324,1021,-6,-4,0
IMU,33949,-27,323,1021,-6,-4,0
IMU,33958,-28,324,1022,-6,-4,0
IMU,33968,-28,326,1022,-6,-4,0
IMU,33978,-28,327,1021,-6,-4,0
IMU,33988,-27,324,1021,-6,-4,0
IMU,33998,-27,325,1020,-6,-4,0
IMU,34007,-26,324,1022,-6,-4,0
IMU,34017,-27,324,1023,-6,-4,0
IMU,34027,-29,326,1021,-6,-4,0
IMU,34037,-29,325,1020,-6,-4,0
IMU,34046,-27,325,1021,-6,-4,0
IMU,34056,-27,325,1021,-6,-4,0
IMU,34066,-26,325,1022,-6,-4,0
IMU,34076,-29,325,1024,-6,-4,0
IMU,34085,-28,325,1021,-6,-4,0
IMU,34095,-28,324,1020,-6,-4,0
IMU,34105,-27,324,1022,-6,-4,0
IMU,34115,-26,325,1022,-6,-4,0
IMU,34125,-27,323,1024,-6,-4,0
IMU,34134,-28,322,1020,-6,-4,0
IMU,34144,-28,324,1019,-6,-4,0
SPM,25049,0.00
SPM,28055,0.00
SPM,31062,0.00
SPM,34068,0.00
SPM,37107,0.00
SPM,40147,0.00
SPM,43187,0.00
GPS,44369,59.416899,17.982272,0.00,5.67,8
GPS,44867,59.416899,17.982272,0.00,5.67,8
GPS,45375,59.416900,17.982267,0.00,5.97,8
GPS,45873,59.416900,17.982267,0.00,5.97,8
GPS,46390,59.416902,17.982262,0.00,6.23,8
GPS,46878,59.416902,17.982262,0.00,6.23,8
GPS,47386,59.416902,17.982265,0.00,6.15,8
GPS,47884,59.416902,17.982265,2.65,6.15,8
GPS,48382,59.416901,17.982266,2.65,6.08,8
GPS,48880,59.416901,17.982266,1.46,6.08,8
GPS,49388,59.416902,17.982259,1.46,6.27,8
GPS,49886,59.416902,17.982259,1.33,6.27,8
GPS,50384,59.416902,17.982254,1.33,6.39,8
GPS,50882,59.416902,17.982254,1.33,6.39,8
GPS,51380,59.416905,17.982244,1.33,6.95,8
GPS,51878,59.416905,17.982244,0.00,6.95,8
GPS,52376,59.416908,17.982238,0.00,7.39,8
GPS,52875,59.416908,17.982238,0.00,7.39,8
GPS,53382,59.416911,17.982228,0.00,8.03,8
GPS,53880,59.416911,17.982228,0.00,8.03,8
GPS,54378,59.416914,17.982221,0.00,8.45,8
GPS,54876,59.416914,17.982221,0.00,8.45,8
GPS,55384,59.416916,17.982215,0.00,8.88,8
GPS,55882,59.416916,17.982215,0.00,8.88,8
GPS,56380,59.416918,17.982209,0.00,9.21,8
IMU,43939,-27,325,1022,-6,-4,0
IMU,43949,-28,325,1023,-6,-4,0
IMU,43958,-27,325,1021,-6,-4,0
IMU,43968,-27,322,1022,-6,-4,0
IMU,43978,-27,324,1019,-6,-4,0
IMU,43988,-28,323,1022,-6,-4,0
IMU,43998,-28,324,1022,-6,-4,0
IMU,44007,-27,324,1020,-6,-4,0
IMU,44017,-28,325,1021,-6,-4,0
IMU,44027,-26,325,1022,-6,-4,0
IMU,44037,-28,326,1024,-6,-4,0
IMU,44046,-27,326,1024,-6,-4,0
IMU,44056,-28,327,1022,-6,-4,0
IMU,44066,-29,328,1020,-6,-4,0
IMU,44076,-29,326,1020,-6,-4,0
IMU,44085,-27,327,1019,-6,-4,0
IMU,44095,-25,326,1020,-6,-4,0
IMU,44105,-25,328,1021,-6,-4,0
IMU,44115,-26,325,1021,-6,-4,0
IMU,44125,-28,324,1021,-6,-4,0
IMU,44134,-28,324,1021,-6,-4,0
IMU,44144,-26,325,1023,-6,-4,0
IMU,44154,-28,326,1021,-6,-4,0
IMU,44164,-31,326,1019,-6,-4,0
IMU,44173,-29,324,1020,-6,-4,0
IMU,44183,-28,324,1021,-6,-4,0
IMU,44193,-28,325,1022,-6,-4,0
IMU,44203,-29,324,1024,-6,-4,0
IMU,44212,-28,325,1022,-6,-4,0
IMU,44222,-28,325,1021,-6,-4,0
IMU,44232,-28,324,1024,-6,-4,0
IMU,44242,-27,324,1025,-6,-4,0
IMU,44251,-27,324,1025,-6,-4,0
IMU,44261,-27,324,1023,-6,-4,0
IMU,44271,-28,322,1023,-6,-4,0
IMU,44281,-27,323,1022,-6,-4,0
IMU,44291,-28,326,1023,-6,-4,0
IMU,44300,-29,325,1022,-6,-4,0
IMU,44310,-28,327,1021,-6,-4,0
IMU,44320,-27,326,1021,-6,-4,0
IMU,44330,-28,325,1021,-6,-4,0
IMU,44339,-29,326,1024,-6,-4,0
IMU,44349,-28,326,1021,-6,-4,0
IMU,44359,-28,326,1022,-6,-4,0
IMU,44369,-27,323,1023,-6,-4,0
IMU,44378,-27,324,1023,-6,-4,0
IMU,44388,-28,321,1021,-6,-4,0
IMU,44398,-28,322,1022,-6,-4,0
IMU,44408,-28,323,1024,-6,-4,0
IMU,44417,-28,323,1021,-6,-4,0
IMU,44427,-27,322,1022,-6,-4,0
IMU,44437,-27,326,1022,-6,-4,0
IMU,44447,-27,324,1021,-6,-4,0
IMU,44457,-28,325,1023,-6,-4,0
IMU,44466,-28,324,1019,-6,-4,0
IMU,44476,-27,326,1021,-6,-4,0
IMU,44486,-28,326,1023,-6,-4,0
IMU,44496,-28,321,1022,-6,-4,0
IMU,44505,-28,325,1021,-6,-4,0
IMU,44515,-28,325,1024,-6,-4,0
IMU,44525,-29,325,1019,-6,-4,0
IMU,44535,-28,325,1019,-6,-4,0
IMU,44544,-28,326,1022,-6,-4,0
IMU,44554,-27,324,1023,-6,-4,0
IMU,44564,-28,323,1022,-6,-4,0
IMU,44574,-28,325,1025,-6,-4,0
IMU,44583,-29,324,1026,-6,-4,0
IMU,44593,-29,324,1024,-6,-4,0
IMU,44603,-27,325,1023,-6,-4,0
IMU,44613,-26,325,1023,-6,-4,0
IMU,44623,-26,326,1022,-6,-4,0
IMU,44632,-26,327,1020,-6,-4,0
IMU,44642,-27,328,1020,-6,-4,0
IMU,44652,-28,329,1021,-6,-4,0
IMU,44662,-29,326,1022,-6,-4,0
IMU,44671,-28,326,1023,-6,-4,0
IMU,44681,-27,326,1021,-6,-4,0
IMU,44691,-28,326,1019,-6,-4,0
IMU,44701,-29,325,1022,-6,-4,0
IMU,44710,-29,323,1023,-6,-4,0
IMU,44721,-28,322,1021,-6,-4,0
IMU,44731,-27,322,1022,-6,-4,0
IMU,44740,-27,323,1023,-6,-4,0
IMU,44750,-28,323,1024,-6,-4,0
IMU,44759,-30,325,1023,-6,-4,0
IMU,44769,-29,323,1023,-6,-4,0
IMU,44779,-28,326,1021,-6,-4,0
IMU,44789,-28,326,1021,-6,-4,0
IMU,44798,-28,326,1020,-6,-4,0
IMU,44808,-29,326,1021,-6,-4,0
IMU,44818,-29,324,1023,-6,-4,0
IMU,44828,-28,324,1025,-6,-4,0
IMU,44837,-28,324,1021,-6,-4,0
IMU,44847,-28,323,1024,-6,-4,0
IMU,44857,-28,325,1022,-6,-4,0
IMU,44867,-28,327,1021,-6,-4,0
IMU,44876,-26,326,1024,-6,-4,0
IMU,44886,-27,327,1020,-6,-4,0
IMU,44896,-25,324,1021,-6,-4,0
IMU,44906,-28,324,1021,-6,-4,0
IMU,44916,-28,325,1018,-6,-4,0
IMU,44925,-30,325,1022,-6,-4,0
IMU,44935,-29,325,1024,-6,-4,0
IMU,44945,-28,327,1025,-6,-4,0
IMU,44955,-26,325,1025,-6,-4,0
IMU,44964,-28,325,1024,-6,-4,0
IMU,44974,-29,327,1023,-6,-4,0
IMU,44984,-27,325,1022,-6,-4,0
IMU,44994,-27,323,1023,-6,-4,0
IMU,45003,-28,322,1023,-6,-4,0
IMU,45013,-28,323,1023,-6,-4,0
IMU,45023,-27,325,1021,-6,-4,0
IMU,45033,-27,327,1022,-6,-4,0
IMU,45042,-26,327,1025,-6,-4,0
IMU,45052,-27,326,1024,-6,-4,0
IMU,45062,-25,325,1022,-6,-4,0
IMU,45072,-25,325,1023,-6,-4,0
IMU,45082,-27,326,1021,-6,-4,0
IMU,45091,-27,326,1023,-6,-4,0
IMU,45101,-26,327,1021,-6,-4,0
IMU,45111,-29,327,1021,-6,-4,0
IMU,45121,-28,328,1023,-6,-4,0
IMU,45130,-28,326,1022,-6,-4,0
IMU,45140,-27,324,1019,-6,-4,0
IMU,45150,-28,324,1024,-6,-4,0
IMU,45160,-28,325,1024,-6,-4,0
IMU,45169,-27,325,1024,-6,-4,0
IMU,45179,-28,325,1022,-6,-4,0
IMU,45189,-27,324,1022,-6,-4,0
IMU,45199,-27,323,1023,-6,-4,0
IMU,45208,-26,325,1021,-6,-4,0
IMU,45218,-27,325,1022,-6,-4,0
IMU,45228,-28,325,1022,-6,-4,0
IMU,45238,-27,324,1021,-6,-4,0
IMU,45248,-27,324,1022,-6,-4,0
IMU,45257,-26,324,1022,-6,-4,0
IMU,45267,-27,326,1021,-6,-4,0
IMU,45277,-27,326,1024,-6,-4,0
IMU,45287,-27,324,1024,-6,-4,0
IMU,45296,-28,324,1024,-6,-4,0
IMU,45306,-27,325,1023,-6,-4,0
IMU,45316,-28,326,1024,-6,-4,0
IMU,45326,-27,325,1023,-6,-4,0
IMU,45335,-28,324,1022,-6,-4,0
IMU,45345,-27,324,1023,-6,-4,0
IMU,45355,-26,324,1022,-6,-4,0
IMU,45365,-27,324,1024,-6,-4,0
IMU,45375,-28,325,1022,-6,-4,0
IMU,45384,-27,325,1021,-6,-4,0
IMU,45394,-27,324,1022,-6,-4,0
IMU,45404,-28,325,1021,-6,-4,0
IMU,45414,-28,325,1022,-6,-4,0
IMU,45423,-28,325,1022,-6,-4,0
IMU,45433,-27,326,1020,-6,-4,0
IMU,45443,-27,327,1020,-6,-4,0
IMU,45453,-27,324,1020,-6,-4,0
IMU,45462,-27,325,1021,-6,-4,0
IMU,45472,-26,325,1023,-6,-4,0
IMU,45482,-27,324,1022,-6,-4,0
IMU,45492,-28,323,1024,-6,-4,0
IMU,45501,-28,324,1023,-6,-4,0
IMU,45511,-27,323,1021,-6,-4,0
IMU,45521,-28,324,1020,-6,-4,0
IMU,45531,-27,323,1022,-6,-4,0
IMU,45541,-26,325,1022,-6,-4,0
IMU,45550,-26,325,1024,-6,-4,0
IMU,45560,-28,324,1023,-6,-4,0
IMU,45570,-28,326,1022,-6,-4,0
IMU,45580,-28,327,1022,-6,-4,0
IMU,45589,-28,328,1020,-6,-4,0
IMU,45599,-28,328,1021,-6,-4,0
IMU,45609,-28,329,1018,-6,-4,0
IMU,45619,-28,327,1022,-6,-4,0
IMU,45628,-29,327,1020,-6,-4,0
IMU,45638,-28,324,1019,-6,-4,0
IMU,45648,-28,326,1022,-6,-4,0
IMU,45658,-27,324,1021,-6,-4,0
IMU,45667,-27,326,1024,-6,-4,0
IMU,45677,-29,323,1023,-6,-4,0
IMU,45687,-27,322,1024,-6,-4,0
IMU,45697,-27,323,1022,-6,-4,0
IMU,45707,-28,324,1021,-6,-4,0
IMU,45717,-26,323,1021,-6,-4,0
IMU,45726,-28,322,1021,-6,-4,0
IMU,45737,-26,323,1019,-6,-4,0
IMU,45747,-28,324,1022,-6,-4,0
IMU,45755,-26,326,1021,-6,-4,0
IMU,45766,-27,325,1022,-6,-4,0
IMU,45775,-26,325,1023,-6,-4,0
IMU,45785,-26,326,1020,-6,-4,0
IMU,45794,-29,327,1025,-6,-4,0
IMU,45804,-28,327,1022,-6,-4,0
IMU,45814,-28,325,1022,-6,-4,0
IMU,45824,-28,326,1020,-6,-4,0
IMU,45833,-29,325,1022,-6,-4,0
IMU,45843,-29,325,1024,-6,-4,0
IMU,45853,-28,326,1023,-6,-4,0
IMU,45863,-28,327,1020,-6,-4,0
IMU,45873,-27,328,1019,-6,-4,0
IMU,45882,-27,328,1020,-6,-4,0
IMU,45892,-27,330,1019,-6,-4,0
IMU,45902,-29,330,1022,-6,-4,0
IMU,45912,-28,328,1023,-6,-4,0
IMU,45921,-25,324,1023,-6,-4,0
IMU,45931,-26,324,1023,-6,-4,0
IMU,45941,-27,323,1021,-6,-4,0
IMU,45951,-27,324,1023,-6,-4,0
IMU,45960,-26,325,1023,-6,-4,0
IMU,45970,-27,323,1022,-6,-4,0
IMU,45980,-29,325,1021,-6,-4,0
IMU,45990,-28,324,1023,-6,-4,0
IMU,46000,-27,324,1025,-6,-4,0
IMU,46009,-28,325,1024,-6,-4,0
IMU,46019,-28,322,1022,-6,-4,0
IMU,46029,-27,322,1022,-6,-4,0
IMU,46039,-24,323,1022,-6,-4,0
IMU,46048,-28,324,1024,-6,-4,0
IMU,46058,-27,324,1024,-6,-4,0
IMU,46068,-27,325,1024,-6,-4,0
IMU,46078,-28,326,1024,-6,-4,0
IMU,46087,-30,327,1023,-6,-4,0
IMU,46097,-30,326,1022,-6,-4,0
IMU,46107,-31,326,1020,-6,-4,0
IMU,46117,-32,326,1020,-6,-4,0
IMU,46126,-29,328,1020,-6,-4,0
IMU,46136,-30,331,1018,-6,-4,0
IMU,46146,-28,328,1024,-6,-4,0
IMU,46156,-27,324,1023,-6,-4,0
IMU,46166,-26,325,1022,-6,-4,0
IMU,46175,-26,324,1021,-6,-4,0
IMU,46185,-26,325,1020,-6,-4,0
IMU,46195,-26,327,1020,-6,-4,0
IMU,46205,-27,328,1021,-6,-4,0
IMU,46214,-27,326,1023,-6,-4,0
IMU,46224,-28,325,1022,-6,-4,0
IMU,46234,-27,325,1021,-6,-4,0
IMU,46244,-29,326,1024,-6,-4,0
IMU,46253,-27,326,1022,-6,-4,0
IMU,46263,-26,328,1022,-6,-4,0
IMU,46273,-26,327,1024,-6,-4,0
IMU,46283,-28,326,1022,-6,-4,0
IMU,46292,-28,326,1025,-6,-4,0
IMU,46302,-27,325,1023,-6,-4,0
IMU,46312,-27,322,1020,-6,-4,0
IMU,46322,-27,322,1022,-6,-4,0
IMU,46332,-27,321,1020,-6,-4,0
IMU,46341,-27,324,1022,-6,-4,0
IMU,46351,-27,323,1022,-6,-4,0
IMU,46361,-28,323,1021,-6,-4,0
IMU,46371,-29,323,1019,-6,-4,0
IMU,46380,-27,324,1021,-6,-4,0
IMU,46390,-26,326,1025,-6,-4,0
IMU,46400,-28,322,1024,-6,-4,0
IMU,46410,-28,321,1023,-6,-4,0
IMU,46419,-27,320,1023,-6,-4,0
IMU,46429,-26,320,1023,-6,-4,0
IMU,46439,-28,322,1022,-6,-4,0
IMU,46449,-27,322,1021,-6,-4,0
IMU,46458,-26,322,1024,-6,-4,0
IMU,46468,-27,321,1022,-6,-4,0
IMU,46478,-27,325,1022,-6,-4,0
IMU,46488,-27,328,1023,-6,-4,0
IMU,46498,-26,328,1021,-6,-4,0
IMU,46507,-27,329,1022,-6,-4,0
IMU,46517,-27,329,1019,-6,-4,0
IMU,46527,-28,331,1021,-6,-4,0
IMU,46537,-26,332,1019,-6,-4,0
IMU,46546,-28,332,1019,-6,-4,0
IMU,46556,-26,327,1021,-6,-4,0
IMU,46566,-28,324,1021,-6,-4,0
IMU,46576,-27,324,1022,-6,-4,0
IMU,46585,-26,322,1024,-6,-4,0
IMU,46595,-26,323,1023,-6,-4,0
IMU,46605,-25,327,1021,-6,-4,0
IMU,46615,-28,328,1022,-6,-4,0
IMU,46625,-30,324,1020,-6,-4,0
IMU,46634,-30,324,1019,-6,-4,0
IMU,46644,-28,322,1020,-6,-4,0
IMU,46654,-26,322,1021,-6,-4,0
IMU,46664,-27,324,1022,-6,-4,0
IMU,46673,-26,325,1022,-6,-4,0
IMU,46683,-27,328,1023,-6,-4,0
IMU,46693,-26,326,1022,-6,-4,0
IMU,46703,-26,326,1023,-6,-4,0
IMU,46712,-26,325,1024,-6,-4,0
IMU,46722,-26,326,1021,-6,-4,0
IMU,46732,-25,327,1021,-6,-4,0
IMU,46742,-27,327,1023,-6,-4,0
IMU,46751,-28,326,1021,-6,-4,0
IMU,46761,-28,324,1021,-6,-4,0
IMU,46771,-30,323,1022,-6,-4,0
IMU,46781,-31,324,1026,-6,-4,0
IMU,46791,-29,325,1023,-6,-4,0
IMU,46800,-26,323,1023,-6,-4,0
IMU,46810,-26,324,1022,-6,-4,0
IMU,46820,-28,327,1020,-6,-4,0
IMU,46830,-27,325,1023,-6,-4,0
IMU,46839,-27,325,1024,-6,-4,0
IMU,46849,-27,324,1022,-6,-4,0
IMU,46859,-29,325,1022,-6,-4,0
IMU,46869,-27,324,1022,-6,-4,0
IMU,46878,-28,324,1022,-6,-4,0
IMU,46888,-26,324,1022,-6,-4,0
IMU,46898,-27,325,1025,-6,-4,0
IMU,46908,-26,322,1025,-6,-4,0
IMU,46917,-27,323,1026,-6,-4,0
IMU,46927,-28,322,1024,-6,-4,0
IMU,46937,-28,326,1019,-6,-4,0
IMU,46947,-28,326,1019,-6,-4,0
IMU,46957,-29,326,1020,-6,-4,0
IMU,46966,-27,327,1019,-6,-4,0
IMU,46976,-28,328,1021,-6,-4,0
IMU,46986,-27,331,1019,-6,-4,0
IMU,46996,-28,328,1021,-6,-4,0
IMU,47005,-28,327,1019,-6,-4,0
IMU,47015,-27,322,1022,-6,-4,0
IMU,47025,-26,320,1025,-6,-4,0
IMU,47035,-25,323,1023,-6,-4,0
IMU,47044,-24,324,1021,-6,-4,0
IMU,47054,-26,325,1024,-6,-4,0
IMU,47064,-28,327,1022,-6,-4,0
IMU,47074,-31,328,1022,-6,-4,0
IMU,47083,-29,326,1023,-6,-4,0
IMU,47093,-28,329,1023,-6,-4,0
IMU,47103,-28,328,1020,-6,-4,0
IMU,47113,-28,327,1018,-6,-4,0
IMU,47123,-28,326,1020,-6,-4,0
IMU,47132,-26,325,1021,-6,-4,0
IMU,47142,-25,324,1023,-6,-4,0
IMU,47152,-27,325,1024,-6,-4,0
IMU,47162,-27,326,1024,-6,-4,0
IMU,47171,-28,326,1023,-6,-4,0
IMU,47181,-29,327,1022,-6,-4,0
IMU,47191,-28,327,1022,-6,-4,0
IMU,47201,-29,327,1022,-6,-4,0
IMU,47210,-27,328,1025,-6,-4,0
IMU,47220,-26,327,1025,-6,-4,0
IMU,47230,-27,324,1025,-6,-4,0
IMU,47240,-27,322,1024,-6,-4,0
IMU,47250,-26,318,1023,-6,-4,0
IMU,47259,-24,316,1025,-6,-4,0
IMU,47269,-23,316,1025,-6,-4,0
IMU,47279,-25,317,1026,-6,-4,0
IMU,47289,-25,317,1022,-6,-4,0
IMU,47298,-28,322,1022,-6,-4,0
IMU,47309,-30,323,1022,-6,-4,0
IMU,47318,-31,324,1022,-6,-4,0
IMU,47328,-31,325,1022,-6,-4,0
IMU,47338,-31,325,1021,-6,-4,0
IMU,47347,-29,328,1021,-6,-4,0
IMU,47357,-27,328,1021,-6,-4,0
IMU,47367,-25,329,1019,-6,-4,0
IMU,47376,-26,329,1020,-6,-4,0
IMU,47386,-24,328,1020,-6,-4,0
IMU,47396,-25,325,1020,-6,-4,0
IMU,47406,-25,326,1022,-6,-4,0
IMU,47416,-29,326,1022,-6,-4,0
IMU,47425,-30,327,1022,-6,-4,0
IMU,47435,-29,325,1024,-6,-4,0
IMU,47445,-28,325,1024,-6,-4,0
IMU,47455,-29,327,1024,-6,-4,0
IMU,47464,-30,328,1023,-6,-4,0
IMU,47474,-28,325,1020,-6,-4,0
IMU,47484,-28,326,1022,-6,-4,0
IMU,47494,-28,326,1025,-6,-4,0
IMU,47503,-28,326,1021,-6,-4,0
IMU,47513,-27,328,1020,-6,-4,0
IMU,47523,-28,329,1021,-6,-4,0
IMU,47533,-26,328,1023,-6,-4,0
IMU,47542,-24,328,1021,-6,-4,0
IMU,47552,-27,324,1019,-6,-4,0
IMU,47562,-28,324,1018,-6,-4,0
IMU,47572,-28,323,1024,-6,-4,0
IMU,47582,-27,325,1024,-6,-4,0
IMU,47591,-25,324,1025,-6,-4,0
IMU,47601,-27,325,1023,-6,-4,0
IMU,47611,-27,326,1020,-6,-4,0
IMU,47621,-28,329,1020,-6,-4,0
IMU,47630,-27,328,1019,-6,-4,0
IMU,47640,-30,327,1021,-6,-4,0
IMU,47650,-29,326,1019,-6,-4,0
IMU,47660,-26,323,1021,-6,-4,0
IMU,47669,-26,323,1022,-6,-4,0
IMU,47679,-28,325,1021,-6,-4,0
IMU,47689,-26,325,1024,-6,-4,0
IMU,47699,-25,324,1021,-6,-4,0
IMU,47708,-26,326,1021,-6,-4,0
IMU,47718,-27,327,1022,-6,-4,0
IMU,47728,-28,329,1022,-6,-4,0
IMU,47738,-29,327,1021,-6,-4,0
IMU,47748,-27,325,1021,-6,-4,0
IMU,47757,-28,325,1020,-6,-4,0
IMU,47767,-27,325,1023,-6,-4,0
IMU,47778,-24,324,1025,-6,-4,0
IMU,47787,-27,323,1023,-6,-4,0
IMU,47797,-27,323,1024,-6,-4,0
IMU,47806,-28,327,1023,-6,-4,0
IMU,47816,-26,326,1024,-6,-4,0
IMU,47827,-27,326,1020,-6,-4,0
IMU,47835,-26,326,1023,-6,-4,0
IMU,47845,-28,326,1019,-6,-4,0
IMU,47855,-30,324,1022,-6,-4,0
IMU,47865,-29,324,1022,-6,-4,0
IMU,47875,-28,324,1020,-6,-4,0
IMU,47884,-28,325,1021,-6,-4,0
IMU,47894,-26,324,1021,-6,-4,0
IMU,47904,-25,324,1022,-6,-4,0
IMU,47914,-24,323,1025,-6,-4,0
IMU,47923,-25,324,1022,-6,-4,0
IMU,47933,-28,325,1022,-6,-4,0
IMU,47943,-28,325,1020,-6,-4,0
IMU,47953,-26,326,1020,-6,-4,0
IMU,47962,-28,327,1020,-6,-4,0
IMU,47972,-27,327,1022,-6,-4,0
IMU,47982,-25,325,1023,-6,-4,0
IMU,47992,-27,324,1024,-6,-4,0
IMU,48001,-26,324,1021,-6,-4,0
IMU,48011,-26,326,1022,-6,-4,0
IMU,48021,-28,327,1023,-6,-4,0
IMU,48031,-29,326,1024,-6,-4,0
IMU,48041,-28,326,1021,-6,-4,0
IMU,48050,-27,327,1023,-6,-4,0
IMU,48060,-28,328,1020,-6,-4,0
IMU,48070,-29,327,1018,-6,-4,0
IMU,48080,-26,325,1022,-6,-4,0
IMU,48089,-26,324,1021,-6,-4,0
IMU,48099,-26,324,1022,-6,-4,0
IMU,48109,-27,322,1023,-6,-4,0
IMU,48119,-27,323,1024,-6,-4,0
IMU,48128,-29,324,1020,-6,-4,0
IMU,48138,-29,328,1020,-6,-4,0
IMU,48148,-31,327,1022,-6,-4,0
IMU,48158,-29,328,1022,-6,-4,0
IMU,48167,-28,327,1023,-6,-4,0
IMU,48177,-28,327,1024,-6,-4,0
IMU,48187,-26,329,1018,-6,-4,0
IMU,48197,-26,327,1020,-6,-4,0
IMU,48207,-26,325,1023,-6,-4,0
IMU,48216,-24,322,1022,-6,-4,0
IMU,48226,-26,324,1020,-6,-4,0
IMU,48236,-28,325,1021,-6,-4,0
IMU,48246,-28,325,1023,-6,-4,0
IMU,48255,-29,325,1023,-6,-4,0
IMU,48265,-27,326,1023,-6,-4,0
IMU,48275,-29,326,1024,-6,-4,0
IMU,48285,-25,325,1023,-6,-4,0
IMU,48294,-26,324,1022,-6,-4,0
IMU,48304,-24,324,1025,-6,-4,0
IMU,48314,-28,323,1024,-6,-4,0
IMU,48324,-28,323,1023,-6,-4,0
IMU,48333,-29,324,1021,-6,-4,0
IMU,48343,-28,325,1021,-6,-4,0
IMU,48353,-28,327,1021,-6,-4,0
IMU,48363,-28,327,1022,-6,-4,0
IMU,48373,-27,326,1023,-6,-4,0
IMU,48382,-27,325,1024,-6,-4,0
IMU,48392,-29,323,1022,-6,-4,0
IMU,48402,-27,322,1022,-6,-4,0
IMU,48412,-30,324,1021,-6,-4,0
IMU,48421,-30,324,1021,-6,-4,0
IMU,48431,-28,324,1022,-6,-4,0
IMU,48441,-27,324,1022,-6,-4,0
IMU,48451,-26,325,1021,-6,-4,0
IMU,48461,-27,325,1019,-6,-4,0
IMU,48470,-27,324,1021,-6,-4,0
IMU,48481,-27,324,1022,-6,-4,0
IMU,48491,-28,324,1023,-6,-4,0
IMU,48500,-28,326,1022,-6,-4,0
IMU,48510,-27,325,1022,-6,-4,0
IMU,48519,-27,326,1020,-6,-4,0
IMU,48529,-27,325,1021,-6,-4,0
IMU,48539,-27,325,1021,-6,-4,0
IMU,48548,-27,326,1023,-6,-4,0
IMU,48558,-27,326,1024,-6,-4,0
IMU,48568,-27,324,1021,-6,-4,0
IMU,48578,-28,325,1021,-6,-4,0
IMU,48587,-29,327,1018,-6,-4,0
IMU,48597,-30,328,1021,-6,-4,0
IMU,48607,-27,327,1021,-6,-4,0
IMU,48617,-28,327,1021,-6,-4,0
IMU,48626,-28,326,1021,-6,-4,0
IMU,48636,-28,327,1021,-6,-4,0
IMU,48646,-27,324,1020,-6,-4,0
IMU,48656,-28,326,1024,-6,-4,0
IMU,48666,-28,325,1022,-6,-4,0
IMU,48675,-24,322,1022,-6,-4,0
IMU,48685,-25,326,1022,-6,-4,0
IMU,48695,-28,326,1022,-6,-4,0
IMU,48705,-26,326,1023,-6,-4,0
IMU,48714,-29,326,1022,-6,-4,0
IMU,48724,-29,326,1019,-6,-4,0
IMU,48734,-29,324,1019,-6,-4,0
IMU,48744,-28,327,1018,-6,-4,0
IMU,48753,-30,325,1022,-6,-4,0
IMU,48763,-28,325,1019,-6,-4,0
IMU,48773,-28,326,1023,-6,-4,0
IMU,48783,-27,322,1022,-6,-4,0
IMU,48792,-25,324,1018,-6,-4,0
IMU,48802,-24,325,1024,-6,-4,0
IMU,48812,-26,326,1021,-6,-4,0
IMU,48822,-27,324,1022,-6,-4,0
IMU,48832,-28,326,1020,-6,-4,0
IMU,48841,-28,325,1023,-6,-4,0
IMU,48851,-28,325,1022,-6,-4,0
IMU,48861,-30,324,1021,-6,-4,0
IMU,48871,-31,325,1022,-6,-4,0
IMU,48880,-28,324,1021,-6,-4,0
IMU,48890,-27,326,1024,-6,-4,0
IMU,48900,-26,325,1023,-6,-4,0
IMU,48910,-27,326,1024,-6,-4,0
IMU,48919,-29,325,1021,-6,-4,0
IMU,48929,-30,325,1021,-6,-4,0
IMU,48939,-29,325,1023,-6,-4,0
IMU,48949,-29,325,1023,-6,-4,0
IMU,48958,-27,326,1020,-6,-4,0
IMU,48968,-28,325,1021,-6,-4,0
IMU,48979,-28,325,1022,-6,-4,0
IMU,48988,-28,325,1021,-6,-4,0
IMU,48998,-28,325,1023,-6,-4,0
IMU,49007,-28,324,1022,-6,-4,0
IMU,49017,-28,325,1021,-6,-4,0
IMU,49027,-28,326,1023,-6,-4,0
IMU,49037,-26,327,1022,-6,-4,0
IMU,49046,-28,326,1018,-6,-4,0
IMU,49056,-28,325,1021,-6,-4,0
IMU,49066,-28,328,1023,-6,-4,0
IMU,49076,-28,328,1020,-6,-4,0
IMU,49085,-27,328,1020,-6,-4,0
IMU,49095,-27,327,1021,-6,-4,0
IMU,49105,-27,326,1022,-6,-4,0
IMU,49115,-24,325,1019,-6,-4,0
IMU,49125,-25,327,1019,-6,-4,0
IMU,49134,-25,327,1022,-6,-4,0
IMU,49144,-26,326,1023,-6,-4,0
IMU,49154,-26,325,1024,-6,-4,0
IMU,49164,-26,326,1021,-6,-4,0
IMU,49173,-28,325,1022,-6,-4,0
IMU,49183,-31,326,1024,-6,-4,0
IMU,49193,-29,324,1024,-6,-4,0
IMU,49203,-27,324,1022,-6,-4,0
IMU,49212,-28,325,1021,-6,-4,0
IMU,49222,-28,325,1023,-6,-4,0
IMU,49232,-29,326,1024,-6,-4,0
IMU,49242,-26,324,1022,-6,-4,0
IMU,49251,-27,325,1022,-6,-4,0
IMU,49261,-26,326,1022,-6,-4,0
IMU,49271,-29,324,1023,-6,-4,0
IMU,49281,-29,325,1023,-6,-4,0
IMU,49291,-27,326,1022,-6,-4,0
IMU,49300,-28,324,1023,-6,-4,0
IMU,49310,-28,323,1021,-6,-4,0
IMU,49320,-28,322,1023,-6,-4,0
IMU,49330,-26,324,1020,-6,-4,0
IMU,49339,-27,325,1023,-6,-4,0
IMU,49349,-28,325,1023,-6,-4,0
IMU,49359,-28,326,1022,-6,-4,0
IMU,49369,-28,326,1021,-6,-4,0
IMU,49378,-28,324,1019,-6,-4,0
IMU,49388,-27,326,1022,-6,-4,0
IMU,49398,-28,326,1024,-6,-4,0
IMU,49408,-28,325,1022,-6,-4,0
IMU,49417,-27,323,1024,-6,-4,0
IMU,49427,-28,325,1021,-6,-4,0
IMU,49437,-26,324,1024,-6,-4,0
IMU,49447,-26,326,1022,-6,-4,0
IMU,49457,-26,326,1025,-6,-4,0
IMU,49466,-27,327,1025,-6,-4,0
IMU,49476,-25,324,1025,-6,-4,0
IMU,49486,-27,324,1024,-6,-4,0
IMU,49496,-28,325,1023,-6,-4,0
IMU,49505,-27,325,1021,-6,-4,0
IMU,49515,-29,325,1022,-6,-4,0
IMU,49525,-29,325,1021,-6,-4,0
IMU,49535,-28,325,1022,-6,-4,0
IMU,49544,-28,327,1022,-6,-4,0
IMU,49554,-29,327,1023,-6,-4,0
IMU,49564,-28,328,1019,-6,-4,0
IMU,49574,-29,328,1023,-6,-4,0
IMU,49583,-30,324,1026,-6,-4,0
IMU,49593,-28,325,1024,-6,-4,0
IMU,49603,-28,325,1021,-6,-4,0
IMU,49613,-28,323,1023,-6,-4,0
IMU,49623,-27,324,1022,-6,-4,0
IMU,49632,-27,326,1023,-6,-4,0
IMU,49642,-25,326,1022,-6,-4,0
IMU,49652,-25,325,1021,-6,-4,0
IMU,49662,-27,325,1021,-6,-4,0
IMU,49671,-27,326,1021,-6,-4,0
IMU,49681,-26,326,1021,-6,-4,0
IMU,49691,-26,327,1021,-6,-4,0
IMU,49701,-26,327,1023,-6,-4,0
IMU,49710,-27,322,1021,-6,-4,0
IMU,49720,-27,325,1022,-6,-4,0
IMU,49730,-27,324,1021,-6,-4,0
IMU,49740,-28,324,1021,-6,-4,0
IMU,49750,-28,325,1022,-6,-4,0
IMU,49759,-27,324,1021,-6,-4,0
IMU,49769,-26,322,1021,-6,-4,0
IMU,49779,-27,322,1020,-6,-4,0
IMU,49789,-27,323,1019,-6,-4,0
IMU,49798,-27,323,1020,-6,-4,0
IMU,49808,-27,323,1019,-6,-4,0
IMU,49818,-27,324,1021,-6,-4,0
IMU,49828,-25,323,1023,-6,-4,0
IMU,49837,-26,324,1022,-6,-4,0
IMU,49847,-28,326,1021,-6,-4,0
IMU,49857,-28,325,1021,-6,-4,0
IMU,49867,-26,325,1023,-6,-4,0
IMU,49876,-26,327,1023,-6,-4,0
IMU,49886,-28,326,1022,-6,-4,0
IMU,49896,-27,327,1023,-6,-4,0
IMU,49906,-27,325,1025,-6,-4,0
IMU,49916,-29,325,1022,-6,-4,0
IMU,49925,-27,327,1022,-6,-4,0
IMU,49935,-28,325,1023,-6,-4,0
IMU,49945,-28,326,1022,-6,-4,0
IMU,49955,-28,328,1023,-6,-4,0
IMU,49964,-27,327,1021,-6,-4,0
IMU,49974,-27,325,1022,-6,-4,0
IMU,49984,-29,324,1022,-6,-4,0
IMU,49994,-29,324,1024,-6,-4,0
IMU,50003,-28,324,1019,-6,-4,0
IMU,50013,-28,324,1019,-6,-4,0
IMU,50023,-28,325,1018,-6,-4,0
IMU,50033,-28,325,1021,-6,-4,0
IMU,50042,-28,327,1021,-6,-4,0
IMU,50052,-28,326,1021,-6,-4,0
IMU,50062,-29,326,1021,-6,-4,0
IMU,50072,-28,327,1024,-6,-4,0
IMU,50082,-28,326,1024,-6,-4,0
IMU,50091,-28,327,1023,-6,-4,0
IMU,50101,-26,326,1022,-6,-4,0
IMU,50111,-26,327,1022,-6,-4,0
IMU,50121,-25,326,1023,-6,-4,0
IMU,50130,-26,326,1022,-6,-4,0
IMU,50140,-27,327,1020,-6,-4,0
IMU,50150,-28,326,1022,-6,-4,0
IMU,50160,-28,325,1024,-6,-4,0
IMU,50169,-29,325,1024,-6,-4,0
IMU,50179,-28,325,1022,-6,-4,0
IMU,50189,-27,327,1022,-6,-4,0
IMU,50199,-28,326,1023,-6,-4,0
IMU,50208,-27,323,1022,-6,-4,0
IMU,50218,-27,322,1022,-6,-4,0
IMU,50228,-26,324,1024,-6,-4,0
IMU,50238,-24,326,1020,-6,-4,0
IMU,50248,-27,325,1021,-6,-4,0
IMU,50257,-27,327,1020,-6,-4,0
IMU,50267,-26,327,1024,-6,-4,0
IMU,50277,-27,326,1025,-6,-4,0
IMU,50287,-26,325,1023,-6,-4,0
IMU,50296,-28,324,1022,-6,-4,0
IMU,50306,-28,325,1023,-6,-4,0
IMU,50316,-26,326,1021,-6,-4,0
IMU,50326,-28,327,1024,-6,-4,0
IMU,50335,-28,327,1020,-6,-4,0
IMU,50345,-28,326,1022,-6,-4,0
IMU,50355,-27,324,1021,-6,-4,0
IMU,50365,-29,325,1023,-6,-4,0
IMU,50375,-29,325,1024,-6,-4,0
IMU,50384,-28,327,1021,-6,-4,0
IMU,50394,-28,326,1022,-6,-4,0
IMU,50404,-26,325,1023,-6,-4,0
IMU,50414,-28,326,1023,-6,-4,0
IMU,50423,-27,326,1022,-6,-4,0
IMU,50433,-28,325,1023,-6,-4,0
IMU,50443,-30,325,1020,-6,-4,0
IMU,50453,-29,326,1022,-6,-4,0
IMU,50462,-28,327,1022,-6,-4,0
IMU,50472,-29,327,1024,-6,-4,0
IMU,50482,-27,324,1026,-6,-4,0
IMU,50492,-27,325,1024,-6,-4,0
IMU,50501,-28,325,1024,-6,-4,0
IMU,50511,-28,328,1025,-6,-4,0
IMU,50521,-28,328,1023,-6,-4,0
IMU,50531,-28,327,1023,-6,-4,0
IMU,50541,-27,327,1024,-6,-4,0
IMU,50550,-28,326,1021,-6,-4,0
IMU,50560,-27,327,1021,-6,-4,0
IMU,50570,-26,325,1022,-6,-4,0
IMU,50580,-26,324,1024,-6,-4,0
IMU,50589,-24,325,1022,-6,-4,0
IMU,50599,-26,328,1021,-6,-4,0
IMU,50609,-25,328,1020,-6,-4,0
IMU,50619,-25,329,1021,-6,-4,0
IMU,50628,-27,326,1023,-6,-4,0
IMU,50638,-28,327,1022,-6,-4,0
IMU,50648,-28,326,1022,-6,-4,0
IMU,50658,-29,326,1022,-6,-4,0
IMU,50667,-29,324,1023,-6,-4,0
IMU,50677,-28,325,1022,-6,-4,0
IMU,50687,-27,326,1021,-6,-4,0
IMU,50697,-27,324,1022,-6,-4,0
IMU,50707,-28,325,1023,-6,-4,0
IMU,50716,-27,325,1022,-6,-4,0
IMU,50727,-27,325,1022,-6,-4,0
IMU,50737,-28,324,1023,-6,-4,0
IMU,50746,-27,324,1021,-6,-4,0
IMU,50756,-29,327,1020,-6,-4,0
IMU,50765,-27,325,1021,-6,-4,0
IMU,50775,-28,325,1021,-6,-4,0
IMU,50785,-26,324,1022,-6,-4,0
IMU,50794,-28,325,1027,-6,-4,0
IMU,50804,-28,327,1022,-6,-4,0
IMU,50815,-28,325,1024,-6,-4,0
IMU,50824,-28,327,1020,-6,-4,0
IMU,50833,-27,326,1022,-6,-4,0
IMU,50843,-27,326,1021,-6,-4,0
IMU,50853,-28,324,1022,-6,-4,0
IMU,50863,-28,324,1021,-6,-4,0
IMU,50873,-28,324,1021,-6,-4,0
IMU,50882,-28,325,1020,-6,-4,0
IMU,50892,-27,327,1020,-6,-4,0
IMU,50902,-28,326,1022,-6,-4,0
IMU,50912,-28,325,1022,-6,-4,0
IMU,50921,-30,326,1023,-6,-4,0
IMU,50931,-30,325,1020,-6,-4,0
IMU,50941,-29,325,1022,-6,-4,0
IMU,50951,-29,324,1023,-6,-4,0
IMU,50960,-28,324,1022,-6,-4,0
IMU,50970,-27,323,1023,-6,-4,0
IMU,50980,-28,323,1023,-6,-4,0
IMU,50990,-27,322,1021,-6,-4,0
IMU,51000,-27,325,1023,-6,-4,0
IMU,51009,-30,325,1022,-6,-4,0
IMU,51019,-28,326,1023,-6,-4,0
IMU,51029,-27,325,1021,-6,-4,0
IMU,51039,-27,327,1021,-6,-4,0
IMU,51048,-27,325,1022,-6,-4,0
IMU,51058,-28,326,1023,-6,-4,0
IMU,51068,-27,325,1020,-6,-4,0
IMU,51078,-26,326,1022,-6,-4,0
IMU,51087,-27,326,1019,-6,-4,0
IMU,51097,-29,328,1022,-6,-4,0
IMU,51107,-27,325,1022,-6,-4,0
IMU,51117,-29,326,1020,-6,-4,0
IMU,51126,-26,325,1023,-6,-4,0
IMU,51136,-27,323,1020,-6,-4,0
IMU,51146,-29,324,1022,-6,-4,0
IMU,51156,-29,324,1021,-6,-4,0
IMU,51166,-30,324,1020,-6,-4,0
IMU,51175,-30,325,1018,-6,-4,0
IMU,51185,-28,324,1019,-6,-4,0
IMU,51195,-26,324,1022,-6,-4,0
IMU,51205,-28,325,1022,-6,-4,0
IMU,51214,-27,326,1022,-6,-4,0
IMU,51224,-26,324,1021,-6,-4,0
IMU,51234,-26,324,1020,-6,-4,0
IMU,51244,-27,325,1024,-6,-4,0
IMU,51253,-29,325,1024,-6,-4,0
IMU,51263,-26,325,1024,-6,-4,0
IMU,51273,-27,326,1022,-6,-4,0
IMU,51283,-26,324,1021,-6,-4,0
IMU,51292,-27,325,1020,-6,-4,0
IMU,51302,-26,324,1019,-6,-4,0
IMU,51312,-26,323,1021,-6,-4,0
IMU,51322,-26,325,1023,-6,-4,0
IMU,51332,-28,323,1022,-6,-4,0
IMU,51341,-28,325,1025,-6,-4,0
IMU,51351,-27,326,1024,-6,-4,0
IMU,51361,-28,326,1025,-6,-4,0
IMU,51371,-28,326,1021,-6,-4,0
IMU,51380,-28,325,1023,-6,-4,0
IMU,51390,-28,325,1023,-6,-4,0
IMU,51400,-28,323,1025,-6,-4,0
IMU,51410,-29,325,1022,-6,-4,0
IMU,51419,-28,327,1024,-6,-4,0
IMU,51429,-28,326,1024,-6,-4,0
IMU,51439,-26,326,1024,-6,-4,0
IMU,51449,-28,325,1024,-6,-4,0
IMU,51458,-28,324,1022,-6,-4,0
IMU,51468,-28,325,1023,-6,-4,0
IMU,51478,-27,326,1021,-6,-4,0
IMU,51488,-27,327,1019,-6,-4,0
IMU,51498,-26,326,1021,-6,-4,0
IMU,51507,-28,324,1022,-6,-4,0
IMU,51517,-29,324,1021,-6,-4,0
IMU,51527,-28,324,1023,-6,-4,0
IMU,51537,-27,324,1023,-6,-4,0
IMU,51546,-29,326,1025,-6,-4,0
IMU,51556,-28,323,1026,-6,-4,0
IMU,51566,-30,324,1023,-6,-4,0
IMU,51576,-29,325,1023,-6,-4,0
IMU,51585,-28,325,1024,-6,-4,0
IMU,51596,-27,325,1022,-6,-4,0
IMU,51605,-26,326,1021,-6,-4,0
IMU,51616,-26,324,1021,-6,-4,0
IMU,51625,-26,325,1022,-6,-4,0
IMU,51634,-26,326,1022,-6,-4,0
IMU,51645,-25,324,1026,-6,-4,0
IMU,51654,-26,326,1023,-6,-4,0
IMU,51664,-26,324,1023,-6,-4,0
IMU,51673,-27,326,1024,-6,-4,0
IMU,51683,-29,324,1023,-6,-4,0
IMU,51693,-29,325,1024,-6,-4,0
IMU,51703,-28,323,1023,-6,-4,0
IMU,51712,-26,324,1022,-6,-4,0
IMU,51722,-26,323,1023,-6,-4,0
IMU,51732,-27,324,1023,-6,-4,0
IMU,51742,-27,324,1020,-6,-4,0
IMU,51751,-30,327,1018,-6,-4,0
IMU,51761,-28,327,1018,-6,-4,0
IMU,51771,-29,326,1021,-6,-4,0
IMU,51781,-28,325,1021,-6,-4,0
IMU,51791,-28,326,1020,-6,-4,0
IMU,51800,-29,326,1022,-6,-4,0
IMU,51810,-29,325,1021,-6,-4,0
IMU,51820,-28,326,1021,-6,-4,0
IMU,51830,-29,325,1023,-6,-4,0
IMU,51839,-27,323,1023,-6,-4,0
IMU,51849,-28,324,1023,-6,-4,0
IMU,51859,-28,323,1023,-6,-4,0
IMU,51869,-27,324,1023,-6,-4,0
IMU,51878,-27,323,1024,-6,-4,0
IMU,51888,-28,325,1022,-6,-4,0
IMU,51898,-28,324,1021,-6,-4,0
IMU,51908,-29,324,1021,-6,-4,0
IMU,51917,-27,326,1023,-6,-4,0
IMU,51927,-27,325,1024,-6,-4,0
IMU,51937,-29,326,1024,-6,-4,0
IMU,51947,-30,327,1021,-6,-4,0
IMU,51957,-29,326,1020,-6,-4,0
IMU,51966,-28,324,1023,-6,-4,0
IMU,51976,-26,325,1025,-6,-4,0
IMU,51986,-27,325,1024,-6,-4,0
IMU,51996,-27,326,1024,-6,-4,0
IMU,52005,-28,324,1022,-6,-4,0
IMU,52015,-28,324,1020,-6,-4,0
IMU,52025,-29,324,1021,-6,-4,0
IMU,52035,-29,325,1022,-6,-4,0
IMU,52044,-27,324,1022,-6,-4,0
IMU,52054,-27,326,1022,-6,-4,0
IMU,52064,-28,324,1021,-6,-4,0
IMU,52074,-28,326,1024,-6,-4,0
IMU,52083,-29,326,1023,-6,-4,0
IMU,52093,-28,325,1021,-6,-4,0
IMU,52103,-26,325,1020,-6,-4,0
IMU,52113,-26,325,1024,-6,-4,0
IMU,52123,-26,324,1022,-6,-4,0
IMU,52132,-25,326,1021,-6,-4,0
IMU,52142,-25,324,1021,-6,-4,0
IMU,52152,-27,323,1021,-6,-4,0
IMU,52162,-28,324,1022,-6,-4,0
IMU,52171,-29,325,1021,-6,-4,0
IMU,52181,-29,326,1023,-6,-4,0
IMU,52191,-28,325,1022,-6,-4,0
IMU,52201,-27,327,1021,-6,-4,0
IMU,52210,-27,325,1020,-6,-4,0
IMU,52220,-27,324,1022,-6,-4,0
IMU,52230,-27,325,1022,-6,-4,0
IMU,52240,-25,328,1023,-6,-4,0
IMU,52250,-28,327,1022,-6,-4,0
IMU,52259,-29,327,1023,-6,-4,0
IMU,52269,-29,325,1022,-6,-4,0
IMU,52279,-28,325,1024,-6,-4,0
IMU,52289,-27,324,1020,-6,-4,0
IMU,52298,-27,325,1022,-6,-4,0
IMU,52308,-24,325,1021,-6,-4,0
IMU,52318,-26,327,1022,-6,-4,0
IMU,52328,-26,327,1024,-6,-4,0
IMU,52337,-27,323,1023,-6,-4,0
IMU,52347,-29,324,1025,-6,-4,0
IMU,52357,-27,324,1023,-6,-4,0
IMU,52367,-27,323,1021,-6,-4,0
IMU,52376,-29,326,1021,-6,-4,0
IMU,52386,-27,323,1021,-6,-4,0
IMU,52396,-27,324,1023,-6,-4,0
IMU,52406,-26,323,1021,-6,-4,0
IMU,52416,-26,323,1022,-6,-4,0
IMU,52425,-27,325,1021,-6,-4,0
IMU,52435,-28,327,1020,-6,-4,0
IMU,52445,-28,329,1022,-6,-4,0
IMU,52455,-28,328,1022,-6,-4,0
IMU,52464,-27,327,1023,-6,-4,0
IMU,52474,-26,325,1023,-6,-4,0
IMU,52484,-27,325,1022,-6,-4,0
IMU,52494,-26,326,1023,-6,-4,0
IMU,52503,-27,325,1023,-6,-4,0
IMU,52513,-29,325,1021,-6,-4,0
IMU,52523,-27,327,1019,-6,-4,0
IMU,52533,-28,326,1022,-6,-4,0
IMU,52542,-29,327,1021,-6,-4,0
IMU,52552,-28,326,1019,-6,-4,0
IMU,52562,-28,326,1020,-6,-4,0
IMU,52572,-27,327,1023,-6,-4,0
IMU,52582,-26,326,1020,-6,-4,0
IMU,52591,-28,326,1022,-6,-4,0
IMU,52601,-26,327,1022,-6,-4,0
IMU,52611,-24,327,1022,-6,-4,0
IMU,52621,-27,325,1021,-6,-4,0
IMU,52630,-26,325,1018,-6,-4,0
IMU,52640,-26,325,1022,-6,-4,0
IMU,52650,-24,324,1024,-6,-4,0
IMU,52660,-27,323,1023,-6,-4,0
IMU,52669,-27,322,1023,-6,-4,0
IMU,52679,-29,325,1024,-6,-4,0
IMU,52689,-29,324,1021,-6,-4,0
IMU,52699,-28,326,1021,-6,-4,0
IMU,52709,-27,328,1020,-6,-4,0
IMU,52719,-28,327,1021,-6,-4,0
IMU,52728,-26,326,1024,-6,-4,0
IMU,52739,-26,324,1021,-6,-4,0
IMU,52748,-26,324,1020,-6,-4,0
IMU,52757,-27,327,1022,-6,-4,0
IMU,52767,-28,326,1024,-6,-4,0
IMU,52777,-28,327,1023,-6,-4,0
IMU,52787,-26,326,1022,-6,-4,0
IMU,52796,-28,325,1022,-6,-4,0
IMU,52806,-26,325,1021,-6,-4,0
IMU,52816,-29,325,1022,-6,-4,0
IMU,52826,-28,325,1022,-6,-4,0
IMU,52835,-27,325,1021,-6,-4,0
IMU,52845,-26,324,1023,-6,-4,0
IMU,52855,-25,323,1021,-6,-4,0
IMU,52865,-25,323,1023,-6,-4,0
IMU,52875,-27,323,1025,-6,-4,0
IMU,52884,-27,324,1022,-6,-4,0
IMU,52894,-28,325,1024,-6,-4,0
IMU,52904,-28,325,1023,-6,-4,0
IMU,52914,-28,326,1022,-6,-4,0
IMU,52923,-28,323,1021,-6,-4,0
IMU,52933,-27,323,1018,-6,-4,0
IMU,52943,-28,324,1020,-6,-4,0
IMU,52953,-26,326,1020,-6,-4,0
IMU,52962,-27,325,1023,-6,-4,0
IMU,52972,-27,325,1023,-6,-4,0
IMU,52982,-27,326,1023,-6,-4,0
IMU,52992,-27,325,1021,-6,-4,0
IMU,53001,-27,325,1021,-6,-4,0
IMU,53011,-29,324,1021,-6,-4,0
IMU,53021,-29,326,1019,-6,-4,0
IMU,53031,-32,327,1022,-6,-4,0
IMU,53041,-31,327,1020,-6,-4,0
IMU,53050,-28,330,1021,-6,-4,0
IMU,53060,-28,330,1022,-6,-4,0
IMU,53070,-26,329,1020,-6,-4,0
IMU,53080,-23,326,1021,-6,-4,0
IMU,53089,-22,323,1022,-6,-4,0
IMU,53099,-22,323,1023,-6,-4,0
IMU,53109,-23,326,1022,-6,-4,0
IMU,53119,-25,326,1022,-6,-4,0
IMU,53128,-26,322,1025,-6,-4,0
IMU,53138,-29,322,1024,-6,-4,0
IMU,53148,-31,322,1022,-6,-4,0
IMU,53158,-31,322,1022,-6,-4,0
IMU,53167,-31,321,1020,-6,-4,0
IMU,53177,-30,323,1022,-6,-4,0
IMU,53187,-28,325,1022,-6,-4,0
IMU,53197,-27,325,1022,-6,-4,0
IMU,53207,-25,324,1024,-6,-4,0
IMU,53216,-24,320,1022,-6,-4,0
IMU,53226,-23,321,1023,-6,-4,0
IMU,53236,-25,322,1024,-6,-4,0
IMU,53246,-27,325,1024,-6,-4,0
IMU,53255,-30,324,1021,-6,-4,0
IMU,53265,-31,325,1021,-6,-4,0
IMU,53275,-30,326,1023,-6,-4,0
IMU,53285,-31,326,1021,-6,-4,0
IMU,53294,-30,330,1020,-6,-4,0
IMU,53304,-28,328,1020,-6,-4,0
IMU,53314,-26,329,1019,-6,-4,0
IMU,53324,-28,328,1023,-6,-4,0
IMU,53333,-27,326,1022,-6,-4,0
IMU,53343,-27,323,1021,-6,-4,0
IMU,53353,-26,322,1023,-6,-4,0
IMU,53363,-28,324,1023,-6,-4,0
IMU,53373,-29,323,1023,-6,-4,0
IMU,53382,-28,324,1021,-6,-4,0
IMU,53392,-28,326,1024,-6,-4,0
IMU,53402,-28,325,1025,-6,-4,0
IMU,53413,-28,324,1024,-6,-4,0
IMU,53421,-26,323,1022,-6,-4,0
IMU,53432,-25,322,1020,-6,-4,0
IMU,53441,-27,322,1023,-6,-4,0
IMU,53451,-26,322,1023,-6,-4,0
IMU,53461,-28,322,1024,-6,-4,0
IMU,53470,-28,322,1025,-6,-4,0
IMU,53480,-26,323,1022,-6,-4,0
IMU,53490,-28,326,1020,-6,-4,0
IMU,53500,-30,327,1020,-6,-4,0
IMU,53509,-27,329,1021,-6,-4,0
IMU,53519,-27,331,1019,-6,-4,0
IMU,53529,-28,331,1022,-6,-4,0
IMU,53539,-27,333,1019,-6,-4,0
IMU,53548,-28,332,1022,-6,-4,0
IMU,53558,-27,328,1023,-6,-4,0
IMU,53568,-27,323,1024,-6,-4,0
IMU,53578,-27,323,1023,-6,-4,0
IMU,53587,-25,325,1026,-6,-4,0
IMU,53597,-26,326,1024,-6,-4,0
IMU,53607,-28,326,1024,-6,-4,0
IMU,53617,-27,326,1021,-6,-4,0
IMU,53626,-26,325,1020,-6,-4,0
IMU,53636,-27,325,1020,-6,-4,0
IMU,53646,-28,326,1020,-6,-4,0
IMU,53656,-30,328,1023,-6,-4,0
IMU,53666,-28,328,1020,-6,-4,0
IMU,53675,-28,327,1022,-6,-4,0
IMU,53685,-27,322,1020,-6,-4,0
IMU,53695,-26,322,1025,-6,-4,0
IMU,53705,-28,321,1020,-6,-4,0
IMU,53714,-28,324,1026,-6,-4,0
IMU,53724,-28,323,1021,-6,-4,0
IMU,53734,-29,328,1023,-6,-4,0
IMU,53744,-29,328,1024,-6,-4,0
IMU,53753,-30,326,1023,-6,-4,0
IMU,53763,-28,326,1023,-6,-4,0
IMU,53773,-26,326,1023,-6,-4,0
IMU,53783,-24,324,1024,-6,-4,0
IMU,53792,-25,324,1024,-6,-4,0
IMU,53802,-25,325,1022,-6,-4,0
IMU,53812,-29,324,1023,-6,-4,0
IMU,53822,-31,327,1024,-6,-4,0
IMU,53832,-33,329,1020,-6,-4,0
IMU,53841,-32,328,1018,-6,-4,0
IMU,53851,-30,328,1019,-6,-4,0
IMU,53861,-28,325,1023,-6,-4,0
IMU,53871,-28,325,1020,-6,-4,0
IMU,53880,-28,321,1025,-6,-4,0
IMU,53890,-27,324,1023,-6,-4,0
IMU,53900,-25,324,1024,-6,-4,0
IMU,53910,-25,326,1024,-6,-4,0
IMU,53919,-26,324,1024,-6,-4,0
IMU,53930,-26,325,1020,-6,-4,0
IMU,53939,-27,328,1022,-6,-4,0
IMU,53949,-28,328,1023,-6,-4,0
IMU,53959,-28,328,1021,-6,-4,0
IMU,53968,-28,326,1022,-6,-4,0
IMU,53979,-26,325,1025,-6,-4,0
IMU,53989,-26,324,1024,-6,-4,0
IMU,53998,-27,323,1024,-6,-4,0
IMU,54007,-27,323,1027,-6,-4,0
IMU,54017,-29,324,1026,-6,-4,0
IMU,54027,-27,324,1023,-6,-4,0
IMU,54037,-27,328,1023,-6,-4,0
IMU,54046,-31,328,1020,-6,-4,0
IMU,54056,-31,330,1022,-6,-4,0
IMU,54066,-30,329,1024,-6,-4,0
IMU,54076,-27,326,1022,-6,-4,0
IMU,54085,-25,324,1027,-6,-4,0
IMU,54095,-26,322,1024,-6,-4,0
IMU,54105,-24,323,1023,-6,-4,0
IMU,54115,-26,323,1020,-6,-4,0
IMU,54125,-24,324,1023,-6,-4,0
IMU,54134,-26,325,1021,-6,-4,0
IMU,54144,-29,327,1019,-6,-4,0
IMU,54154,-32,327,1020,-6,-4,0
IMU,54164,-31,327,1022,-6,-4,0
IMU,54173,-29,327,1023,-6,-4,0
IMU,54183,-26,326,1021,-6,-4,0
SPM,46203,0.00
SPM,49218,0.00
SPM,52258,0.00
SPM,55288,0.00
SPM,58325,0.00
SPM,61364,0.00
GPS,64378,59.416928,17.982172,0.00,11.44,9
GPS,64876,59.416928,17.982172,0.00,11.44,9
GPS,65384,59.416929,17.982167,0.00,11.72,9
GPS,65882,59.416929,17.982167,0.00,11.72,9
GPS,66380,59.416930,17.982162,0.00,11.94,9
GPS,66888,59.416930,17.982162,0.00,11.94,9
GPS,67377,59.416930,17.982158,0.00,12.14,8
GPS,67875,59.416930,17.982158,0.00,12.14,8
GPS,68382,59.416931,17.982153,0.00,12.43,8
GPS,68880,59.416931,17.982153,0.00,12.43,8
GPS,69378,59.416932,17.982147,0.00,12.71,8
GPS,69876,59.416932,17.982147,0.00,12.71,8
GPS,70375,59.416933,17.982142,0.00,12.91,8
GPS,70873,59.416933,17.982142,0.00,12.91,8
GPS,71380,59.416932,17.982140,0.00,12.97,8
GPS,71878,59.416932,17.982140,0.00,12.97,8
GPS,72386,59.416932,17.982139,0.00,13.05,8
GPS,72884,59.416932,17.982139,0.00,13.05,8
GPS,73382,59.416933,17.982135,0.00,13.24,8
GPS,73880,59.416933,17.982135,0.00,13.24,8
GPS,74378,59.416934,17.982131,0.00,13.47,8
GPS,74876,59.416934,17.982131,0.00,13.47,8
GPS,75384,59.416934,17.982127,0.00,13.67,8
GPS,75873,59.416934,17.982127,0.00,13.67,8
GPS,76380,59.416934,17.982124,0.00,13.79,8
IMU,63988,-23,322,1024,-6,-4,0
IMU,63998,-28,318,1028,-6,-4,0
IMU,64007,-31,316,1021,-6,-4,0
IMU,64017,-33,319,1027,-6,-4,0
IMU,64027,-35,320,1021,-6,-4,0
IMU,64037,-34,330,1020,-6,-4,0
IMU,64046,-30,329,1016,-6,-4,0
IMU,64056,-28,332,1023,-6,-4,0
IMU,64066,-25,328,1020,-6,-4,0
IMU,64076,-23,324,1022,-6,-4,0
IMU,64085,-25,322,1023,-6,-4,0
IMU,64095,-23,324,1023,-6,-4,0
IMU,64105,-27,326,1022,-6,-4,0
IMU,64115,-31,323,1025,-6,-4,0
IMU,64125,-33,322,1018,-6,-4,0
IMU,64134,-33,326,1018,-6,-4,0
IMU,64144,-33,325,1017,-6,-4,0
IMU,64154,-31,327,1019,-6,-4,0
IMU,64164,-27,327,1018,-6,-4,0
IMU,64173,-25,327,1020,-6,-4,0
IMU,64183,-23,326,1022,-6,-4,0
IMU,64193,-26,325,1024,-6,-4,0
IMU,64203,-26,322,1026,-6,-4,0
IMU,64212,-27,323,1021,-6,-4,0
IMU,64222,-29,323,1020,-6,-4,0
IMU,64232,-31,326,1020,-6,-4,0
IMU,64242,-30,327,1021,-6,-4,0
IMU,64251,-27,328,1025,-6,-4,0
IMU,64261,-25,324,1021,-6,-4,0
IMU,64271,-25,323,1023,-6,-4,0
IMU,64281,-26,322,1023,-6,-4,0
IMU,64291,-24,323,1023,-6,-4,0
IMU,64300,-26,325,1021,-6,-4,0
IMU,64310,-28,327,1021,-6,-4,0
IMU,64320,-28,325,1022,-6,-4,0
IMU,64330,-31,324,1021,-6,-4,0
IMU,64339,-32,323,1020,-6,-4,0
IMU,64349,-32,324,1020,-6,-4,0
IMU,64359,-33,325,1019,-6,-4,0
IMU,64369,-27,330,1028,-6,-4,0
IMU,64378,-23,326,1018,-6,-4,0
IMU,64388,-21,326,1026,-6,-4,0
IMU,64398,-19,323,1024,-6,-4,0
IMU,64408,-21,323,1023,-6,-4,0
IMU,64417,-24,325,1020,-6,-4,0
IMU,64427,-29,328,1024,-6,-4,0
IMU,64437,-31,327,1021,-6,-4,0
IMU,64447,-33,328,1023,-6,-4,0
IMU,64457,-33,327,1023,-6,-4,0
IMU,64466,-31,326,1022,-6,-4,0
IMU,64476,-29,325,1024,-6,-4,0
IMU,64486,-26,325,1027,-6,-4,0
IMU,64496,-24,325,1024,-6,-4,0
IMU,64505,-23,324,1025,-6,-4,0
IMU,64515,-25,324,1023,-6,-4,0
IMU,64525,-26,324,1023,-6,-4,0
IMU,64535,-30,325,1022,-6,-4,0
IMU,64544,-32,329,1021,-6,-4,0
IMU,64554,-30,328,1024,-6,-4,0
IMU,64564,-29,329,1021,-6,-4,0
IMU,64574,-27,327,1025,-6,-4,0
IMU,64583,-25,326,1021,-6,-4,0
IMU,64593,-24,326,1024,-6,-4,0
IMU,64603,-24,325,1021,-6,-4,0
IMU,64613,-22,323,1022,-6,-4,0
IMU,64623,-25,321,1023,-6,-4,0
IMU,64632,-27,321,1023,-6,-4,0
IMU,64642,-31,323,1021,-6,-4,0
IMU,64652,-30,325,1021,-6,-4,0
IMU,64662,-33,329,1020,-6,-4,0
IMU,64671,-32,327,1015,-6,-4,0
IMU,64681,-27,328,1021,-6,-4,0
IMU,64691,-26,322,1018,-6,-4,0
IMU,64701,-24,325,1019,-6,-4,0
IMU,64710,-24,324,1021,-6,-4,0
IMU,64720,-25,325,1020,-6,-4,0
IMU,64730,-25,325,1020,-6,-4,0
IMU,64740,-28,324,1019,-6,-4,0
IMU,64750,-29,326,1022,-6,-4,0
IMU,64759,-31,325,1020,-6,-4,0
IMU,64769,-31,325,1023,-6,-4,0
IMU,64779,-29,325,1021,-6,-4,0
IMU,64789,-27,325,1023,-6,-4,0
IMU,64798,-27,325,1020,-6,-4,0
IMU,64808,-26,325,1022,-6,-4,0
IMU,64818,-26,324,1024,-6,-4,0
IMU,64828,-28,323,1020,-6,-4,0
IMU,64837,-28,328,1021,-6,-4,0
IMU,64847,-28,327,1019,-6,-5,0
IMU,64857,-28,326,1021,-6,-4,0
IMU,64867,-25,325,1019,-6,-4,0
IMU,64876,-24,329,1024,-6,-4,0
IMU,64886,-24,321,1021,-6,-4,0
IMU,64896,-26,326,1027,-6,-4,0
IMU,64906,-24,326,1019,-6,-4,0
IMU,64916,-26,326,1024,-6,-4,0
IMU,64925,-27,327,1024,-6,-4,0
IMU,64935,-28,327,1021,-6,-4,0
IMU,64945,-30,326,1021,-6,-4,0
IMU,64955,-30,324,1023,-6,-4,0
IMU,64964,-27,326,1022,-6,-4,0
IMU,64974,-25,326,1021,-6,-4,0
IMU,64984,-27,324,1021,-6,-4,0
IMU,64994,-25,326,1022,-6,-4,0
IMU,65003,-27,325,1020,-6,-4,0
IMU,65013,-27,327,1020,-6,-4,0
IMU,65023,-28,324,1020,-6,-4,0
IMU,65033,-29,327,1022,-6,-4,0
IMU,65042,-32,323,1021,-6,-4,0
IMU,65052,-28,326,1025,-6,-4,0
IMU,65062,-28,325,1024,-6,-4,0
IMU,65072,-28,325,1020,-6,-4,0
IMU,65082,-26,326,1022,-6,-4,0
IMU,65091,-27,326,1022,-6,-4,0
IMU,65101,-27,326,1024,-6,-4,0
IMU,65111,-27,328,1024,-6,-4,0
IMU,65121,-26,329,1020,-6,-4,0
IMU,65130,-26,325,1023,-6,-4,0
IMU,65140,-28,324,1023,-6,-4,0
IMU,65150,-28,323,1025,-6,-4,0
IMU,65160,-29,324,1024,-6,-4,0
IMU,65169,-28,325,1024,-6,-4,0
IMU,65179,-24,325,1022,-6,-4,0
IMU,65189,-24,325,1023,-6,-4,0
IMU,65199,-26,327,1019,-6,-4,0
IMU,65208,-29,327,1022,-6,-4,0
IMU,65218,-31,327,1021,-6,-4,0
IMU,65228,-32,330,1023,-6,-4,0
IMU,65238,-32,322,1017,-6,-4,0
IMU,65248,-31,319,1024,-6,-4,0
IMU,65257,-30,316,1024,-6,-4,0
IMU,65267,-27,319,1024,-6,-4,0
IMU,65277,-24,320,1022,-6,-4,0
IMU,65287,-25,328,1023,-6,-4,0
IMU,65296,-25,331,1020,-6,-4,0
IMU,65306,-28,332,1024,-6,-4,0
IMU,65316,-30,332,1021,-6,-4,0
IMU,65326,-31,331,1022,-6,-4,0
IMU,65335,-30,328,1019,-6,-4,0
IMU,65345,-28,326,1020,-6,-4,0
IMU,65355,-28,320,1020,-6,-4,0
IMU,65365,-27,321,1025,-6,-4,0
IMU,65375,-25,323,1022,-6,-4,0
IMU,65384,-25,325,1019,-6,-4,0
IMU,65394,-28,324,1023,-6,-4,0
IMU,65404,-29,325,1019,-6,-4,0
IMU,65414,-28,327,1020,-6,-4,0
IMU,65423,-28,324,1022,-6,-4,0
IMU,65433,-29,324,1024,-6,-4,0
IMU,65443,-30,325,1021,-6,-4,0
IMU,65453,-29,323,1025,-6,-4,0
IMU,65462,-27,324,1021,-6,-4,0
IMU,65472,-26,328,1021,-6,-4,0
IMU,65482,-25,329,1030,-6,-4,0
IMU,65492,-26,329,1019,-6,-4,0
IMU,65501,-25,329,1026,-6,-4,0
IMU,65511,-25,328,1025,-6,-4,0
IMU,65521,-25,328,1024,-6,-4,0
IMU,65531,-27,325,1024,-6,-4,0
IMU,65541,-28,321,1024,-6,-4,0
IMU,65550,-29,321,1022,-6,-4,0
IMU,65560,-31,322,1022,-6,-4,0
IMU,65570,-30,323,1015,-6,-4,0
IMU,65580,-30,324,1021,-6,-4,0
IMU,65589,-27,325,1021,-6,-4,0
IMU,65599,-27,327,1020,-6,-4,0
IMU,65609,-25,324,1023,-6,-4,0
IMU,65619,-27,325,1023,-6,-4,0
IMU,65628,-27,327,1021,-6,-4,0
IMU,65638,-27,328,1023,-6,-4,0
IMU,65648,-28,326,1025,-6,-4,0
IMU,65658,-26,324,1020,-6,-4,0
IMU,65667,-27,324,1022,-6,-4,0
IMU,65677,-28,324,1024,-6,-4,0
IMU,65687,-27,324,1023,-6,-4,0
IMU,65697,-28,328,1022,-6,-4,0
IMU,65707,-27,324,1020,-6,-4,0
IMU,65716,-26,325,1021,-6,-4,0
IMU,65726,-25,324,1021,-6,-4,0
IMU,65736,-27,323,1022,-6,-4,0
IMU,65746,-29,322,1022,-6,-4,0
IMU,65755,-28,325,1025,-6,-4,0
IMU,65766,-28,325,1022,-6,-4,0
IMU,65775,-28,325,1019,-6,-4,0
IMU,65785,-27,326,1018,-6,-4,0
IMU,65795,-27,327,1022,-6,-4,0
IMU,65804,-26,330,1022,-6,-4,0
IMU,65815,-25,328,1019,-6,-4,0
IMU,65824,-27,325,1021,-6,-4,0
IMU,65833,-27,321,1023,-6,-4,0
IMU,65843,-28,320,1024,-6,-4,0
IMU,65853,-29,321,1024,-6,-4,0
IMU,65863,-30,324,1026,-6,-4,0
IMU,65873,-30,326,1021,-6,-4,0
IMU,65882,-26,328,1022,-6,-4,0
IMU,65892,-28,326,1023,-6,-4,0
IMU,65902,-27,328,1020,-6,-4,0
IMU,65912,-27,326,1018,-6,-4,0
IMU,65921,-25,326,1020,-6,-4,0
IMU,65931,-22,327,1022,-6,-4,0
IMU,65941,-25,326,1021,-6,-4,0
IMU,65951,-27,324,1022,-6,-4,0
IMU,65960,-25,324,1024,-6,-4,0
IMU,65970,-28,325,1026,-6,-4,0
IMU,65980,-29,324,1024,-6,-4,0
IMU,65990,-28,323,1020,-6,-4,0
IMU,66000,-28,328,1019,-6,-4,0
IMU,66009,-31,327,1021,-6,-4,0
IMU,66019,-28,326,1016,-6,-4,0
IMU,66029,-29,324,1027,-6,-4,0
IMU,66039,-28,320,1021,-6,-4,0
IMU,66048,-27,323,1024,-6,-4,0
IMU,66058,-28,323,1024,-6,-4,0
IMU,66068,-28,323,1018,-6,-4,0
IMU,66078,-25,327,1020,-6,-4,0
IMU,66087,-26,325,1021,-6,-4,0
IMU,66097,-29,327,1019,-6,-4,0
IMU,66107,-28,326,1019,-6,-4,0
IMU,66117,-27,326,1024,-6,-4,0
IMU,66126,-28,326,1022,-6,-4,0
IMU,66136,-27,325,1024,-6,-4,0
IMU,66146,-29,324,1019,-6,-4,0
IMU,66156,-30,326,1019,-6,-4,0
IMU,66166,-29,322,1020,-6,-4,0
IMU,66175,-27,326,1025,-6,-4,0
IMU,66185,-27,327,1026,-6,-4,0
IMU,66195,-27,325,1020,-6,-4,0
IMU,66205,-26,326,1023,-6,-4,0
IMU,66214,-25,324,1023,-6,-4,0
IMU,66224,-25,325,1024,-6,-4,0
IMU,66234,-26,327,1021,-6,-4,0
IMU,66244,-28,328,1021,-6,-4,0
IMU,66253,-30,327,1019,-6,-4,0
IMU,66263,-28,326,1022,-6,-4,0
IMU,66273,-28,325,1024,-6,-4,0
IMU,66283,-28,323,1026,-6,-4,0
IMU,66292,-26,324,1025,-6,-4,0
IMU,66302,-26,326,1024,-6,-4,0
IMU,66312,-26,327,1019,-6,-4,0
IMU,66322,-26,326,1021,-6,-4,0
IMU,66332,-28,326,1020,-6,-4,0
IMU,66341,-29,325,1022,-6,-4,0
IMU,66351,-27,324,1023,-6,-4,0
IMU,66361,-27,324,1020,-6,-4,0
IMU,66371,-28,324,1022,-6,-4,0
IMU,66380,-28,325,1023,-6,-4,0
IMU,66390,-28,325,1021,-6,-4,0
IMU,66400,-28,326,1022,-6,-4,0
IMU,66410,-29,325,1020,-6,-4,0
IMU,66419,-27,326,1021,-6,-4,0
IMU,66429,-27,325,1018,-6,-4,0
IMU,66439,-28,325,1023,-6,-4,0
IMU,66449,-30,327,1023,-6,-4,0
IMU,66458,-28,325,1023,-6,-4,0
IMU,66469,-27,326,1020,-6,-4,0
IMU,66478,-28,324,1021,-6,-4,0
IMU,66488,-28,324,1023,-6,-4,0
IMU,66499,-26,324,1023,-6,-4,0
IMU,66507,-27,324,1021,-6,-4,0
IMU,66518,-28,327,1022,-6,-4,0
IMU,66527,-28,327,1022,-6,-4,0
IMU,66537,-27,325,1022,-6,-4,0
IMU,66546,-28,327,1024,-6,-4,0
IMU,66556,-27,327,1025,-6,-4,0
IMU,66566,-26,325,1025,-6,-4,0
IMU,66576,-27,323,1024,-6,-4,0
IMU,66585,-27,324,1025,-6,-4,0
IMU,66595,-28,324,1021,-6,-4,0
IMU,66605,-27,327,1021,-6,-4,0
IMU,66615,-27,327,1019,-6,-4,0
IMU,66625,-27,326,1021,-6,-4,0
IMU,66634,-28,323,1020,-6,-4,0
IMU,66644,-28,324,1020,-6,-4,0
IMU,66654,-28,327,1019,-6,-4,0
IMU,66664,-26,327,1024,-6,-4,0
IMU,66673,-28,325,1018,-6,-4,0
IMU,66683,-27,327,1020,-6,-4,0
IMU,66693,-26,325,1021,-6,-4,0
IMU,66703,-26,324,1021,-6,-4,0
IMU,66712,-27,324,1021,-6,-4,0
IMU,66722,-26,322,1023,-6,-4,0
IMU,66732,-28,326,1021,-6,-4,0
IMU,66742,-28,326,1024,-6,-4,0
IMU,66751,-28,326,1022,-6,-4,0
IMU,66761,-30,327,1021,-6,-4,0
IMU,66771,-27,324,1024,-6,-4,0
IMU,66781,-29,324,1021,-6,-4,0
IMU,66791,-26,325,1023,-6,-4,0
IMU,66800,-28,326,1020,-6,-4,0
IMU,66810,-28,324,1022,-6,-4,0
IMU,66820,-28,324,1020,-6,-4,0
IMU,66830,-29,325,1023,-6,-4,0
IMU,66839,-26,327,1022,-6,-4,0
IMU,66849,-28,326,1021,-6,-4,0
IMU,66859,-27,325,1025,-6,-4,0
IMU,66869,-28,324,1021,-6,-4,0
IMU,66878,-28,325,1024,-6,-4,0
IMU,66888,-28,327,1021,-6,-4,0
IMU,66898,-27,325,1024,-6,-4,0
IMU,66908,-28,326,1022,-6,-4,0
IMU,66917,-27,325,1025,-6,-4,0
IMU,66927,-28,325,1022,-6,-4,0
IMU,66937,-27,324,1021,-6,-4,0
IMU,66947,-28,325,1021,-6,-4,0
IMU,66957,-28,325,1022,-6,-4,0
IMU,66967,-29,326,1020,-6,-4,0
IMU,66976,-27,329,1024,-6,-4,0
IMU,66987,-28,326,1021,-6,-4,0
IMU,66996,-28,326,1021,-6,-4,0
IMU,67005,-26,324,1022,-6,-4,0
IMU,67015,-28,322,1023,-6,-4,0
IMU,67025,-27,322,1022,-6,-4,0
IMU,67035,-26,324,1022,-6,-4,0
IMU,67044,-27,325,1023,-6,-4,0
IMU,67054,-28,327,1022,-6,-4,0
IMU,67064,-30,327,1019,-6,-4,0
IMU,67074,-28,324,1022,-6,-4,0
IMU,67083,-30,325,1025,-6,-4,0
IMU,67093,-28,325,1019,-6,-4,0
IMU,67103,-26,327,1019,-6,-4,0
IMU,67113,-27,327,1024,-6,-4,0
IMU,67123,-27,326,1021,-6,-4,0
IMU,67132,-28,322,1020,-6,-4,0
IMU,67142,-28,324,1022,-6,-4,0
IMU,67152,-28,322,1023,-6,-4,0
IMU,67162,-27,324,1024,-6,-4,0
IMU,67171,-27,323,1022,-6,-4,0
IMU,67181,-27,323,1022,-6,-4,0
IMU,67191,-26,325,1021,-6,-4,0
IMU,67201,-26,328,1022,-6,-4,0
IMU,67210,-28,325,1021,-6,-4,0
IMU,67220,-27,327,1022,-6,-4,0
IMU,67230,-27,326,1024,-6,-4,0
IMU,67240,-26,326,1020,-6,-4,0
IMU,67250,-27,325,1021,-6,-4,0
IMU,67259,-28,324,1025,-6,-4,0
IMU,67269,-28,325,1020,-6,-4,0
IMU,67279,-29,324,1021,-6,-4,0
IMU,67289,-28,326,1022,-6,-4,0
IMU,67298,-27,325,1020,-6,-4,0
IMU,67308,-27,326,1020,-6,-4,0
IMU,67318,-27,324,1023,-6,-4,0
IMU,67328,-28,325,1023,-6,-4,0
IMU,67337,-26,326,1019,-6,-4,0
IMU,67347,-28,326,1023,-6,-4,0
IMU,67358,-28,324,1020,-6,-4,0
IMU,67367,-29,327,1021,-6,-4,0
IMU,67377,-30,325,1021,-6,-4,0
IMU,67387,-28,326,1020,-6,-4,0
IMU,67396,-26,326,1021,-6,-4,0
IMU,67407,-30,325,1018,-6,-4,0
IMU,67416,-28,329,1023,-6,-4,0
IMU,67425,-28,324,1021,-6,-4,0
IMU,67435,-27,326,1021,-6,-4,0
IMU,67445,-28,322,1023,-6,-4,0
IMU,67455,-29,323,1023,-6,-4,0
IMU,67464,-27,324,1021,-6,-4,0
IMU,67474,-28,325,1022,-6,-4,0
IMU,67484,-28,325,1021,-6,-4,0
IMU,67494,-29,325,1021,-6,-4,0
IMU,67503,-27,327,1024,-6,-4,0
IMU,67513,-27,328,1019,-6,-4,0
IMU,67523,-26,327,1023,-6,-4,0
IMU,67533,-25,326,1024,-6,-4,0
IMU,67542,-25,325,1022,-6,-4,0
IMU,67552,-27,325,1023,-6,-4,0
IMU,67562,-27,323,1020,-6,-4,0
IMU,67572,-26,325,1021,-6,-4,0
IMU,67582,-28,324,1021,-6,-4,0
IMU,67591,-27,325,1024,-6,-4,0
IMU,67601,-26,323,1021,-6,-4,0
IMU,67611,-27,324,1022,-6,-4,0
IMU,67621,-28,325,1023,-6,-4,0
IMU,67630,-27,325,1022,-6,-4,0
IMU,67640,-26,323,1023,-6,-4,0
IMU,67650,-27,324,1023,-6,-4,0
IMU,67660,-27,322,1024,-6,-4,0
IMU,67669,-28,325,1024,-6,-4,0
IMU,67679,-27,325,1023,-6,-4,0
IMU,67689,-27,327,1021,-6,-4,0
IMU,67699,-28,327,1023,-6,-4,0
IMU,67708,-27,329,1022,-6,-4,0
IMU,67718,-26,326,1018,-6,-4,0
IMU,67728,-29,327,1022,-6,-4,0
IMU,67738,-27,325,1022,-6,-4,0
IMU,67748,-28,324,1023,-6,-4,0
IMU,67757,-28,324,1019,-6,-4,0
IMU,67767,-30,326,1018,-6,-4,0
IMU,67777,-30,326,1026,-6,-4,0
IMU,67787,-31,323,1018,-6,-4,0
IMU,67796,-28,323,1024,-6,-4,0
IMU,67806,-25,318,1028,-6,-4,0
IMU,67816,-24,322,1020,-6,-4,0
IMU,67826,-24,325,1021,-6,-4,0
IMU,67835,-27,327,1020,-6,-4,0
IMU,67845,-29,333,1021,-6,-4,0
IMU,67855,-29,331,1018,-6,-4,0
IMU,67865,-32,326,1021,-6,-4,0
IMU,67875,-30,322,1022,-6,-4,0
IMU,67884,-26,325,1023,-6,-4,0
IMU,67895,-25,326,1021,-6,-4,0
IMU,67905,-25,324,1019,-6,-4,0
IMU,67914,-24,325,1022,-6,-4,0
IMU,67924,-29,322,1023,-6,-4,0
IMU,67933,-30,324,1021,-6,-4,0
IMU,67943,-30,328,1022,-6,-4,0
IMU,67953,-30,330,1021,-6,-4,0
IMU,67962,-29,329,1022,-6,-4,0
IMU,67972,-28,323,1024,-6,-4,0
IMU,67982,-28,321,1023,-6,-4,0
IMU,67992,-28,320,1022,-6,-4,0
IMU,68001,-30,321,1025,-6,-4,0
IMU,68011,-28,323,1023,-6,-4,0
IMU,68021,-28,327,1019,-6,-4,0
IMU,68031,-28,332,1025,-6,-4,0
IMU,68041,-30,330,1016,-6,-4,0
IMU,68050,-28,331,1019,-6,-4,0
IMU,68060,-27,325,1021,-6,-4,0
IMU,68070,-25,326,1020,-6,-4,0
IMU,68080,-23,321,1025,-6,-4,0
IMU,68089,-25,320,1023,-6,-4,0
IMU,68099,-27,325,1026,-6,-4,0
IMU,68109,-30,324,1020,-6,-4,0
IMU,68119,-33,327,1021,-6,-4,0
IMU,68128,-35,328,1019,-6,-4,0
IMU,68138,-33,327,1021,-6,-4,0
IMU,68148,-30,327,1024,-6,-4,0
IMU,68158,-25,326,1024,-6,-4,0
IMU,68167,-25,325,1020,-6,-4,0
IMU,68177,-24,323,1021,-6,-4,0
IMU,68187,-23,326,1026,-6,-4,0
IMU,68197,-25,326,1021,-6,-4,0
IMU,68207,-25,326,1022,-6,-4,0
IMU,68216,-28,326,1024,-6,-4,0
IMU,68226,-33,323,1021,-6,-4,0
IMU,68236,-33,322,1022,-6,-4,0
IMU,68246,-31,324,1027,-6,-4,0
IMU,68255,-28,327,1022,-6,-4,0
IMU,68265,-25,328,1020,-6,-4,0
IMU,68275,-23,329,1023,-6,-4,0
IMU,68285,-23,329,1021,-6,-4,0
IMU,68294,-22,330,1021,-6,-4,0
IMU,68304,-23,327,1021,-6,-4,0
IMU,68314,-30,327,1020,-6,-4,0
IMU,68324,-30,328,1019,-6,-4,0
IMU,68333,-32,326,1020,-6,-4,0
IMU,68343,-31,325,1025,-6,-4,0
IMU,68353,-29,325,1021,-6,-4,0
IMU,68363,-29,327,1023,-6,-4,0
IMU,68373,-25,324,1023,-6,-4,0
IMU,68382,-24,323,1022,-6,-4,0
IMU,68392,-24,322,1025,-6,-4,0
IMU,68402,-29,318,1019,-6,-4,0
IMU,68412,-29,317,1024,-6,-4,0
IMU,68421,-30,320,1022,-6,-4,0
IMU,68431,-31,323,1021,-6,-4,0
IMU,68441,-32,325,1022,-6,-4,0
IMU,68451,-31,326,1023,-6,-4,0
IMU,68460,-30,326,1022,-6,-4,0
IMU,68470,-28,324,1023,-6,-4,0
IMU,68480,-24,325,1023,-6,-4,0
IMU,68490,-24,327,1020,-6,-4,0
IMU,68500,-24,329,1022,-6,-4,0
IMU,68509,-26,328,1019,-6,-4,0
IMU,68519,-28,328,1021,-6,-4,0
IMU,68529,-29,327,1022,-6,-4,0
IMU,68539,-27,323,1022,-6,-4,0
IMU,68548,-27,325,1023,-6,-4,0
IMU,68558,-27,324,1020,-6,-4,0
IMU,68568,-27,323,1022,-6,-4,0
IMU,68578,-24,326,1025,-6,-4,0
IMU,68587,-29,327,1021,-6,-4,0
IMU,68597,-28,327,1022,-6,-4,0
IMU,68607,-28,324,1021,-6,-4,0
IMU,68617,-30,325,1023,-6,-4,0
IMU,68626,-30,322,1022,-6,-4,0
IMU,68636,-29,320,1022,-6,-4,0
IMU,68646,-29,323,1024,-6,-4,0
IMU,68656,-31,323,1021,-6,-4,0
IMU,68666,-27,324,1023,-6,-4,0
IMU,68675,-25,325,1019,-6,-4,0
IMU,68685,-26,329,1022,-6,-4,0
IMU,68696,-24,329,1023,-6,-4,0
IMU,68705,-23,329,1020,-6,-4,0
IMU,68715,-25,331,1023,-6,-4,0
IMU,68725,-27,327,1020,-6,-4,0
IMU,68734,-28,325,1015,-6,-4,0
IMU,68745,-29,321,1020,-6,-4,0
IMU,68753,-28,319,1029,-6,-4,0
IMU,68763,-27,320,1026,-6,-4,0
IMU,68773,-27,325,1023,-6,-4,0
IMU,68783,-25,328,1023,-6,-4,0
IMU,68792,-23,329,1023,-6,-4,0
IMU,68802,-26,328,1020,-6,-4,0
IMU,68812,-28,324,1021,-6,-4,0
IMU,68822,-30,322,1021,-6,-4,0
IMU,68832,-27,322,1025,-6,-4,0
IMU,68841,-29,325,1023,-6,-4,0
IMU,68851,-28,323,1022,-6,-4,0
IMU,68861,-27,324,1026,-6,-4,0
IMU,68871,-27,321,1021,-6,-4,0
IMU,68880,-26,326,1024,-6,-4,0
IMU,68890,-26,325,1020,-6,-4,0
IMU,68900,-27,331,1024,-6,-4,0
IMU,68910,-27,330,1018,-6,-4,0
IMU,68919,-27,328,1022,-6,-4,0
IMU,68929,-26,323,1021,-6,-4,0
IMU,68939,-26,323,1022,-6,-4,0
IMU,68949,-26,322,1021,-6,-4,0
IMU,68958,-28,326,1022,-6,-4,0
IMU,68968,-28,327,1025,-6,-4,0
IMU,68978,-29,327,1020,-6,-4,0
IMU,68988,-29,325,1024,-6,-4,0
IMU,68998,-29,324,1019,-6,-4,0
IMU,69007,-27,326,1021,-6,-4,0
IMU,69017,-25,324,1023,-6,-4,0
IMU,69027,-26,324,1026,-6,-4,0
IMU,69037,-27,324,1020,-6,-4,0
IMU,69046,-28,326,1019,-6,-4,0
IMU,69056,-28,327,1024,-6,-4,0
IMU,69066,-29,331,1023,-6,-4,0
IMU,69076,-29,327,1018,-6,-4,0
IMU,69085,-29,326,1022,-6,-4,0
IMU,69095,-30,321,1022,-6,-4,0
IMU,69105,-30,321,1024,-6,-4,0
IMU,69115,-26,323,1027,-6,-4,0
IMU,69125,-27,323,1025,-6,-4,0
IMU,69134,-24,322,1021,-6,-4,0
IMU,69144,-27,324,1024,-6,-4,0
IMU,69154,-29,326,1022,-6,-4,0
IMU,69164,-30,328,1020,-6,-4,0
IMU,69173,-29,331,1024,-6,-4,0
IMU,69183,-28,329,1019,-6,-4,0
IMU,69193,-28,327,1022,-6,-4,0
IMU,69203,-30,321,1024,-6,-4,0
IMU,69212,-28,318,1026,-6,-4,0
IMU,69222,-27,321,1025,-6,-4,0
IMU,69232,-28,322,1024,-6,-4,0
IMU,69242,-26,328,1020,-6,-4,0
IMU,69251,-25,331,1016,-6,-4,0
IMU,69261,-27,330,1021,-6,-4,0
IMU,69271,-27,328,1018,-6,-4,0
IMU,69281,-29,325,1018,-6,-4,0
IMU,69291,-28,326,1023,-6,-4,0
IMU,69300,-28,323,1023,-6,-4,0
IMU,69310,-29,321,1022,-6,-4,0
IMU,69320,-30,321,1022,-6,-4,0
IMU,69330,-29,322,1023,-6,-4,0
IMU,69339,-28,323,1021,-6,-4,0
IMU,69349,-28,325,1020,-6,-4,0
IMU,69359,-26,328,1024,-6,-4,0
IMU,69369,-27,329,1021,-6,-4,0
IMU,69378,-28,330,1016,-6,-4,0
IMU,69388,-27,325,1018,-6,-4,0
IMU,69398,-28,322,1024,-6,-4,0
IMU,69408,-28,321,1022,-6,-4,0
IMU,69417,-28,323,1025,-6,-4,0
IMU,69427,-29,323,1021,-6,-4,0
IMU,69437,-30,325,1023,-6,-4,0
IMU,69447,-28,325,1021,-6,-4,0
IMU,69457,-29,327,1020,-6,-4,0
IMU,69466,-30,328,1020,-6,-4,0
IMU,69476,-28,327,1024,-6,-4,0
IMU,69486,-28,323,1022,-6,-4,0
IMU,69496,-28,323,1023,-6,-4,0
IMU,69505,-26,323,1021,-6,-4,0
IMU,69515,-26,324,1020,-6,-4,0
IMU,69525,-26,322,1021,-6,-4,0
IMU,69535,-28,322,1025,-6,-4,0
IMU,69544,-30,323,1022,-6,-4,0
IMU,69554,-27,324,1022,-6,-4,0
IMU,69564,-27,324,1018,-6,-4,0
IMU,69574,-25,327,1024,-6,-4,0
IMU,69583,-25,326,1021,-6,-4,0
IMU,69593,-25,327,1023,-6,-4,0
IMU,69603,-26,325,1021,-6,-4,0
IMU,69613,-30,327,1022,-6,-4,0
IMU,69623,-29,327,1021,-6,-4,0
IMU,69632,-30,325,1023,-6,-4,0
IMU,69642,-30,328,1024,-6,-4,0
IMU,69652,-29,324,1020,-6,-4,0
IMU,69662,-28,326,1025,-6,-4,0
IMU,69671,-27,326,1022,-6,-4,0
IMU,69681,-28,326,1023,-6,-4,0
IMU,69691,-28,326,1023,-6,-4,0
IMU,69702,-29,322,1021,-6,-4,0
IMU,69711,-29,326,1023,-6,-4,0
IMU,69720,-28,323,1020,-6,-4,0
IMU,69730,-25,327,1028,-6,-4,0
IMU,69740,-27,327,1018,-6,-4,0
IMU,69750,-25,327,1018,-6,-4,0
IMU,69760,-26,326,1027,-6,-4,0
IMU,69769,-27,323,1021,-6,-4,0
IMU,69780,-27,324,1022,-6,-4,0
IMU,69790,-28,321,1023,-6,-4,0
IMU,69798,-29,322,1023,-6,-4,0
IMU,69808,-29,323,1024,-6,-4,0
IMU,69818,-30,322,1024,-6,-4,0
IMU,69828,-29,325,1022,-6,-4,0
IMU,69837,-28,325,1022,-6,-4,0
IMU,69847,-28,326,1022,-6,-4,0
IMU,69857,-28,326,1022,-6,-4,0
IMU,69867,-27,326,1024,-6,-4,0
IMU,69876,-27,326,1020,-6,-4,0
IMU,69886,-28,325,1021,-6,-4,0
IMU,69896,-27,322,1022,-6,-4,0
IMU,69906,-28,325,1022,-6,-4,0
IMU,69916,-27,327,1021,-6,-4,0
IMU,69925,-29,328,1020,-6,-4,0
IMU,69935,-29,327,1020,-6,-4,0
IMU,69945,-30,324,1024,-6,-4,0
IMU,69955,-29,322,1019,-6,-4,0
IMU,69964,-27,322,1020,-6,-4,0
IMU,69974,-27,321,1019,-6,-4,0
IMU,69984,-26,324,1024,-6,-4,0
IMU,69994,-26,326,1020,-6,-4,0
IMU,70003,-28,328,1026,-6,-4,0
IMU,70013,-31,324,1021,-6,-4,0
IMU,70023,-29,324,1022,-6,-4,0
IMU,70033,-27,324,1022,-6,-4,0
IMU,70042,-28,325,1021,-6,-4,0
IMU,70052,-27,325,1023,-6,-4,0
IMU,70062,-29,325,1021,-6,-4,0
IMU,70072,-28,322,1022,-6,-4,0
IMU,70082,-27,326,1029,-6,-4,0
IMU,70091,-27,325,1020,-6,-4,0
IMU,70101,-27,332,1026,-6,-4,0
IMU,70111,-28,324,1024,-6,-4,0
IMU,70121,-28,328,1022,-6,-4,0
IMU,70130,-27,326,1017,-6,-4,0
IMU,70140,-31,325,1021,-6,-4,0
IMU,70150,-30,325,1019,-6,-4,0
IMU,70160,-30,323,1021,-6,-4,0
IMU,70169,-27,322,1022,-6,-4,0
IMU,70179,-29,325,1020,-6,-4,0
IMU,70189,-29,327,1020,-6,-4,0
IMU,70199,-26,328,1023,-6,-4,0
IMU,70208,-27,328,1022,-6,-4,0
IMU,70218,-26,326,1023,-6,-4,0
IMU,70228,-27,327,1023,-6,-4,0
IMU,70238,-26,325,1020,-6,-4,0
IMU,70248,-28,325,1020,-6,-4,0
IMU,70257,-30,323,1018,-6,-4,0
IMU,70267,-28,326,1028,-6,-4,0
IMU,70277,-29,321,1021,-6,-4,0
IMU,70287,-25,326,1022,-6,-4,0
IMU,70296,-24,324,1022,-6,-4,0
IMU,70306,-24,325,1023,-6,-4,0
IMU,70317,-25,328,1024,-6,-4,0
IMU,70326,-28,327,1018,-6,-4,0
IMU,70335,-31,327,1023,-6,-4,0
IMU,70345,-32,324,1019,-6,-4,0
IMU,70355,-32,327,1018,-6,-4,0
IMU,70365,-30,323,1025,-6,-4,0
IMU,70375,-28,321,1022,-6,-4,0
IMU,70384,-27,322,1022,-6,-4,0
IMU,70394,-24,321,1022,-6,-4,0
IMU,70404,-25,327,1024,-6,-4,0
IMU,70414,-26,329,1019,-6,-4,0
IMU,70423,-29,332,1021,-6,-4,0
IMU,70433,-30,331,1023,-6,-4,0
IMU,70443,-30,329,1021,-6,-4,0
IMU,70453,-28,325,1021,-6,-4,0
IMU,70462,-27,326,1025,-6,-4,0
IMU,70472,-26,322,1022,-6,-4,0
IMU,70482,-24,327,1020,-6,-4,0
IMU,70492,-26,327,1020,-6,-4,0
IMU,70501,-28,327,1020,-6,-4,0
IMU,70511,-28,326,1027,-6,-4,0
IMU,70521,-28,324,1018,-6,-4,0
IMU,70531,-29,328,1025,-6,-4,0
IMU,70541,-29,323,1028,-6,-4,0
IMU,70550,-27,324,1022,-6,-4,0
IMU,70560,-27,323,1022,-6,-4,0
IMU,70570,-28,323,1021,-6,-4,0
IMU,70580,-27,325,1024,-6,-4,0
IMU,70589,-27,325,1024,-6,-4,0
IMU,70599,-26,328,1024,-6,-4,0
IMU,70609,-26,328,1019,-6,-4,0
IMU,70619,-28,328,1023,-6,-4,0
IMU,70628,-28,329,1025,-6,-4,0
IMU,70638,-27,325,1021,-6,-4,0
IMU,70648,-27,323,1022,-6,-4,0
IMU,70658,-30,320,1024,-6,-4,0
IMU,70667,-29,322,1025,-6,-4,0
IMU,70677,-29,322,1021,-6,-4,0
IMU,70687,-26,323,1021,-6,-4,0
IMU,70697,-24,325,1027,-6,-4,0
IMU,70707,-23,320,1022,-6,-4,0
IMU,70716,-23,322,1027,-6,-4,0
IMU,70726,-24,318,1025,-6,-4,0
IMU,70736,-28,325,1023,-6,-4,0
IMU,70746,-32,330,1022,-6,-4,0
IMU,70755,-33,330,1019,-6,-4,0
IMU,70765,-30,327,1020,-6,-4,0
IMU,70775,-29,330,1029,-6,-4,0
IMU,70786,-26,331,1019,-6,-4,0
IMU,70794,-22,334,1022,-6,-4,0
IMU,70805,-20,330,1022,-6,-4,0
IMU,70815,-19,330,1019,-6,-4,0
IMU,70824,-20,324,1025,-6,-4,0
IMU,70833,-26,320,1025,-6,-4,0
IMU,70843,-29,318,1023,-6,-4,0
IMU,70853,-34,316,1025,-6,-4,0
IMU,70864,-39,319,1021,-6,-4,0
IMU,70873,-34,325,1027,-6,-4,0
IMU,70882,-32,327,1019,-6,-4,0
IMU,70893,-26,331,1021,-6,-4,0
IMU,70902,-22,325,1023,-6,-4,0
IMU,70912,-17,325,1024,-6,-4,0
IMU,70921,-19,325,1022,-6,-4,0
IMU,70931,-21,325,1024,-6,-4,0
IMU,70941,-24,330,1025,-6,-4,0
IMU,70951,-28,328,1017,-6,-4,0
IMU,70960,-31,328,1022,-6,-4,0
IMU,70970,-33,325,1021,-6,-4,0
IMU,70980,-33,323,1023,-6,-4,0
IMU,70990,-31,321,1024,-6,-4,0
IMU,71000,-29,322,1022,-6,-4,0
IMU,71009,-27,326,1018,-6,-4,0
IMU,71019,-22,326,1022,-6,-4,0
IMU,71029,-21,326,1021,-6,-4,0
IMU,71039,-23,324,1019,-6,-4,0
IMU,71048,-27,324,1020,-6,-4,0
IMU,71058,-29,325,1023,-6,-4,0
IMU,71068,-30,328,1023,-6,-4,0
IMU,71078,-32,329,1022,-6,-4,0
IMU,71087,-31,326,1022,-6,-4,0
IMU,71097,-30,325,1021,-6,-4,0
IMU,71107,-26,323,1022,-6,-4,0
IMU,71117,-27,322,1022,-6,-4,0
IMU,71126,-24,323,1020,-6,-4,0
IMU,71136,-23,325,1020,-6,-4,0
IMU,71146,-23,326,1019,-6,-4,0
IMU,71156,-25,328,1018,-6,-4,0
IMU,71166,-28,327,1018,-6,-4,0
IMU,71175,-28,326,1017,-6,-4,0
IMU,71185,-32,324,1023,-6,-4,0
IMU,71195,-32,322,1024,-6,-4,0
IMU,71205,-31,321,1022,-6,-4,0
IMU,71214,-30,324,1022,-6,-4,0
IMU,71224,-26,323,1020,-6,-4,0
IMU,71234,-27,323,1021,-6,-4,0
IMU,71244,-25,325,1022,-6,-4,0
IMU,71253,-26,326,1022,-6,-4,0
IMU,71263,-24,329,1024,-6,-4,0
IMU,71273,-27,330,1021,-6,-4,0
IMU,71283,-28,326,1021,-6,-4,0
IMU,71292,-29,325,1020,-6,-4,0
IMU,71302,-30,323,1021,-6,-4,0
IMU,71312,-29,322,1024,-6,-4,0
IMU,71322,-28,323,1024,-6,-4,0
IMU,71332,-27,322,1022,-6,-4,0
IMU,71341,-26,323,1022,-6,-4,0
IMU,71351,-26,324,1023,-6,-4,0
IMU,71361,-27,328,1021,-6,-4,0
IMU,71371,-29,328,1023,-6,-4,0
IMU,71380,-28,326,1023,-6,-4,0
IMU,71390,-30,325,1021,-6,-4,0
IMU,71400,-28,324,1020,-6,-4,0
IMU,71410,-26,326,1023,-6,-4,0
IMU,71419,-29,325,1023,-6,-4,0
IMU,71429,-29,324,1023,-6,-4,0
IMU,71439,-27,327,1021,-6,-4,0
IMU,71449,-27,327,1024,-6,-4,0
IMU,71458,-28,327,1023,-6,-4,0
IMU,71468,-30,326,1020,-6,-4,0
IMU,71478,-27,328,1022,-6,-4,0
IMU,71488,-26,328,1020,-6,-4,0
IMU,71498,-27,328,1024,-6,-4,0
IMU,71507,-28,327,1022,-6,-4,0
IMU,71517,-28,324,1023,-6,-4,0
IMU,71527,-29,325,1025,-6,-4,0
IMU,71537,-27,326,1024,-6,-4,0
IMU,71546,-26,324,1022,-6,-4,0
IMU,71556,-29,326,1021,-6,-4,0
IMU,71566,-28,325,1023,-6,-4,0
IMU,71576,-29,324,1021,-6,-4,0
IMU,71585,-28,325,1022,-6,-4,0
IMU,71595,-28,325,1022,-6,-4,0
IMU,71605,-28,324,1024,-6,-4,0
IMU,71615,-26,325,1024,-6,-4,0
IMU,71625,-26,324,1022,-6,-4,0
IMU,71634,-26,325,1021,-6,-4,0
IMU,71645,-26,324,1020,-6,-4,0
IMU,71655,-27,325,1021,-6,-4,0
IMU,71664,-28,324,1023,-6,-4,0
IMU,71674,-27,325,1025,-6,-4,0
IMU,71683,-28,324,1022,-6,-4,0
IMU,71693,-26,325,1022,-6,-4,0
IMU,71703,-27,324,1018,-6,-4,0
IMU,71712,-26,326,1020,-6,-4,0
IMU,71722,-27,328,1020,-6,-4,0
IMU,71733,-29,327,1020,-6,-4,0
IMU,71742,-29,326,1020,-6,-4,0
IMU,71751,-26,325,1023,-6,-4,0
IMU,71761,-28,325,1021,-6,-4,0
IMU,71771,-29,325,1021,-6,-4,0
IMU,71781,-29,327,1023,-6,-4,0
IMU,71791,-31,324,1023,-6,-4,0
IMU,71800,-30,325,1023,-6,-4,0
IMU,71810,-27,325,1021,-6,-4,0
IMU,71820,-28,326,1020,-6,-4,0
IMU,71830,-28,325,1021,-6,-4,0
IMU,71839,-28,326,1020,-6,-4,0
IMU,71849,-26,328,1018,-6,-4,0
IMU,71859,-25,327,1020,-6,-4,0
IMU,71869,-24,325,1021,-6,-4,0
IMU,71878,-26,326,1021,-6,-4,0
IMU,71888,-27,325,1022,-6,-4,0
IMU,71898,-29,325,1021,-6,-4,0
IMU,71908,-28,326,1020,-6,-4,0
IMU,71917,-30,324,1023,-6,-4,0
IMU,71927,-28,324,1023,-6,-4,0
IMU,71937,-29,325,1022,-6,-4,0
IMU,71947,-29,325,1022,-6,-4,0
IMU,71957,-29,325,1018,-6,-4,0
IMU,71966,-28,326,1020,-6,-4,0
IMU,71976,-26,326,1021,-6,-4,0
IMU,71986,-27,327,1023,-6,-4,0
IMU,71996,-26,324,1023,-6,-4,0
IMU,72005,-28,324,1020,-6,-4,0
IMU,72015,-28,324,1021,-6,-4,0
IMU,72025,-28,325,1020,-6,-4,0
IMU,72035,-30,327,1021,-6,-4,0
IMU,72044,-29,327,1022,-6,-4,0
IMU,72054,-28,326,1022,-6,-4,0
IMU,72064,-24,326,1021,-6,-4,0
IMU,72074,-27,324,1022,-6,-4,0
IMU,72083,-27,324,1020,-6,-4,0
IMU,72093,-25,323,1022,-6,-4,0
IMU,72103,-27,324,1022,-6,-4,0
IMU,72113,-27,325,1022,-6,-4,0
IMU,72123,-28,324,1023,-6,-4,0
IMU,72132,-27,324,1020,-6,-4,0
IMU,72142,-28,324,1021,-6,-4,0
IMU,72152,-29,325,1022,-6,-4,0
IMU,72162,-27,325,1020,-6,-4,0
IMU,72171,-26,324,1022,-6,-4,0
IMU,72181,-27,325,1022,-6,-4,0
IMU,72191,-28,326,1020,-6,-4,0
IMU,72201,-28,326,1024,-6,-4,0
IMU,72210,-27,326,1023,-6,-4,0
IMU,72220,-28,323,1022,-6,-4,0
IMU,72230,-24,326,1025,-6,-4,0
IMU,72240,-23,326,1021,-6,-4,0
IMU,72250,-26,328,1023,-6,-4,0
IMU,72259,-26,327,1022,-6,-4,0
IMU,72269,-29,327,1023,-6,-4,0
IMU,72279,-30,321,1021,-6,-4,0
IMU,72289,-30,323,1024,-6,-4,0
IMU,72298,-28,319,1021,-6,-4,0
IMU,72308,-26,323,1021,-6,-4,0
IMU,72318,-25,326,1022,-6,-4,0
IMU,72328,-26,326,1018,-6,-4,0
IMU,72337,-24,328,1020,-6,-4,0
IMU,72347,-26,329,1022,-6,-4,0
IMU,72357,-27,328,1018,-6,-4,0
IMU,72367,-26,327,1023,-6,-4,0
IMU,72376,-26,325,1024,-6,-4,0
IMU,72386,-28,322,1022,-6,-4,0
IMU,72396,-29,322,1020,-6,-4,0
IMU,72406,-28,321,1019,-6,-4,0
IMU,72416,-28,322,1022,-6,-4,0
IMU,72425,-28,326,1023,-6,-4,0
IMU,72435,-27,324,1016,-6,-4,0
IMU,72445,-25,325,1025,-6,-4,0
IMU,72455,-25,326,1028,-6,-4,0
IMU,72464,-25,326,1022,-6,-4,0
IMU,72474,-25,326,1022,-6,-4,0
IMU,72484,-26,327,1025,-6,-4,0
IMU,72494,-27,326,1024,-6,-4,0
IMU,72503,-28,325,1022,-6,-4,0
IMU,72513,-27,327,1023,-6,-4,0
IMU,72523,-27,325,1021,-6,-4,0
IMU,72533,-27,324,1020,-6,-4,0
IMU,72542,-28,326,1021,-6,-4,0
IMU,72552,-30,327,1020,-6,-4,0
IMU,72562,-29,327,1022,-6,-4,0
IMU,72572,-27,324,1020,-6,-4,0
IMU,72582,-25,323,1022,-6,-4,0
IMU,72591,-26,321,1026,-6,-4,0
IMU,72601,-27,321,1024,-6,-4,0
IMU,72611,-28,321,1019,-6,-4,0
IMU,72621,-28,324,1021,-6,-4,0
IMU,72630,-30,327,1027,-6,-4,0
IMU,72640,-29,327,1022,-6,-4,0
IMU,72650,-28,330,1024,-6,-4,0
IMU,72660,-28,324,1023,-6,-4,0
IMU,72669,-27,321,1023,-6,-4,0
IMU,72679,-25,321,1022,-6,-4,0
IMU,72689,-29,323,1020,-6,-4,0
IMU,72699,-29,324,1019,-6,-4,0
IMU,72708,-26,328,1020,-6,-4,0
IMU,72719,-25,327,1021,-6,-4,0
IMU,72728,-26,328,1021,-6,-4,0
IMU,72738,-26,326,1021,-6,-4,0
IMU,72748,-28,327,1022,-6,-4,0
IMU,72757,-27,325,1025,-6,-4,0
IMU,72768,-28,321,1023,-6,-4,0
IMU,72777,-29,324,1022,-6,-4,0
IMU,72787,-29,323,1022,-6,-4,0
IMU,72797,-31,327,1024,-6,-4,0
IMU,72806,-32,321,1019,-6,-4,0
IMU,72816,-31,325,1024,-6,-4,0
IMU,72826,-29,324,1016,-6,-4,0
IMU,72835,-24,328,1021,-6,-4,0
IMU,72845,-23,322,1019,-6,-4,0
IMU,72855,-24,326,1021,-6,-4,0
IMU,72865,-25,325,1021,-6,-4,0
IMU,72875,-29,324,1023,-6,-4,0
IMU,72884,-30,325,1023,-6,-4,0
IMU,72894,-30,327,1021,-6,-4,0
IMU,72904,-31,328,1019,-6,-4,0
IMU,72914,-30,328,1018,-6,-4,0
IMU,72923,-28,324,1019,-6,-4,0
IMU,72933,-26,323,1023,-6,-4,0
IMU,72943,-25,322,1021,-6,-4,0
IMU,72953,-22,324,1023,-6,-4,0
IMU,72962,-27,325,1018,-6,-4,0
IMU,72972,-28,328,1030,-6,-4,0
IMU,72982,-29,326,1016,-6,-4,0
IMU,72992,-29,326,1021,-6,-4,0
IMU,73001,-29,322,1024,-6,-4,0
IMU,73011,-28,320,1023,-6,-4,0
IMU,73021,-28,324,1024,-6,-4,0
IMU,73031,-26,327,1024,-6,-4,0
IMU,73041,-26,329,1020,-6,-4,0
IMU,73050,-25,328,1020,-6,-4,0
IMU,73060,-25,329,1028,-6,-4,0
IMU,73070,-26,328,1016,-6,-4,0
IMU,73080,-26,332,1025,-6,-4,0
IMU,73089,-28,327,1020,-6,-4,0
IMU,73099,-27,326,1017,-6,-4,0
IMU,73109,-27,322,1025,-6,-4,0
IMU,73119,-27,320,1019,-6,-4,0
IMU,73128,-29,320,1025,-6,-4,0
IMU,73138,-30,318,1024,-6,-4,0
IMU,73148,-28,323,1022,-6,-4,0
IMU,73158,-28,325,1021,-6,-4,0
IMU,73167,-27,329,1023,-6,-4,0
IMU,73177,-26,329,1023,-6,-4,0
IMU,73187,-26,329,1020,-6,-4,0
IMU,73197,-28,326,1021,-6,-4,0
IMU,73207,-26,323,1022,-6,-4,0
IMU,73216,-26,323,1022,-6,-4,0
IMU,73226,-27,325,1027,-6,-4,0
IMU,73236,-29,325,1023,-6,-4,0
IMU,73246,-31,322,1020,-6,-4,0
IMU,73255,-33,323,1022,-6,-4,0
IMU,73265,-35,320,1018,-6,-4,0
IMU,73275,-32,323,1021,-6,-4,0
IMU,73285,-28,326,1021,-6,-4,0
IMU,73294,-24,325,1017,-6,-4,0
IMU,73304,-20,326,1028,-6,-4,0
IMU,73314,-22,323,1019,-6,-4,0
IMU,73324,-23,324,1021,-6,-4,0
IMU,73333,-23,319,1025,-6,-4,0
IMU,73343,-27,325,1024,-6,-4,0
IMU,73353,-32,328,1020,-6,-4,0
IMU,73363,-33,330,1018,-6,-4,0
IMU,73373,-34,333,1026,-6,-4,0
IMU,73382,-34,332,1012,-6,-4,0
IMU,73392,-28,337,1021,-6,-4,0
IMU,73402,-23,331,1020,-6,-4,0
IMU,73412,-20,331,1019,-6,-4,0
IMU,73421,-20,322,1020,-6,-4,0
IMU,73431,-21,317,1021,-6,-4,0
IMU,73441,-25,315,1026,-6,-4,0
IMU,73451,-31,316,1024,-6,-4,0
IMU,73460,-34,321,1025,-6,-4,0
IMU,73470,-39,327,1021,-6,-4,0
IMU,73480,-39,328,1020,-6,-4,0
IMU,73490,-34,328,1020,-6,-4,0
IMU,73500,-29,328,1020,-6,-4,0
IMU,73509,-26,324,1021,-6,-4,0
IMU,73519,-21,319,1024,-6,-4,0
IMU,73529,-21,321,1022,-6,-4,0
IMU,73539,-22,324,1024,-6,-4,0
IMU,73548,-27,326,1023,-6,-4,0
IMU,73558,-28,329,1019,-6,-4,0
IMU,73568,-29,333,1030,-6,-4,0
IMU,73578,-32,328,1017,-6,-5,0
IMU,73587,-31,331,1025,-6,-4,0
IMU,73597,-30,323,1018,-6,-4,0
IMU,73607,-26,327,1019,-6,-4,0
IMU,73617,-26,319,1018,-6,-4,0
IMU,73626,-24,323,1018,-6,-4,0
IMU,73636,-26,322,1023,-6,-4,0
IMU,73646,-29,321,1024,-6,-4,0
IMU,73656,-31,323,1024,-6,-4,0
IMU,73666,-34,323,1021,-6,-4,0
IMU,73675,-33,328,1019,-6,-4,0
IMU,73685,-30,330,1028,-6,-4,0
IMU,73695,-28,327,1018,-6,-4,0
IMU,73705,-23,328,1023,-6,-4,0
IMU,73714,-19,325,1027,-6,-4,0
IMU,73724,-18,322,1023,-6,-4,0
IMU,73734,-21,325,1022,-6,-4,0
IMU,73744,-23,327,1017,-6,-4,0
IMU,73753,-29,333,1030,-7,-3,0
IMU,73763,-34,333,1013,-6,-4,0
IMU,73773,-36,335,1021,-6,-4,0
IMU,73783,-35,333,1020,-6,-4,0
IMU,73792,-32,330,1016,-6,-4,0
IMU,73802,-26,323,1023,-6,-4,0
IMU,73812,-23,320,1022,-6,-4,0
IMU,73822,-22,319,1024,-6,-4,0
IMU,73832,-23,318,1026,-6,-4,0
IMU,73841,-25,323,1021,-6,-4,0
IMU,73851,-31,326,1023,-6,-4,0
IMU,73861,-32,332,1026,-6,-4,0
IMU,73871,-34,331,1013,-6,-4,0
IMU,73880,-33,332,1022,-6,-4,0
IMU,73890,-31,325,1018,-6,-4,0
IMU,73900,-31,324,1022,-6,-4,0
IMU,73910,-25,319,1020,-6,-4,0
IMU,73919,-24,324,1026,-6,-4,0
IMU,73929,-25,321,1019,-6,-4,0
IMU,73939,-27,327,1026,-6,-4,0
IMU,73949,-29,326,1022,-6,-4,0
IMU,73958,-30,326,1021,-6,-4,0
IMU,73968,-31,325,1021,-6,-4,0
IMU,73978,-32,322,1019,-6,-4,0
IMU,73988,-29,324,1020,-6,-4,0
IMU,73998,-28,329,1023,-6,-4,0
IMU,74007,-26,327,1023,-6,-4,0
IMU,74017,-26,325,1022,-6,-4,0
IMU,74027,-26,328,1024,-6,-4,0
IMU,74037,-25,328,1024,-6,-4,0
IMU,74046,-28,327,1021,-6,-4,0
IMU,74056,-28,325,1022,-6,-4,0
IMU,74066,-30,322,1021,-6,-4,0
IMU,74076,-30,322,1021,-6,-4,0
IMU,74085,-31,324,1023,-6,-4,0
IMU,74095,-28,326,1023,-6,-4,0
IMU,74105,-28,326,1023,-6,-4,0
IMU,74115,-28,329,1022,-6,-4,0
IMU,74125,-26,328,1018,-6,-4,0
IMU,74134,-29,326,1019,-6,-4,0
IMU,74144,-27,325,1025,-6,-4,0
IMU,74154,-28,328,1021,-6,-4,0
IMU,74164,-28,326,1019,-6,-4,0
IMU,74173,-29,327,1022,-6,-4,0
IMU,74183,-29,326,1021,-6,-4,0
IMU,74193,-27,323,1023,-6,-4,0
IMU,74203,-24,323,1021,-6,-4,0
IMU,74212,-26,327,1023,-6,-4,0
IMU,74222,-29,324,1019,-6,-4,0
IMU,74232,-28,329,1024,-6,-4,0
SPM,64395,0.00
SPM,67439,0.00
SPM,70481,0.00
SPM,73488,0.00
SPM,76501,0.00
SPM,79544,0.00
SPM,82586,0.00
GPS,84398,59.416941,17.982100,0.44,15.29,9
GPS,84896,59.416941,17.982100,0.94,15.29,9
GPS,85384,59.416941,17.982096,0.94,15.48,9
GPS,85882,59.416941,17.982096,0.00,15.48,9
GPS,86390,59.416941,17.982093,0.00,15.61,9
GPS,86898,59.416941,17.982093,0.00,15.61,9
GPS,87376,59.416941,17.982090,0.00,15.75,8
GPS,87875,59.416941,17.982090,0.00,15.75,8
GPS,88373,59.416941,17.982088,0.00,15.79,8
GPS,88871,59.416941,17.982088,0.00,15.79,8
GPS,89378,59.416940,17.982087,0.00,15.83,8
GPS,89876,59.416940,17.982087,0.00,15.83,8
GPS,90375,59.416941,17.982084,0.00,15.97,8
GPS,90873,59.416941,17.982084,0.00,15.97,8
GPS,91380,59.416941,17.982081,0.00,16.12,8
GPS,91879,59.416941,17.982081,0.00,16.12,8
GPS,92376,59.416941,17.982079,0.00,16.26,8
GPS,92875,59.416941,17.982079,0.00,16.26,8
GPS,93382,59.416942,17.982074,0.00,16.49,8
GPS,93880,59.416942,17.982074,0.00,16.49,8
GPS,94378,59.416942,17.982073,0.00,16.51,8
GPS,94876,59.416942,17.982073,0.00,16.51,8
GPS,95384,59.416942,17.982070,0.00,16.69,9
GPS,95892,59.416942,17.982070,0.00,16.69,9
GPS,96380,59.416943,17.982067,0.00,16.86,9
IMU,83988,-27,327,1021,-6,-4,0
IMU,83998,-26,327,1022,-6,-4,0
IMU,84007,-31,324,1021,-6,-4,0
IMU,84017,-31,324,1023,-6,-4,0
IMU,84027,-30,324,1022,-6,-4,0
IMU,84037,-29,326,1020,-6,-4,0
IMU,84046,-30,326,1021,-6,-4,0
IMU,84056,-28,325,1023,-6,-4,0
IMU,84066,-28,327,1022,-6,-4,0
IMU,84076,-26,326,1023,-6,-4,0
IMU,84085,-24,325,1023,-6,-4,0
IMU,84095,-24,326,1021,-6,-4,0
IMU,84105,-26,324,1022,-6,-4,0
IMU,84115,-27,325,1021,-6,-4,0
IMU,84125,-27,323,1022,-6,-4,0
IMU,84134,-31,322,1024,-6,-4,0
IMU,84144,-31,321,1021,-6,-4,0
IMU,84154,-30,322,1021,-6,-4,0
IMU,84164,-30,325,1023,-6,-4,0
IMU,84173,-29,325,1022,-6,-4,0
IMU,84183,-31,325,1022,-6,-4,0
IMU,84193,-29,328,1022,-6,-4,0
IMU,84203,-30,327,1021,-6,-4,0
IMU,84212,-29,327,1019,-6,-4,0
IMU,84222,-28,328,1020,-6,-4,0
IMU,84232,-25,325,1024,-6,-4,0
IMU,84242,-24,324,1023,-6,-4,0
IMU,84251,-26,324,1021,-6,-4,0
IMU,84261,-27,324,1021,-6,-4,0
IMU,84271,-28,326,1022,-6,-4,0
IMU,84281,-29,325,1022,-6,-4,0
IMU,84291,-31,326,1024,-6,-4,0
IMU,84300,-31,326,1022,-6,-4,0
IMU,84310,-30,325,1023,-6,-4,0
IMU,84320,-30,325,1024,-6,-4,0
IMU,84330,-28,325,1022,-6,-4,0
IMU,84339,-28,324,1021,-6,-4,0
IMU,84349,-27,324,1024,-6,-4,0
IMU,84359,-26,324,1021,-6,-4,0
IMU,84369,-26,323,1021,-6,-4,0
IMU,84378,-24,325,1022,-6,-4,0
IMU,84388,-27,324,1021,-6,-4,0
IMU,84398,-29,324,1020,-6,-4,0
IMU,84408,-29,324,1022,-6,-4,0
IMU,84417,-28,327,1022,-6,-4,0
IMU,84427,-27,325,1023,-6,-4,0
IMU,84437,-28,323,1023,-6,-4,0
IMU,84447,-28,327,1023,-6,-4,0
IMU,84457,-28,326,1020,-6,-4,0
IMU,84466,-25,325,1022,-6,-4,0
IMU,84476,-26,325,1021,-6,-4,0
IMU,84486,-28,325,1021,-6,-4,0
IMU,84496,-26,326,1021,-6,-4,0
IMU,84505,-26,326,1022,-6,-4,0
IMU,84515,-28,326,1021,-6,-4,0
IMU,84525,-30,325,1024,-6,-4,0
IMU,84535,-29,325,1020,-6,-4,0
IMU,84544,-30,326,1019,-6,-4,0
IMU,84554,-29,326,1023,-6,-4,0
IMU,84564,-27,327,1022,-6,-4,0
IMU,84574,-27,327,1025,-6,-4,0
IMU,84583,-28,327,1023,-6,-4,0
IMU,84593,-28,327,1021,-6,-4,0
IMU,84604,-27,327,1021,-6,-4,0
IMU,84613,-25,328,1022,-6,-4,0
IMU,84624,-24,324,1023,-6,-4,0
IMU,84632,-25,321,1024,-6,-4,0
IMU,84642,-26,320,1025,-6,-4,0
IMU,84652,-25,321,1022,-6,-4,0
IMU,84662,-28,323,1023,-6,-4,0
IMU,84671,-31,325,1022,-6,-4,0
IMU,84681,-33,328,1022,-6,-4,0
IMU,84691,-34,328,1021,-6,-4,0
IMU,84701,-33,327,1020,-6,-4,0
IMU,84710,-31,326,1019,-6,-4,0
IMU,84720,-28,326,1022,-6,-4,0
IMU,84730,-25,324,1023,-6,-4,0
IMU,84740,-24,324,1021,-6,-4,0
IMU,84750,-22,326,1023,-6,-4,0
IMU,84759,-23,327,1024,-6,-4,0
IMU,84769,-26,327,1024,-6,-4,0
IMU,84779,-30,327,1021,-6,-4,0
IMU,84789,-32,325,1018,-6,-4,0
IMU,84798,-33,327,1020,-6,-4,0
IMU,84808,-32,324,1023,-6,-4,0
IMU,84818,-31,324,1022,-6,-4,0
IMU,84828,-30,323,1021,-6,-4,0
IMU,84837,-27,322,1021,-6,-4,0
IMU,84847,-25,324,1021,-6,-4,0
IMU,84857,-25,322,1024,-6,-4,0
IMU,84867,-26,323,1021,-6,-4,0
IMU,84876,-28,326,1023,-6,-4,0
IMU,84886,-30,327,1022,-6,-4,0
IMU,84896,-28,328,1022,-6,-4,0
IMU,84906,-28,326,1022,-6,-4,0
IMU,84916,-30,327,1020,-6,-4,0
IMU,84925,-28,327,1024,-6,-4,0
IMU,84935,-29,325,1025,-6,-4,0
IMU,84945,-29,327,1023,-6,-4,0
IMU,84955,-27,328,1022,-6,-4,0
IMU,84964,-26,325,1021,-6,-4,0
IMU,84974,-28,325,1023,-6,-4,0
IMU,84984,-28,324,1019,-6,-4,0
IMU,84994,-31,322,1019,-6,-4,0
IMU,85003,-32,322,1020,-6,-4,0
IMU,85013,-28,325,1021,-6,-4,0
IMU,85023,-28,324,1020,-6,-4,0
IMU,85033,-28,324,1024,-6,-4,0
IMU,85042,-27,325,1023,-6,-4,0
IMU,85052,-27,326,1024,-6,-4,0
IMU,85062,-27,326,1024,-6,-4,0
IMU,85072,-26,327,1024,-6,-4,0
IMU,85082,-28,327,1021,-6,-4,0
IMU,85091,-29,326,1020,-6,-4,0
IMU,85101,-27,326,1021,-6,-4,0
IMU,85111,-28,328,1022,-6,-4,0
IMU,85121,-29,328,1022,-6,-4,0
IMU,85130,-28,326,1022,-6,-4,0
IMU,85140,-28,327,1024,-6,-4,0
IMU,85150,-25,323,1023,-6,-4,0
IMU,85160,-27,323,1021,-6,-4,0
IMU,85169,-25,323,1022,-6,-4,0
IMU,85179,-27,320,1022,-6,-4,0
IMU,85189,-29,323,1022,-6,-4,0
IMU,85199,-31,323,1021,-6,-4,0
IMU,85208,-33,326,1023,-6,-4,0
IMU,85218,-34,328,1025,-6,-4,0
IMU,85228,-33,328,1023,-6,-4,0
IMU,85238,-32,328,1024,-6,-4,0
IMU,85248,-29,327,1022,-6,-4,0
IMU,85257,-24,326,1023,-6,-4,0
IMU,85267,-21,325,1023,-6,-4,0
IMU,85277,-21,325,1024,-6,-4,0
IMU,85287,-23,325,1021,-6,-4,0
IMU,85296,-24,327,1021,-6,-4,0
IMU,85306,-29,329,1021,-6,-4,0
IMU,85316,-31,328,1022,-6,-4,0
IMU,85326,-33,325,1019,-6,-4,0
IMU,85335,-31,323,1020,-6,-4,0
IMU,85345,-28,322,1023,-6,-4,0
IMU,85355,-27,324,1022,-6,-4,0
IMU,85365,-24,324,1021,-6,-4,0
IMU,85375,-24,324,1024,-6,-4,0
IMU,85384,-25,323,1021,-6,-4,0
IMU,85394,-27,324,1021,-6,-4,0
IMU,85404,-27,325,1019,-6,-4,0
IMU,85414,-31,326,1023,-6,-4,0
IMU,85423,-28,327,1021,-6,-4,0
IMU,85433,-31,328,1021,-6,-4,0
IMU,85443,-30,326,1021,-6,-4,0
IMU,85453,-29,326,1023,-6,-4,0
IMU,85462,-27,325,1022,-6,-4,0
IMU,85472,-28,325,1023,-6,-4,0
IMU,85483,-27,326,1022,-6,-4,0
IMU,85492,-27,328,1022,-6,-4,0
IMU,85502,-27,326,1021,-6,-4,0
IMU,85512,-26,325,1022,-6,-4,0
IMU,85521,-29,324,1023,-6,-4,0
IMU,85532,-29,322,1022,-6,-4,0
IMU,85541,-30,323,1022,-6,-4,0
IMU,85550,-31,325,1023,-6,-4,0
IMU,85561,-29,327,1023,-6,-4,0
IMU,85570,-27,326,1022,-6,-4,0
IMU,85580,-27,325,1021,-6,-4,0
IMU,85589,-26,327,1021,-6,-4,0
IMU,85599,-25,326,1024,-6,-4,0
IMU,85609,-27,327,1024,-6,-4,0
IMU,85619,-26,326,1022,-6,-4,0
IMU,85628,-28,328,1022,-6,-4,0
IMU,85638,-27,326,1020,-6,-4,0
IMU,85648,-29,326,1022,-6,-4,0
IMU,85658,-27,325,1024,-6,-4,0
IMU,85667,-25,325,1023,-6,-4,0
IMU,85677,-24,323,1024,-6,-4,0
IMU,85687,-26,322,1023,-6,-4,0
IMU,85697,-27,324,1023,-6,-4,0
IMU,85707,-29,324,1022,-6,-4,0
IMU,85716,-31,324,1023,-6,-4,0
IMU,85726,-32,327,1023,-6,-4,0
IMU,85736,-35,328,1021,-6,-4,0
IMU,85746,-33,327,1021,-6,-4,0
IMU,85755,-32,326,1021,-6,-4,0
IMU,85765,-27,324,1019,-6,-4,0
IMU,85775,-22,324,1022,-6,-4,0
IMU,85785,-22,325,1023,-6,-4,0
IMU,85794,-23,325,1024,-6,-4,0
IMU,85804,-22,326,1024,-6,-4,0
IMU,85814,-27,327,1024,-6,-4,0
IMU,85824,-30,328,1023,-6,-4,0
IMU,85833,-33,327,1021,-6,-4,0
IMU,85843,-34,327,1020,-6,-4,0
IMU,85853,-33,324,1023,-6,-4,0
IMU,85863,-29,323,1024,-6,-4,0
IMU,85873,-26,325,1020,-6,-4,0
IMU,85882,-25,325,1022,-6,-4,0
IMU,85892,-23,324,1023,-6,-4,0
IMU,85902,-24,325,1025,-6,-4,0
IMU,85912,-26,325,1024,-6,-4,0
IMU,85921,-28,325,1024,-6,-4,0
IMU,85931,-30,326,1023,-6,-4,0
IMU,85941,-29,325,1022,-6,-4,0
IMU,85951,-30,325,1023,-6,-4,0
IMU,85960,-30,322,1023,-6,-4,0
IMU,85970,-27,321,1022,-6,-4,0
IMU,85980,-27,322,1021,-6,-4,0
IMU,85990,-26,324,1021,-6,-4,0
IMU,86000,-26,325,1022,-6,-4,0
IMU,86009,-26,327,1020,-6,-4,0
IMU,86019,-26,325,1022,-6,-4,0
IMU,86029,-28,324,1022,-6,-4,0
IMU,86039,-31,324,1022,-6,-4,0
IMU,86048,-32,323,1022,-6,-4,0
IMU,86058,-30,323,1022,-6,-4,0
IMU,86068,-29,324,1023,-6,-4,0
IMU,86078,-29,324,1024,-6,-4,0
IMU,86087,-28,327,1022,-6,-4,0
IMU,86097,-28,326,1025,-6,-4,0
IMU,86107,-28,326,1023,-6,-4,0
IMU,86117,-27,328,1021,-6,-4,0
IMU,86126,-29,326,1022,-6,-4,0
IMU,86136,-28,326,1022,-6,-4,0
IMU,86146,-28,326,1022,-6,-4,0
IMU,86156,-29,324,1023,-6,-4,0
IMU,86166,-28,326,1021,-6,-4,0
IMU,86175,-28,326,1021,-6,-4,0
IMU,86185,-27,326,1021,-6,-4,0
IMU,86195,-28,328,1021,-6,-4,0
IMU,86205,-27,325,1022,-6,-4,0
IMU,86214,-27,322,1021,-6,-4,0
IMU,86224,-27,322,1022,-6,-4,0
IMU,86234,-27,322,1022,-6,-4,0
IMU,86244,-28,323,1022,-6,-4,0
IMU,86253,-27,323,1023,-6,-4,0
IMU,86263,-29,324,1021,-6,-4,0
IMU,86273,-30,326,1021,-6,-4,0
IMU,86283,-31,328,1021,-6,-4,0
IMU,86292,-32,326,1024,-6,-4,0
IMU,86302,-28,326,1020,-6,-4,0
IMU,86312,-26,325,1020,-6,-4,0
IMU,86322,-26,325,1021,-6,-4,0
IMU,86332,-24,326,1020,-6,-4,0
IMU,86341,-28,328,1024,-6,-4,0
IMU,86351,-29,325,1022,-6,-4,0
IMU,86361,-29,326,1023,-6,-4,0
IMU,86371,-28,325,1023,-6,-4,0
IMU,86380,-28,326,1022,-6,-4,0
IMU,86390,-27,324,1022,-6,-4,0
IMU,86400,-26,324,1021,-6,-4,0
IMU,86410,-25,325,1022,-6,-4,0
IMU,86419,-25,326,1021,-6,-4,0
IMU,86429,-25,323,1021,-6,-4,0
IMU,86439,-26,324,1023,-6,-4,0
IMU,86449,-27,324,1022,-6,-4,0
IMU,86458,-28,324,1022,-6,-4,0
IMU,86468,-28,323,1022,-6,-4,0
IMU,86478,-28,325,1024,-6,-4,0
IMU,86488,-28,325,1023,-6,-4,0
IMU,86498,-28,324,1024,-6,-4,0
IMU,86507,-27,325,1022,-6,-4,0
IMU,86517,-27,325,1021,-6,-4,0
IMU,86527,-26,325,1021,-6,-4,0
IMU,86537,-28,326,1022,-6,-4,0
IMU,86546,-27,326,1023,-6,-4,0
IMU,86556,-28,324,1025,-6,-4,0
IMU,86566,-28,325,1023,-6,-4,0
IMU,86576,-29,324,1025,-6,-4,0
IMU,86585,-28,324,1022,-6,-4,0
IMU,86595,-28,324,1019,-6,-4,0
IMU,86605,-30,323,1021,-6,-4,0
IMU,86615,-27,324,1021,-6,-4,0
IMU,86625,-28,325,1024,-6,-4,0
IMU,86634,-28,325,1021,-6,-4,0
IMU,86644,-27,324,1019,-6,-4,0
IMU,86654,-28,323,1022,-6,-4,0
IMU,86664,-28,324,1024,-6,-4,0
IMU,86673,-29,325,1019,-6,-4,0
IMU,86683,-28,325,1021,-6,-4,0
IMU,86693,-28,325,1024,-6,-4,0
IMU,86703,-27,323,1020,-6,-4,0
IMU,86712,-29,325,1023,-6,-4,0
IMU,86722,-28,327,1021,-6,-4,0
IMU,86732,-28,325,1024,-6,-4,0
IMU,86742,-27,326,1022,-6,-4,0
IMU,86752,-28,325,1022,-6,-4,0
IMU,86761,-27,325,1022,-6,-4,0
IMU,86772,-29,326,1024,-6,-4,0
IMU,86782,-28,325,1021,-6,-4,0
IMU,86791,-28,326,1024,-6,-4,0
IMU,86801,-28,323,1022,-6,-4,0
IMU,86810,-29,324,1022,-6,-4,0
IMU,86820,-28,325,1021,-6,-4,0
IMU,86830,-28,326,1021,-6,-4,0
IMU,86839,-29,326,1022,-6,-4,0
IMU,86849,-28,324,1022,-6,-4,0
IMU,86859,-27,322,1022,-6,-4,0
IMU,86869,-27,322,1021,-6,-4,0
IMU,86878,-26,324,1020,-6,-4,0
IMU,86888,-26,324,1022,-6,-4,0
IMU,86898,-29,324,1021,-6,-4,0
IMU,86908,-28,325,1020,-6,-4,0
IMU,86917,-30,327,1021,-6,-4,0
IMU,86927,-32,328,1022,-6,-4,0
IMU,86937,-30,326,1024,-6,-4,0
IMU,86947,-29,326,1021,-6,-4,0
IMU,86957,-27,324,1023,-6,-4,0
IMU,86966,-28,324,1022,-6,-4,0
IMU,86976,-28,325,1023,-6,-4,0
IMU,86986,-28,325,1022,-6,-4,0
IMU,86996,-27,326,1020,-6,-4,0
IMU,87005,-28,326,1022,-6,-4,0
IMU,87015,-28,328,1021,-6,-4,0
IMU,87025,-29,325,1022,-6,-4,0
IMU,87035,-28,326,1021,-6,-4,0
IMU,87044,-28,326,1020,-6,-4,0
IMU,87054,-29,325,1020,-6,-4,0
IMU,87064,-27,325,1021,-6,-4,0
IMU,87074,-28,327,1022,-6,-4,0
IMU,87083,-28,325,1022,-6,-4,0
IMU,87093,-28,324,1022,-6,-4,0
IMU,87103,-27,324,1022,-6,-4,0
IMU,87113,-28,324,1022,-6,-4,0
IMU,87123,-27,325,1022,-6,-4,0
IMU,87132,-30,323,1025,-6,-4,0
IMU,87142,-29,325,1022,-6,-4,0
IMU,87152,-27,326,1018,-6,-4,0
IMU,87162,-28,326,1021,-6,-4,0
IMU,87171,-28,327,1021,-6,-4,0
IMU,87181,-28,326,1024,-6,-4,0
IMU,87191,-28,326,1023,-6,-4,0
IMU,87201,-28,323,1022,-6,-4,0
IMU,87210,-26,326,1021,-6,-4,0
IMU,87220,-27,325,1022,-6,-4,0
IMU,87230,-30,324,1021,-6,-4,0
IMU,87240,-28,324,1025,-6,-4,0
IMU,87250,-27,324,1021,-6,-4,0
IMU,87259,-29,324,1019,-6,-4,0
IMU,87269,-29,325,1021,-6,-4,0
IMU,87279,-30,325,1021,-6,-4,0
IMU,87289,-28,326,1021,-6,-4,0
IMU,87298,-29,328,1020,-6,-4,0
IMU,87308,-27,326,1023,-6,-4,0
IMU,87318,-28,324,1022,-6,-4,0
IMU,87328,-28,323,1021,-6,-4,0
IMU,87337,-27,322,1019,-6,-4,0
IMU,87347,-29,324,1023,-6,-4,0
IMU,87357,-29,326,1021,-6,-4,0
IMU,87367,-28,328,1020,-6,-4,0
IMU,87376,-32,327,1021,-6,-4,0
IMU,87386,-31,326,1023,-6,-4,0
IMU,87396,-30,326,1023,-6,-4,0
IMU,87406,-28,326,1022,-6,-4,0
IMU,87416,-28,326,1022,-6,-4,0
IMU,87426,-26,326,1020,-6,-4,0
IMU,87435,-25,323,1021,-6,-4,0
IMU,87446,-24,326,1022,-6,-4,0
IMU,87455,-25,326,1022,-6,-4,0
IMU,87464,-27,326,1023,-6,-4,0
IMU,87475,-27,324,1022,-6,-4,0
IMU,87484,-29,324,1022,-6,-4,0
IMU,87494,-29,326,1018,-6,-4,0
IMU,87504,-28,324,1023,-6,-4,0
IMU,87513,-26,322,1022,-6,-4,0
IMU,87523,-28,324,1018,-6,-4,0
IMU,87533,-26,324,1022,-6,-4,0
IMU,87542,-27,323,1022,-6,-4,0
IMU,87552,-26,325,1023,-6,-4,0
IMU,87562,-27,326,1024,-6,-4,0
IMU,87572,-29,325,1023,-6,-4,0
IMU,87582,-28,325,1023,-6,-4,0
IMU,87591,-29,327,1025,-6,-4,0
IMU,87601,-29,327,1022,-6,-4,0
IMU,87611,-28,326,1023,-6,-4,0
IMU,87621,-28,327,1018,-6,-4,0
IMU,87630,-28,325,1021,-6,-4,0
IMU,87640,-27,324,1022,-6,-4,0
IMU,87650,-26,326,1021,-6,-4,0
IMU,87660,-28,325,1021,-6,-4,0
IMU,87669,-28,326,1023,-6,-4,0
IMU,87679,-28,325,1022,-6,-4,0
IMU,87689,-28,325,1021,-6,-4,0
IMU,87699,-28,327,1022,-6,-4,0
IMU,87708,-28,326,1022,-6,-4,0
IMU,87718,-27,324,1021,-6,-4,0
IMU,87728,-28,324,1022,-6,-4,0
IMU,87738,-27,325,1022,-6,-4,0
IMU,87748,-26,324,1021,-6,-4,0
IMU,87757,-27,324,1022,-6,-4,0
IMU,87767,-28,325,1025,-6,-4,0
IMU,87777,-28,325,1021,-6,-4,0
IMU,87787,-28,327,1020,-6,-4,0
IMU,87796,-28,327,1022,-6,-4,0
IMU,87806,-26,323,1021,-6,-4,0
IMU,87816,-27,327,1021,-6,-4,0
IMU,87826,-26,325,1021,-6,-4,0
IMU,87835,-25,323,1024,-6,-4,0
IMU,87845,-26,323,1024,-6,-4,0
IMU,87855,-25,324,1022,-6,-4,0
IMU,87865,-25,325,1023,-6,-4,0
IMU,87875,-27,326,1021,-6,-4,0
IMU,87884,-28,328,1021,-6,-4,0
IMU,87894,-29,328,1023,-6,-4,0
IMU,87904,-32,328,1020,-6,-4,0
IMU,87914,-32,325,1020,-6,-4,0
IMU,87923,-31,327,1018,-6,-4,0
IMU,87934,-29,326,1020,-6,-4,0
IMU,87944,-26,326,1020,-6,-4,0
IMU,87953,-26,326,1021,-6,-4,0
IMU,87963,-25,324,1022,-6,-4,0
IMU,87972,-26,323,1020,-6,-4,0
IMU,87982,-27,322,1022,-6,-4,0
IMU,87992,-28,323,1023,-6,-4,0
IMU,88001,-29,326,1021,-6,-4,0
IMU,88011,-29,324,1023,-6,-4,0
IMU,88021,-30,324,1021,-6,-4,0
IMU,88031,-29,323,1024,-6,-4,0
IMU,88041,-29,323,1021,-6,-4,0
IMU,88050,-25,323,1020,-6,-4,0
IMU,88060,-24,325,1019,-6,-4,0
IMU,88070,-28,324,1021,-6,-4,0
IMU,88080,-30,323,1025,-6,-4,0
IMU,88089,-30,323,1022,-6,-4,0
IMU,88099,-30,323,1021,-6,-4,0
IMU,88109,-29,325,1018,-6,-4,0
IMU,88119,-29,327,1022,-6,-4,0
IMU,88128,-30,326,1021,-6,-4,0
IMU,88138,-28,324,1024,-6,-4,0
IMU,88148,-28,323,1022,-6,-4,0
IMU,88158,-27,323,1021,-6,-4,0
IMU,88167,-27,324,1019,-6,-4,0
IMU,88177,-24,326,1023,-6,-4,0
IMU,88187,-27,325,1022,-6,-4,0
IMU,88197,-28,328,1023,-6,-4,0
IMU,88207,-28,327,1020,-6,-4,0
IMU,88216,-30,325,1021,-6,-4,0
IMU,88226,-28,326,1024,-6,-4,0
IMU,88236,-29,326,1023,-6,-4,0
IMU,88246,-26,325,1022,-6,-4,0
IMU,88255,-28,325,1022,-6,-4,0
IMU,88265,-28,323,1023,-6,-4,0
IMU,88275,-28,325,1024,-6,-4,0
IMU,88285,-29,325,1026,-6,-4,0
IMU,88294,-27,326,1024,-6,-4,0
IMU,88304,-28,326,1028,-6,-4,0
IMU,88314,-29,325,1024,-6,-4,0
IMU,88324,-29,327,1022,-6,-4,0
IMU,88333,-27,323,1024,-6,-4,0
IMU,88343,-25,323,1023,-6,-4,0
IMU,88353,-26,324,1022,-6,-4,0
IMU,88363,-25,323,1019,-6,-4,0
IMU,88373,-27,324,1020,-6,-4,0
IMU,88382,-27,323,1024,-6,-4,0
IMU,88393,-26,325,1022,-6,-4,0
IMU,88402,-28,328,1024,-6,-4,0
IMU,88413,-28,326,1022,-6,-4,0
IMU,88422,-27,327,1022,-6,-4,0
IMU,88431,-29,325,1021,-6,-4,0
IMU,88442,-27,325,1025,-6,-4,0
IMU,88451,-27,326,1023,-6,-4,0
IMU,88460,-26,325,1021,-6,-4,0
IMU,88471,-25,326,1021,-6,-4,0
IMU,88480,-26,325,1021,-6,-4,0
IMU,88490,-28,325,1018,-6,-4,0
IMU,88500,-29,325,1019,-6,-4,0
IMU,88509,-30,324,1020,-6,-4,0
IMU,88519,-27,324,1022,-6,-4,0
IMU,88529,-27,324,1023,-6,-4,0
IMU,88539,-28,324,1023,-6,-4,0
IMU,88548,-28,326,1021,-6,-4,0
IMU,88558,-27,327,1024,-6,-4,0
IMU,88568,-27,326,1020,-6,-4,0
IMU,88578,-29,327,1022,-6,-4,0
IMU,88587,-27,326,1024,-6,-4,0
IMU,88597,-28,325,1022,-6,-4,0
IMU,88607,-26,326,1022,-6,-4,0
IMU,88617,-28,324,1022,-6,-4,0
IMU,88626,-28,325,1022,-6,-4,0
IMU,88636,-28,325,1021,-6,-4,0
IMU,88646,-29,328,1020,-6,-4,0
IMU,88656,-30,326,1020,-6,-4,0
IMU,88666,-28,326,1021,-6,-4,0
IMU,88675,-28,328,1021,-6,-4,0
IMU,88685,-29,327,1023,-6,-4,0
IMU,88695,-30,326,1022,-6,-4,0
IMU,88705,-27,326,1021,-6,-4,0
IMU,88714,-28,324,1021,-6,-4,0
IMU,88724,-26,322,1021,-6,-4,0
IMU,88734,-26,322,1022,-6,-4,0
IMU,88744,-28,323,1024,-6,-4,0
IMU,88753,-28,322,1024,-6,-4,0
IMU,88763,-28,322,1024,-6,-4,0
IMU,88773,-28,323,1023,-6,-4,0
IMU,88783,-29,324,1021,-6,-4,0
IMU,88792,-30,325,1023,-6,-4,0
IMU,88802,-28,325,1023,-6,-4,0
IMU,88812,-28,324,1024,-6,-4,0
IMU,88822,-28,326,1023,-6,-4,0
IMU,88832,-28,326,1022,-6,-4,0
IMU,88841,-28,326,1020,-6,-4,0
IMU,88851,-28,326,1020,-6,-4,0
IMU,88861,-27,327,1021,-6,-4,0
IMU,88871,-27,326,1022,-6,-4,0
IMU,88880,-27,326,1021,-6,-4,0
IMU,88890,-27,326,1022,-6,-4,0
IMU,88900,-28,325,1021,-6,-4,0
IMU,88910,-28,324,1022,-6,-4,0
IMU,88919,-29,324,1023,-6,-4,0
IMU,88929,-29,322,1021,-6,-4,0
IMU,88939,-29,322,1022,-6,-4,0
IMU,88949,-31,324,1022,-6,-4,0
IMU,88958,-28,324,1022,-6,-4,0
IMU,88968,-29,325,1022,-6,-4,0
IMU,88978,-28,325,1020,-6,-4,0
IMU,88988,-28,326,1021,-6,-4,0
IMU,88998,-26,329,1024,-6,-4,0
IMU,89007,-24,328,1020,-6,-4,0
IMU,89017,-24,326,1022,-6,-4,0
IMU,89027,-26,324,1022,-6,-4,0
IMU,89037,-25,324,1019,-6,-4,0
IMU,89046,-29,323,1023,-6,-4,0
IMU,89056,-28,323,1023,-6,-4,0
IMU,89066,-27,324,1023,-6,-4,0
IMU,89076,-28,323,1021,-6,-4,0
IMU,89085,-26,322,1022,-6,-4,0
IMU,89095,-27,324,1023,-6,-4,0
IMU,89105,-28,325,1020,-6,-4,0
IMU,89115,-28,323,1020,-6,-4,0
IMU,89125,-28,325,1022,-6,-4,0
IMU,89134,-28,326,1021,-6,-4,0
IMU,89144,-26,327,1023,-6,-4,0
IMU,89154,-27,325,1024,-6,-4,0
IMU,89164,-29,326,1023,-6,-4,0
IMU,89173,-28,327,1022,-6,-4,0
IMU,89183,-28,325,1026,-6,-4,0
IMU,89193,-26,326,1024,-6,-4,0
IMU,89203,-27,324,1022,-6,-4,0
IMU,89212,-26,324,1021,-6,-4,0
IMU,89222,-29,325,1023,-6,-4,0
IMU,89232,-28,326,1023,-6,-4,0
IMU,89242,-28,325,1021,-6,-4,0
IMU,89251,-29,323,1022,-6,-4,0
IMU,89261,-30,325,1020,-6,-4,0
IMU,89271,-28,325,1018,-6,-4,0
IMU,89281,-27,327,1022,-6,-4,0
IMU,89291,-27,331,1022,-6,-4,0
IMU,89300,-28,330,1024,-6,-4,0
IMU,89310,-27,329,1023,-6,-4,0
IMU,89320,-28,328,1022,-6,-4,0
IMU,89330,-28,325,1023,-6,-4,0
IMU,89339,-27,322,1020,-6,-4,0
IMU,89349,-26,323,1023,-6,-4,0
IMU,89359,-26,326,1023,-6,-4,0
IMU,89369,-27,326,1024,-6,-4,0
IMU,89378,-28,325,1021,-6,-4,0
IMU,89388,-29,326,1019,-6,-4,0
IMU,89398,-28,324,1021,-6,-4,0
IMU,89408,-28,324,1022,-6,-4,0
IMU,89417,-29,326,1022,-6,-4,0
IMU,89427,-28,325,1022,-6,-4,0
IMU,89437,-28,325,1022,-6,-4,0
IMU,89447,-27,325,1021,-6,-4,0
IMU,89457,-28,324,1022,-6,-4,0
IMU,89466,-27,325,1022,-6,-4,0
IMU,89476,-28,326,1024,-6,-4,0
IMU,89486,-28,326,1024,-6,-4,0
IMU,89496,-27,325,1023,-6,-4,0
IMU,89506,-26,326,1022,-6,-4,0
IMU,89516,-28,324,1022,-6,-4,0
IMU,89525,-28,325,1024,-6,-4,0
IMU,89536,-28,325,1021,-6,-4,0
IMU,89544,-28,325,1023,-6,-4,0
IMU,89554,-29,325,1022,-6,-4,0
IMU,89564,-30,324,1021,-6,-4,0
IMU,89574,-30,324,1022,-6,-4,0
IMU,89583,-28,324,1020,-6,-4,0
IMU,89593,-26,324,1021,-6,-4,0
IMU,89603,-27,325,1025,-6,-4,0
IMU,89613,-28,327,1023,-6,-4,0
IMU,89623,-26,325,1022,-6,-4,0
IMU,89632,-28,324,1021,-6,-4,0
IMU,89642,-28,325,1021,-6,-4,0
IMU,89652,-28,323,1021,-6,-4,0
IMU,89662,-31,324,1020,-6,-4,0
IMU,89671,-29,324,1021,-6,-4,0
IMU,89681,-30,323,1023,-6,-4,0
IMU,89691,-28,323,1024,-6,-4,0
IMU,89701,-27,325,1023,-6,-4,0
IMU,89710,-29,326,1023,-6,-4,0
IMU,89720,-28,325,1024,-6,-4,0
IMU,89730,-29,324,1019,-6,-4,0
IMU,89740,-28,326,1023,-6,-4,0
IMU,89750,-28,324,1020,-6,-4,0
IMU,89759,-28,324,1022,-6,-4,0
IMU,89769,-28,324,1021,-6,-4,0
IMU,89779,-28,325,1022,-6,-4,0
IMU,89789,-28,327,1022,-6,-4,0
IMU,89798,-29,327,1022,-6,-4,0
IMU,89808,-28,326,1025,-6,-4,0
IMU,89818,-28,326,1022,-6,-4,0
IMU,89828,-27,325,1021,-6,-4,0
IMU,89837,-28,323,1023,-6,-4,0
IMU,89847,-28,324,1023,-6,-4,0
IMU,89857,-25,324,1023,-6,-4,0
IMU,89867,-26,325,1023,-6,-4,0
IMU,89876,-29,326,1023,-6,-4,0
IMU,89886,-28,327,1022,-6,-4,0
IMU,89896,-28,326,1020,-6,-4,0
IMU,89906,-27,326,1021,-6,-4,0
IMU,89916,-29,325,1023,-6,-4,0
IMU,89925,-29,326,1022,-6,-4,0
IMU,89935,-30,325,1023,-6,-4,0
IMU,89945,-28,327,1023,-6,-4,0
IMU,89955,-25,326,1021,-6,-4,0
IMU,89964,-26,327,1021,-6,-4,0
IMU,89974,-27,327,1022,-6,-4,0
IMU,89984,-27,327,1023,-6,-4,0
IMU,89994,-26,326,1021,-6,-4,0
IMU,90003,-27,323,1023,-6,-4,0
IMU,90013,-28,324,1021,-6,-4,0
IMU,90023,-28,324,1022,-6,-4,0
IMU,90033,-27,324,1020,-6,-4,0
IMU,90042,-26,325,1022,-6,-4,0
IMU,90052,-26,325,1022,-6,-4,0
IMU,90062,-25,325,1021,-6,-4,0
IMU,90072,-27,324,1022,-6,-4,0
IMU,90082,-28,325,1024,-6,-4,0
IMU,90091,-28,325,1022,-6,-4,0
IMU,90101,-29,325,1021,-6,-4,0
IMU,90111,-26,323,1021,-6,-4,0
IMU,90121,-27,324,1018,-6,-4,0
IMU,90130,-28,324,1023,-6,-4,0
IMU,90140,-31,325,1024,-6,-4,0
IMU,90150,-29,326,1023,-6,-4,0
IMU,90160,-29,325,1023,-6,-4,0
IMU,90169,-29,324,1022,-6,-4,0
IMU,90179,-28,325,1022,-6,-4,0
IMU,90189,-28,325,1026,-6,-4,0
IMU,90199,-26,326,1025,-6,-4,0
IMU,90208,-28,326,1022,-6,-4,0
IMU,90218,-28,327,1022,-6,-4,0
IMU,90228,-27,326,1023,-6,-4,0
IMU,90238,-26,324,1022,-6,-4,0
IMU,90248,-26,323,1024,-6,-4,0
IMU,90257,-30,323,1024,-6,-4,0
IMU,90267,-31,327,1020,-6,-4,0
IMU,90277,-30,326,1021,-6,-4,0
IMU,90287,-28,326,1022,-6,-4,0
IMU,90296,-29,326,1022,-6,-4,0
IMU,90306,-26,326,1023,-6,-4,0
IMU,90316,-23,323,1020,-6,-4,0
IMU,90326,-24,322,1022,-6,-4,0
IMU,90335,-27,323,1023,-6,-4,0
IMU,90345,-29,324,1024,-6,-4,0
IMU,90355,-31,327,1020,-6,-4,0
IMU,90365,-29,328,1020,-6,-4,0
IMU,90375,-27,327,1021,-6,-4,0
IMU,90384,-28,323,1024,-6,-4,0
IMU,90394,-28,323,1023,-6,-4,0
IMU,90404,-28,324,1021,-6,-4,0
IMU,90414,-26,324,1022,-6,-4,0
IMU,90423,-26,324,1021,-6,-4,0
IMU,90433,-28,325,1020,-6,-4,0
IMU,90443,-28,325,1024,-6,-4,0
IMU,90453,-29,323,1021,-6,-4,0
IMU,90462,-27,325,1019,-6,-4,0
IMU,90472,-28,324,1023,-6,-4,0
IMU,90482,-29,325,1023,-6,-4,0
IMU,90492,-27,324,1023,-6,-4,0
IMU,90501,-28,324,1024,-6,-4,0
IMU,90511,-28,324,1021,-6,-4,0
IMU,90521,-28,325,1022,-6,-4,0
IMU,90531,-28,325,1022,-6,-4,0
IMU,90541,-28,326,1023,-6,-4,0
IMU,90550,-28,326,1021,-6,-4,0
IMU,90560,-29,325,1023,-6,-4,0
IMU,90570,-28,325,1023,-6,-4,0
IMU,90580,-29,325,1022,-6,-4,0
IMU,90589,-28,325,1021,-6,-4,0
IMU,90599,-29,326,1021,-6,-4,0
IMU,90609,-28,327,1022,-6,-4,0
IMU,90619,-26,324,1022,-6,-4,0
IMU,90628,-25,325,1022,-6,-4,0
IMU,90638,-28,324,1023,-6,-4,0
IMU,90648,-28,323,1024,-6,-4,0
IMU,90658,-26,325,1022,-6,-4,0
IMU,90668,-28,323,1024,-6,-4,0
IMU,90677,-26,324,1022,-6,-4,0
IMU,90688,-27,326,1022,-6,-4,0
IMU,90698,-27,326,1020,-6,-4,0
IMU,90707,-27,322,1021,-6,-4,0
IMU,90717,-29,321,1020,-6,-4,0
IMU,90726,-28,323,1022,-6,-4,0
IMU,90736,-25,324,1022,-6,-4,0
IMU,90746,-28,325,1024,-6,-4,0
IMU,90755,-28,325,1021,-6,-4,0
IMU,90765,-28,325,1020,-6,-4,0
IMU,90775,-29,325,1020,-6,-4,0
IMU,90785,-28,324,1023,-6,-4,0
IMU,90794,-29,325,1023,-6,-4,0
IMU,90804,-29,324,1023,-6,-4,0
IMU,90814,-30,323,1022,-6,-4,0
IMU,90824,-29,324,1022,-6,-4,0
IMU,90833,-26,326,1022,-6,-4,0
IMU,90843,-28,327,1019,-6,-4,0
IMU,90853,-29,325,1021,-6,-4,0
IMU,90863,-28,325,1020,-6,-4,0
IMU,90873,-29,326,1021,-6,-4,0
IMU,90882,-28,327,1024,-6,-4,0
IMU,90892,-28,327,1022,-6,-4,0
IMU,90902,-28,327,1022,-6,-4,0
IMU,90912,-28,324,1022,-6,-4,0
IMU,90921,-26,323,1022,-6,-4,0
IMU,90931,-25,322,1021,-6,-4,0
IMU,90941,-25,324,1020,-6,-4,0
IMU,90951,-28,322,1024,-6,-4,0
IMU,90960,-27,322,1022,-6,-4,0
IMU,90970,-28,323,1023,-6,-4,0
IMU,90980,-29,326,1022,-6,-4,0
IMU,90990,-31,328,1020,-6,-4,0
IMU,91000,-30,327,1019,-6,-4,0
IMU,91009,-31,327,1020,-6,-4,0
IMU,91019,-30,327,1020,-6,-4,0
IMU,91029,-28,323,1021,-6,-4,0
IMU,91039,-28,323,1024,-6,-4,0
IMU,91048,-27,325,1026,-6,-4,0
IMU,91058,-28,324,1022,-6,-4,0
IMU,91068,-28,325,1021,-6,-4,0
IMU,91078,-29,325,1024,-6,-4,0
IMU,91087,-28,326,1020,-6,-4,0
IMU,91097,-29,325,1020,-6,-4,0
IMU,91107,-28,324,1018,-6,-4,0
IMU,91117,-28,323,1020,-6,-4,0
IMU,91126,-29,323,1022,-6,-4,0
IMU,91136,-28,323,1025,-6,-4,0
IMU,91146,-28,323,1024,-6,-4,0
IMU,91156,-27,322,1023,-6,-4,0
IMU,91166,-27,323,1019,-6,-4,0
IMU,91175,-28,326,1019,-6,-4,0
IMU,91185,-28,325,1020,-6,-4,0
IMU,91195,-29,326,1022,-6,-4,0
IMU,91205,-28,326,1020,-6,-4,0
IMU,91214,-30,326,1022,-6,-4,0
IMU,91224,-29,326,1023,-6,-4,0
IMU,91234,-28,327,1024,-6,-4,0
IMU,91244,-27,327,1020,-6,-4,0
IMU,91253,-26,327,1022,-6,-4,0
IMU,91263,-25,327,1022,-6,-4,0
IMU,91273,-27,326,1020,-6,-4,0
IMU,91283,-28,325,1021,-6,-4,0
IMU,91292,-28,325,1024,-6,-4,0
IMU,91302,-28,324,1023,-6,-4,0
IMU,91312,-25,324,1022,-6,-4,0
IMU,91323,-28,323,1022,-6,-4,0
IMU,91333,-29,322,1024,-6,-4,0
IMU,91341,-29,322,1024,-6,-4,0
IMU,91351,-30,323,1023,-6,-4,0
IMU,91361,-28,321,1022,-6,-4,0
IMU,91371,-27,323,1023,-6,-4,0
IMU,91380,-27,322,1019,-6,-4,0
IMU,91390,-28,323,1020,-6,-4,0
IMU,91400,-29,326,1024,-6,-4,0
IMU,91410,-29,326,1023,-6,-4,0
IMU,91419,-29,325,1022,-6,-4,0
IMU,91429,-28,324,1022,-6,-4,0
IMU,91439,-29,324,1022,-6,-4,0
IMU,91449,-30,322,1020,-6,-4,0
IMU,91458,-28,325,1020,-6,-4,0
IMU,91468,-29,323,1022,-6,-4,0
IMU,91478,-28,325,1023,-6,-4,0
IMU,91488,-28,325,1023,-6,-4,0
IMU,91498,-27,325,1021,-6,-4,0
IMU,91507,-29,325,1021,-6,-4,0
IMU,91517,-29,326,1022,-6,-4,0
IMU,91527,-28,327,1020,-6,-4,0
IMU,91537,-28,327,1020,-6,-4,0
IMU,91546,-28,326,1023,-6,-4,0
IMU,91556,-28,326,1023,-6,-4,0
IMU,91566,-27,325,1022,-6,-4,0
IMU,91576,-28,326,1023,-6,-4,0
IMU,91585,-30,326,1024,-6,-4,0
IMU,91595,-29,325,1022,-6,-4,0
IMU,91605,-28,325,1021,-6,-4,0
IMU,91615,-26,325,1022,-6,-4,0
IMU,91625,-29,322,1023,-6,-4,0
IMU,91634,-28,322,1022,-6,-4,0
IMU,91644,-28,324,1025,-6,-4,0
IMU,91654,-28,323,1023,-6,-4,0
IMU,91664,-29,323,1020,-6,-4,0
IMU,91673,-28,324,1022,-6,-4,0
IMU,91683,-28,324,1022,-6,-4,0
IMU,91693,-30,325,1023,-6,-4,0
IMU,91703,-29,325,1026,-6,-4,0
IMU,91712,-30,326,1024,-6,-4,0
IMU,91722,-27,324,1022,-6,-4,0
IMU,91732,-29,325,1022,-6,-4,0
IMU,91742,-28,325,1020,-6,-4,0
IMU,91751,-27,325,1021,-6,-4,0
IMU,91761,-29,325,1018,-6,-4,0
IMU,91771,-28,324,1022,-6,-4,0
IMU,91781,-29,324,1021,-6,-4,0
IMU,91791,-30,324,1019,-6,-4,0
IMU,91800,-30,325,1020,-6,-4,0
IMU,91810,-28,325,1020,-6,-4,0
IMU,91821,-29,327,1023,-6,-4,0
IMU,91830,-28,326,1021,-6,-4,0
IMU,91839,-28,325,1021,-6,-4,0
IMU,91850,-29,326,1021,-6,-4,0
IMU,91859,-28,325,1021,-6,-4,0
IMU,91870,-25,326,1023,-6,-4,0
IMU,91879,-26,324,1021,-6,-4,0
IMU,91888,-26,323,1024,-6,-4,0
IMU,91898,-28,324,1024,-6,-4,0
IMU,91908,-28,325,1024,-6,-4,0
IMU,91917,-28,325,1024,-6,-4,0
IMU,91927,-30,325,1024,-6,-4,0
IMU,91937,-28,325,1021,-6,-4,0
IMU,91947,-27,325,1021,-6,-4,0
IMU,91957,-28,326,1023,-6,-4,0
IMU,91966,-28,326,1024,-6,-4,0
IMU,91976,-28,325,1021,-6,-4,0
IMU,91986,-27,325,1023,-6,-4,0
IMU,91996,-27,325,1023,-6,-4,0
IMU,92005,-28,325,1023,-6,-4,0
IMU,92015,-28,325,1024,-6,-4,0
IMU,92025,-28,326,1022,-6,-4,0
IMU,92035,-30,325,1023,-6,-4,0
IMU,92044,-29,326,1024,-6,-4,0
IMU,92054,-28,326,1022,-6,-4,0
IMU,92064,-27,325,1023,-6,-4,0
IMU,92074,-28,326,1022,-6,-4,0
IMU,92083,-27,325,1023,-6,-4,0
IMU,92093,-27,324,1021,-6,-4,0
IMU,92103,-27,325,1020,-6,-4,0
IMU,92113,-26,325,1021,-6,-4,0
IMU,92123,-27,327,1022,-6,-4,0
IMU,92132,-28,325,1023,-6,-4,0
IMU,92142,-27,325,1024,-6,-4,0
IMU,92152,-28,325,1021,-6,-4,0
IMU,92162,-26,325,1022,-6,-4,0
IMU,92171,-27,326,1024,-6,-4,0
IMU,92181,-27,326,1024,-6,-4,0
IMU,92191,-28,326,1023,-6,-4,0
IMU,92201,-29,324,1021,-6,-4,0
IMU,92210,-27,325,1021,-6,-4,0
IMU,92220,-28,326,1020,-6,-4,0
IMU,92230,-27,327,1020,-6,-4,0
IMU,92240,-27,324,1020,-6,-4,0
IMU,92250,-28,324,1021,-6,-4,0
IMU,92259,-28,325,1022,-6,-4,0
IMU,92269,-28,326,1022,-6,-4,0
IMU,92279,-28,325,1022,-6,-4,0
IMU,92289,-28,326,1020,-6,-4,0
IMU,92298,-28,324,1021,-6,-4,0
IMU,92308,-27,323,1019,-6,-4,0
IMU,92318,-29,325,1019,-6,-4,0
IMU,92328,-28,325,1021,-6,-4,0
IMU,92337,-29,326,1023,-6,-4,0
IMU,92347,-29,325,1022,-6,-4,0
IMU,92357,-28,327,1023,-6,-4,0
IMU,92367,-27,325,1022,-6,-4,0
IMU,92376,-26,326,1020,-6,-4,0
IMU,92386,-27,326,1022,-6,-4,0
IMU,92396,-28,327,1024,-6,-4,0
IMU,92406,-28,327,1023,-6,-4,0
IMU,92416,-28,326,1021,-6,-4,0
IMU,92425,-28,325,1021,-6,-4,0
IMU,92435,-29,324,1022,-6,-4,0
IMU,92445,-27,325,1023,-6,-4,0
IMU,92455,-28,325,1021,-6,-4,0
IMU,92464,-29,324,1023,-6,-4,0
IMU,92475,-27,324,1023,-6,-4,0
IMU,92484,-28,324,1023,-6,-4,0
IMU,92494,-28,324,1021,-6,-4,0
IMU,92503,-28,323,1024,-6,-4,0
IMU,92513,-28,323,1025,-6,-4,0
IMU,92524,-27,325,1025,-6,-4,0
IMU,92534,-26,326,1022,-6,-4,0
IMU,92542,-27,324,1021,-6,-4,0
IMU,92552,-28,325,1024,-6,-4,0
IMU,92562,-27,326,1022,-6,-4,0
IMU,92572,-27,325,1023,-6,-4,0
IMU,92582,-27,325,1022,-6,-4,0
IMU,92591,-28,325,1021,-6,-4,0
IMU,92601,-28,325,1022,-6,-4,0
IMU,92611,-28,324,1022,-6,-4,0
IMU,92621,-28,324,1024,-6,-4,0
IMU,92630,-28,324,1022,-6,-4,0
IMU,92640,-28,325,1023,-6,-4,0
IMU,92650,-28,324,1021,-6,-4,0
IMU,92660,-29,326,1022,-6,-4,0
IMU,92669,-29,326,1021,-6,-4,0
IMU,92679,-28,326,1023,-6,-4,0
IMU,92689,-26,326,1020,-6,-4,0
IMU,92699,-28,326,1023,-6,-4,0
IMU,92708,-26,324,1021,-6,-4,0
IMU,92718,-26,324,1022,-6,-4,0
IMU,92728,-28,323,1024,-6,-4,0
IMU,92738,-27,325,1024,-6,-4,0
IMU,92748,-28,323,1023,-6,-4,0
IMU,92757,-29,324,1020,-6,-4,0
IMU,92767,-28,324,1021,-6,-4,0
IMU,92777,-28,323,1022,-6,-4,0
IMU,92787,-29,324,1023,-6,-4,0
IMU,92796,-26,324,1024,-6,-4,0
IMU,92806,-28,325,1021,-6,-4,0
IMU,92816,-28,325,1022,-6,-4,0
IMU,92826,-29,326,1023,-6,-4,0
IMU,92835,-29,326,1021,-6,-4,0
IMU,92845,-29,326,1020,-6,-4,0
IMU,92855,-28,325,1021,-6,-4,0
IMU,92865,-28,324,1023,-6,-4,0
IMU,92875,-29,325,1020,-6,-4,0
IMU,92884,-27,325,1021,-6,-4,0
IMU,92894,-27,326,1022,-6,-4,0
IMU,92904,-28,325,1022,-6,-4,0
IMU,92914,-28,326,1021,-6,-4,0
IMU,92923,-28,324,1020,-6,-4,0
IMU,92933,-28,326,1023,-6,-4,0
IMU,92943,-28,325,1023,-6,-4,0
IMU,92953,-28,324,1021,-6,-4,0
IMU,92962,-27,322,1022,-6,-4,0
IMU,92972,-27,324,1022,-6,-4,0
IMU,92982,-28,324,1021,-6,-4,0
IMU,92992,-27,325,1025,-6,-4,0
IMU,93001,-28,322,1022,-6,-4,0
IMU,93011,-27,324,1021,-6,-4,0
IMU,93021,-28,324,1020,-6,-4,0
IMU,93031,-27,325,1021,-6,-4,0
IMU,93041,-27,324,1021,-6,-4,0
IMU,93050,-27,322,1022,-6,-4,0
IMU,93060,-27,322,1021,-6,-4,0
IMU,93070,-28,323,1023,-6,-4,0
IMU,93080,-28,324,1024,-6,-4,0
IMU,93089,-28,325,1024,-6,-4,0
IMU,93099,-28,324,1021,-6,-4,0
IMU,93109,-30,326,1021,-6,-4,0
IMU,93119,-28,326,1021,-6,-4,0
IMU,93128,-29,323,1020,-6,-4,0
IMU,93138,-29,323,1021,-6,-4,0
IMU,93148,-27,324,1022,-6,-4,0
IMU,93158,-27,326,1022,-6,-4,0
IMU,93167,-29,326,1021,-6,-4,0
IMU,93177,-28,326,1022,-6,-4,0
IMU,93187,-26,325,1022,-6,-4,0
IMU,93197,-26,323,1021,-6,-4,0
IMU,93207,-28,324,1021,-6,-4,0
IMU,93216,-27,325,1024,-6,-4,0
IMU,93226,-28,326,1024,-6,-4,0
IMU,93236,-28,326,1022,-6,-4,0
IMU,93246,-29,324,1021,-6,-4,0
IMU,93255,-29,325,1023,-6,-4,0
IMU,93265,-28,325,1019,-6,-4,0
IMU,93275,-27,325,1022,-6,-4,0
IMU,93285,-29,325,1022,-6,-4,0
IMU,93294,-28,325,1022,-6,-4,0
IMU,93304,-26,326,1022,-6,-4,0
IMU,93314,-28,325,1022,-6,-4,0
IMU,93324,-26,326,1021,-6,-4,0
IMU,93333,-27,326,1023,-6,-4,0
IMU,93343,-27,324,1021,-6,-4,0
IMU,93353,-29,323,1023,-6,-4,0
IMU,93363,-28,324,1022,-6,-4,0
IMU,93373,-28,324,1021,-6,-4,0
IMU,93382,-28,326,1024,-6,-4,0
IMU,93392,-27,325,1023,-6,-4,0
IMU,93402,-26,324,1021,-6,-4,0
IMU,93412,-27,323,1023,-6,-4,0
IMU,93421,-26,324,1022,-6,-4,0
IMU,93431,-26,325,1024,-6,-4,0
IMU,93441,-27,325,1025,-6,-4,0
IMU,93451,-27,325,1022,-6,-4,0
IMU,93460,-27,324,1024,-6,-4,0
IMU,93470,-28,325,1022,-6,-4,0
IMU,93480,-30,325,1022,-6,-4,0
IMU,93490,-28,325,1021,-6,-4,0
IMU,93500,-28,326,1025,-6,-4,0
IMU,93509,-30,326,1023,-6,-4,0
IMU,93519,-29,326,1020,-6,-4,0
IMU,93529,-29,327,1019,-6,-4,0
IMU,93539,-29,326,1022,-6,-4,0
IMU,93548,-30,324,1020,-6,-4,0
IMU,93558,-29,325,1020,-6,-4,0
IMU,93568,-28,328,1020,-6,-4,0
IMU,93578,-29,326,1022,-6,-4,0
IMU,93587,-31,326,1021,-6,-4,0
IMU,93597,-30,325,1022,-6,-4,0
IMU,93607,-29,323,1019,-6,-4,0
IMU,93617,-28,323,1020,-6,-4,0
IMU,93626,-28,324,1022,-6,-4,0
IMU,93636,-26,325,1022,-6,-4,0
IMU,93646,-27,324,1022,-6,-4,0
IMU,93656,-27,326,1023,-6,-4,0
IMU,93666,-26,325,1022,-6,-4,0
IMU,93676,-27,324,1021,-6,-4,0
IMU,93685,-29,325,1020,-6,-4,0
IMU,93696,-29,325,1022,-6,-4,0
IMU,93705,-27,324,1018,-6,-4,0
IMU,93714,-27,326,1019,-6,-4,0
IMU,93725,-27,325,1021,-6,-4,0
IMU,93734,-26,326,1024,-6,-4,0
IMU,93744,-27,324,1024,-6,-4,0
IMU,93754,-28,326,1018,-6,-4,0
IMU,93763,-28,327,1018,-6,-4,0
IMU,93773,-28,328,1020,-6,-4,0
IMU,93783,-28,327,1022,-6,-4,0
IMU,93792,-28,327,1023,-6,-4,0
IMU,93802,-27,325,1022,-6,-4,0
IMU,93812,-26,324,1025,-6,-4,0
IMU,93822,-27,326,1027,-6,-4,0
IMU,93832,-28,325,1024,-6,-4,0
IMU,93841,-29,322,1021,-6,-4,0
IMU,93851,-28,326,1021,-6,-4,0
IMU,93861,-28,325,1023,-6,-4,0
IMU,93871,-27,324,1022,-6,-4,0
IMU,93880,-26,323,1025,-6,-4,0
IMU,93890,-28,324,1022,-6,-4,0
IMU,93900,-30,325,1025,-6,-4,0
IMU,93910,-29,323,1021,-6,-4,0
IMU,93919,-28,325,1021,-6,-4,0
IMU,93929,-26,325,1020,-6,-4,0
IMU,93939,-28,324,1024,-6,-4,0
IMU,93949,-28,327,1024,-6,-4,0
IMU,93958,-29,325,1022,-6,-4,0
IMU,93968,-29,323,1020,-6,-4,0
IMU,93978,-29,324,1023,-6,-4,0
IMU,93988,-29,324,1022,-6,-4,0
IMU,93998,-27,326,1020,-6,-4,0
IMU,94007,-27,325,1022,-6,-4,0
IMU,94017,-29,327,1021,-6,-4,0
IMU,94027,-28,328,1019,-6,-4,0
IMU,94037,-27,326,1023,-6,-4,0
IMU,94046,-27,326,1021,-6,-4,0
IMU,94056,-27,325,1022,-6,-4,0
IMU,94066,-27,326,1022,-6,-4,0
IMU,94076,-29,325,1021,-6,-4,0
IMU,94085,-28,324,1023,-6,-4,0
IMU,94095,-30,325,1024,-6,-4,0
IMU,94105,-29,326,1023,-6,-4,0
IMU,94115,-29,326,1023,-6,-4,0
IMU,94125,-29,325,1022,-6,-4,0
IMU,94134,-29,324,1020,-6,-4,0
IMU,94144,-27,323,1021,-6,-4,0
IMU,94154,-27,324,1019,-6,-4,0
IMU,94164,-28,325,1020,-6,-4,0
IMU,94173,-28,324,1021,-6,-4,0
IMU,94183,-29,325,1023,-6,-4,0
IMU,94193,-26,325,1024,-6,-4,0
IMU,94203,-28,326,1022,-6,-4,0
IMU,94212,-27,325,1019,-6,-4,0
IMU,94222,-26,327,1021,-6,-4,0
IMU,94232,-27,328,1023,-6,-4,0
SPM,85604,0.00
SPM,88635,0.00
SPM,91650,0.00
SPM,94655,0.00
SPM,97697,0.00
SPM,100736,0.00
SPM,103784,0.00
GPS,104378,59.416940,17.982067,0.00,16.70,9
GPS,104876,59.416940,17.982067,0.00,16.70,9
GPS,105375,59.416940,17.982065,0.00,16.79,9
GPS,105873,59.416940,17.982065,0.00,16.79,9
GPS,106371,59.416940,17.982065,0.00,16.79,9
GPS,106878,59.416940,17.982065,0.00,16.79,9
GPS,107376,59.416940,17.982064,0.00,16.81,9
GPS,107875,59.416940,17.982064,0.00,16.81,9
GPS,108373,59.416939,17.982065,0.00,16.73,9
GPS,108871,59.416939,17.982065,0.00,16.73,9
GPS,109378,59.416939,17.982066,0.00,16.64,9
GPS,109886,59.416939,17.982066,0.00,16.64,9
GPS,110375,59.416939,17.982067,0.00,16.59,8
GPS,110873,59.416939,17.982067,0.00,16.59,8
GPS,111371,59.416939,17.982066,0.00,16.68,8
GPS,111869,59.416939,17.982066,0.00,16.68,8
GPS,112376,59.416940,17.982063,0.00,16.85,8
GPS,112875,59.416940,17.982063,0.00,16.85,8
GPS,113374,59.416940,17.982062,0.00,16.93,8
GPS,113872,59.416940,17.982062,0.00,16.93,8
GPS,114388,59.416942,17.982057,0.00,17.32,8
GPS,114876,59.416942,17.982057,1.19,17.32,8
GPS,115394,59.416945,17.982052,1.19,17.73,8
GPS,115892,59.416945,17.982052,1.28,17.73,8
GPS,116390,59.416945,17.982051,1.28,17.73,9
IMU,103998,-26,323,1024,-6,-4,0
IMU,104007,-26,322,1023,-6,-4,0
IMU,104017,-25,323,1021,-6,-4,0
IMU,104027,-28,324,1021,-6,-4,0
IMU,104037,-28,325,1018,-6,-4,0
IMU,104046,-27,328,1024,-6,-4,0
IMU,104056,-28,329,1022,-6,-4,0
IMU,104066,-28,325,1021,-6,-4,0
IMU,104076,-28,325,1022,-6,-4,0
IMU,104085,-29,325,1024,-6,-4,0
IMU,104095,-27,324,1022,-6,-4,0
IMU,104105,-28,325,1021,-6,-4,0
IMU,104115,-27,324,1019,-6,-4,0
IMU,104125,-25,324,1021,-6,-4,0
IMU,104134,-28,326,1020,-6,-4,0
IMU,104144,-27,326,1023,-6,-4,0
IMU,104154,-29,325,1024,-6,-4,0
IMU,104164,-29,325,1022,-6,-4,0
IMU,104173,-29,323,1022,-6,-4,0
IMU,104183,-28,325,1021,-6,-4,0
IMU,104193,-27,325,1020,-6,-4,0
IMU,104203,-26,322,1021,-6,-4,0
IMU,104212,-28,325,1024,-6,-4,0
IMU,104222,-29,325,1022,-6,-4,0
IMU,104232,-28,327,1024,-6,-4,0
IMU,104242,-27,327,1022,-6,-4,0
IMU,104251,-28,324,1023,-6,-4,0
IMU,104261,-30,326,1019,-6,-4,0
IMU,104271,-28,325,1020,-6,-4,0
IMU,104281,-28,324,1020,-6,-4,0
IMU,104291,-27,327,1025,-6,-4,0
IMU,104300,-28,325,1021,-6,-4,0
IMU,104310,-29,325,1022,-6,-4,0
IMU,104320,-28,323,1022,-6,-4,0
IMU,104330,-26,323,1021,-6,-4,0
IMU,104339,-28,324,1021,-6,-4,0
IMU,104349,-28,325,1021,-6,-4,0
IMU,104359,-29,324,1020,-6,-4,0
IMU,104369,-28,326,1022,-6,-4,0
IMU,104378,-28,325,1022,-6,-4,0
IMU,104388,-27,325,1018,-6,-4,0
IMU,104398,-30,324,1020,-6,-4,0
IMU,104408,-31,328,1023,-6,-4,0
IMU,104417,-27,327,1021,-6,-4,0
IMU,104427,-27,325,1024,-6,-4,0
IMU,104437,-27,325,1022,-6,-4,0
IMU,104447,-28,324,1023,-6,-4,0
IMU,104457,-28,323,1020,-6,-4,0
IMU,104466,-29,324,1019,-6,-4,0
IMU,104476,-27,324,1022,-6,-4,0
IMU,104486,-27,325,1020,-6,-4,0
IMU,104496,-27,325,1021,-6,-4,0
IMU,104505,-28,324,1022,-6,-4,0
IMU,104515,-28,325,1021,-6,-4,0
IMU,104525,-29,325,1021,-6,-4,0
IMU,104535,-28,327,1024,-6,-4,0
IMU,104544,-29,326,1024,-6,-4,0
IMU,104554,-28,323,1023,-6,-4,0
IMU,104564,-28,323,1024,-6,-4,0
IMU,104574,-28,325,1023,-6,-4,0
IMU,104583,-29,326,1023,-6,-4,0
IMU,104593,-26,326,1024,-6,-4,0
IMU,104604,-26,326,1022,-6,-4,0
IMU,104614,-27,326,1022,-6,-4,0
IMU,104623,-28,326,1023,-6,-4,0
IMU,104633,-28,326,1021,-6,-4,0
IMU,104642,-29,327,1020,-6,-4,0
IMU,104652,-28,328,1019,-6,-4,0
IMU,104662,-30,325,1018,-6,-4,0
IMU,104671,-30,323,1019,-6,-4,0
IMU,104682,-29,325,1021,-6,-4,0
IMU,104692,-29,325,1021,-6,-4,0
IMU,104701,-28,325,1021,-6,-4,0
IMU,104710,-29,325,1022,-6,-4,0
IMU,104720,-29,325,1021,-6,-4,0
IMU,104730,-26,323,1020,-6,-4,0
IMU,104740,-27,325,1022,-6,-4,0
IMU,104750,-25,326,1022,-6,-4,0
IMU,104759,-28,324,1020,-6,-4,0
IMU,104769,-29,325,1022,-6,-4,0
IMU,104779,-26,325,1021,-6,-4,0
IMU,104789,-28,326,1021,-6,-4,0
IMU,104798,-28,327,1023,-6,-4,0
IMU,104808,-27,326,1021,-6,-4,0
IMU,104818,-28,325,1024,-6,-4,0
IMU,104828,-29,325,1021,-6,-4,0
IMU,104837,-27,325,1021,-6,-4,0
IMU,104847,-28,325,1024,-6,-4,0
IMU,104857,-30,326,1023,-6,-4,0
IMU,104867,-29,324,1022,-6,-4,0
IMU,104876,-29,325,1022,-6,-4,0
IMU,104886,-28,325,1023,-6,-4,0
IMU,104896,-28,324,1017,-6,-4,0
IMU,104906,-28,325,1020,-6,-4,0
IMU,104916,-29,326,1022,-6,-4,0
IMU,104925,-27,326,1020,-6,-4,0
IMU,104935,-27,325,1021,-6,-4,0
IMU,104945,-28,324,1022,-6,-4,0
IMU,104955,-28,323,1022,-6,-4,0
IMU,104964,-28,325,1022,-6,-4,0
IMU,104974,-26,325,1023,-6,-4,0
IMU,104984,-28,324,1024,-6,-4,0
IMU,104994,-30,324,1021,-6,-4,0
IMU,105003,-30,326,1023,-6,-4,0
IMU,105013,-29,326,1022,-6,-4,0
IMU,105023,-28,326,1024,-6,-4,0
IMU,105033,-28,327,1021,-6,-4,0
IMU,105042,-29,326,1021,-6,-4,0
IMU,105052,-29,324,1020,-6,-4,0
IMU,105062,-29,326,1023,-6,-4,0
IMU,105072,-29,325,1022,-6,-4,0
IMU,105082,-29,326,1018,-6,-4,0
IMU,105091,-27,325,1022,-6,-4,0
IMU,105101,-28,325,1021,-6,-4,0
IMU,105111,-28,323,1024,-6,-4,0
IMU,105121,-29,324,1024,-6,-4,0
IMU,105130,-29,323,1023,-6,-4,0
IMU,105140,-27,327,1022,-6,-4,0
IMU,105150,-26,325,1020,-6,-4,0
IMU,105160,-28,325,1020,-6,-4,0
IMU,105169,-27,326,1020,-6,-4,0
IMU,105179,-28,326,1023,-6,-4,0
IMU,105189,-29,324,1023,-6,-4,0
IMU,105199,-29,323,1022,-6,-4,0
IMU,105208,-29,326,1023,-6,-4,0
IMU,105218,-27,325,1021,-6,-4,0
IMU,105228,-28,324,1025,-6,-4,0
IMU,105238,-28,323,1022,-6,-4,0
IMU,105248,-28,325,1022,-6,-4,0
IMU,105257,-28,324,1025,-6,-4,0
IMU,105267,-27,322,1024,-6,-4,0
IMU,105277,-29,324,1023,-6,-4,0
IMU,105287,-28,324,1022,-6,-4,0
IMU,105296,-27,325,1023,-6,-4,0
IMU,105306,-27,325,1021,-6,-4,0
IMU,105316,-29,326,1022,-6,-4,0
IMU,105326,-29,326,1020,-6,-4,0
IMU,105335,-28,325,1022,-6,-4,0
IMU,105345,-30,323,1020,-6,-4,0
IMU,105355,-27,324,1020,-6,-4,0
IMU,105365,-26,323,1018,-6,-4,0
IMU,105375,-27,325,1019,-6,-4,0
IMU,105384,-28,325,1021,-6,-4,0
IMU,105394,-29,326,1019,-6,-4,0
IMU,105404,-28,325,1022,-6,-4,0
IMU,105414,-28,325,1024,-6,-4,0
IMU,105423,-28,325,1022,-6,-4,0
IMU,105434,-27,325,1024,-6,-4,0
IMU,105444,-28,326,1021,-6,-4,0
IMU,105453,-28,326,1022,-6,-4,0
IMU,105463,-28,325,1023,-6,-4,0
IMU,105472,-27,325,1022,-6,-4,0
IMU,105482,-28,323,1023,-6,-4,0
IMU,105492,-28,326,1022,-6,-4,0
IMU,105501,-28,327,1021,-6,-4,0
IMU,105511,-28,326,1024,-6,-4,0
IMU,105521,-28,326,1021,-6,-4,0
IMU,105531,-28,326,1021,-6,-4,0
IMU,105541,-30,326,1023,-6,-4,0
IMU,105550,-28,325,1025,-6,-4,0
IMU,105560,-27,326,1023,-6,-4,0
IMU,105570,-30,324,1022,-6,-4,0
IMU,105580,-28,328,1021,-6,-4,0
IMU,105589,-27,326,1021,-6,-4,0
IMU,105599,-28,327,1019,-6,-4,0
IMU,105609,-29,326,1021,-6,-4,0
IMU,105619,-27,326,1021,-6,-4,0
IMU,105628,-29,325,1023,-6,-4,0
IMU,105638,-30,324,1022,-6,-4,0
IMU,105648,-28,323,1019,-6,-4,0
IMU,105658,-28,322,1023,-6,-4,0
IMU,105667,-30,324,1023,-6,-4,0
IMU,105677,-28,324,1022,-6,-4,0
IMU,105687,-26,323,1020,-6,-4,0
IMU,105697,-28,322,1020,-6,-4,0
IMU,105707,-28,323,1020,-6,-4,0
IMU,105716,-24,326,1020,-6,-4,0
IMU,105726,-26,324,1021,-6,-4,0
IMU,105736,-27,323,1020,-6,-4,0
IMU,105746,-29,325,1023,-6,-4,0
IMU,105755,-28,327,1022,-6,-4,0
IMU,105765,-28,327,1024,-6,-4,0
IMU,105775,-28,325,1025,-6,-4,0
IMU,105785,-28,325,1019,-6,-4,0
IMU,105794,-29,327,1020,-6,-4,0
IMU,105804,-28,325,1019,-6,-4,0
IMU,105814,-28,326,1020,-6,-4,0
IMU,105824,-29,325,1023,-6,-4,0
IMU,105833,-29,325,1018,-6,-4,0
IMU,105843,-29,324,1022,-6,-4,0
IMU,105853,-29,326,1020,-6,-4,0
IMU,105863,-28,326,1023,-6,-4,0
IMU,105873,-28,325,1023,-6,-4,0
IMU,105882,-28,324,1022,-6,-4,0
IMU,105892,-28,325,1020,-6,-4,0
IMU,105902,-28,324,1019,-6,-4,0
IMU,105912,-27,324,1023,-6,-4,0
IMU,105921,-28,325,1022,-6,-4,0
IMU,105932,-29,323,1021,-6,-4,0
IMU,105941,-28,324,1020,-6,-4,0
IMU,105952,-29,324,1019,-6,-4,0
IMU,105961,-28,326,1021,-6,-4,0
IMU,105970,-31,324,1024,-6,-4,0
IMU,105981,-30,325,1024,-6,-4,0
IMU,105990,-30,323,1024,-6,-4,0
IMU,106000,-27,324,1021,-6,-4,0
IMU,106009,-28,326,1021,-6,-4,0
IMU,106019,-28,326,1020,-6,-4,0
IMU,106029,-28,327,1021,-6,-4,0
IMU,106039,-26,327,1020,-6,-4,0
IMU,106048,-28,324,1019,-6,-4,0
IMU,106058,-26,325,1019,-6,-4,0
IMU,106068,-28,324,1022,-6,-4,0
IMU,106078,-28,324,1020,-6,-4,0
IMU,106087,-28,322,1021,-6,-4,0
IMU,106097,-27,325,1022,-6,-4,0
IMU,106107,-26,325,1025,-6,-4,0
IMU,106117,-28,326,1023,-6,-4,0
IMU,106126,-29,326,1020,-6,-4,0
IMU,106136,-28,326,1022,-6,-4,0
IMU,106146,-28,326,1022,-6,-4,0
IMU,106156,-27,325,1024,-6,-4,0
IMU,106166,-28,325,1018,-6,-4,0
IMU,106175,-28,325,1020,-6,-4,0
IMU,106185,-27,326,1021,-6,-4,0
IMU,106195,-29,324,1022,-6,-4,0
IMU,106205,-26,324,1022,-6,-4,0
IMU,106214,-27,324,1021,-6,-4,0
IMU,106224,-28,323,1022,-6,-4,0
IMU,106234,-28,323,1021,-6,-4,0
IMU,106244,-28,324,1026,-6,-4,0
IMU,106253,-29,325,1026,-6,-4,0
IMU,106263,-26,326,1025,-6,-4,0
IMU,106273,-28,327,1024,-6,-4,0
IMU,106283,-28,327,1023,-6,-4,0
IMU,106292,-29,327,1024,-6,-4,0
IMU,106302,-29,326,1022,-6,-4,0
IMU,106312,-28,324,1022,-6,-4,0
IMU,106322,-27,325,1022,-6,-4,0
IMU,106332,-27,323,1020,-6,-4,0
IMU,106341,-28,325,1019,-6,-4,0
IMU,106351,-28,324,1021,-6,-4,0
IMU,106361,-30,325,1023,-6,-4,0
IMU,106371,-29,325,1021,-6,-4,0
IMU,106380,-28,325,1024,-6,-4,0
IMU,106390,-27,326,1021,-6,-4,0
IMU,106400,-28,326,1022,-6,-4,0
IMU,106410,-27,326,1024,-6,-4,0
IMU,106419,-29,326,1022,-6,-4,0
IMU,106429,-29,324,1022,-6,-4,0
IMU,106439,-28,325,1022,-6,-4,0
IMU,106449,-29,326,1022,-6,-4,0
IMU,106458,-29,327,1019,-6,-4,0
IMU,106468,-28,327,1021,-6,-4,0
IMU,106478,-27,326,1022,-6,-4,0
IMU,106488,-28,328,1024,-6,-4,0
IMU,106498,-29,327,1022,-6,-4,0
IMU,106507,-29,327,1023,-6,-4,0
IMU,106517,-29,326,1021,-6,-4,0
IMU,106527,-30,325,1021,-6,-4,0
IMU,106537,-31,325,1021,-6,-4,0
IMU,106546,-29,325,1021,-6,-4,0
IMU,106556,-29,325,1024,-6,-4,0
IMU,106566,-29,324,1023,-6,-4,0
IMU,106576,-28,325,1023,-6,-4,0
IMU,106586,-28,325,1022,-6,-4,0
IMU,106595,-27,326,1023,-6,-4,0
IMU,106606,-27,326,1024,-6,-4,0
IMU,106615,-29,325,1024,-6,-4,0
IMU,106625,-27,325,1022,-6,-4,0
IMU,106635,-28,325,1023,-6,-4,0
IMU,106644,-29,326,1025,-6,-4,0
IMU,106655,-29,326,1024,-6,-4,0
IMU,106665,-28,324,1022,-6,-4,0
IMU,106673,-27,325,1020,-6,-4,0
IMU,106683,-28,327,1021,-6,-4,0
IMU,106693,-27,327,1020,-6,-4,0
IMU,106703,-29,327,1018,-6,-4,0
IMU,106712,-28,324,1019,-6,-4,0
IMU,106722,-28,325,1020,-6,-4,0
IMU,106732,-28,325,1021,-6,-4,0
IMU,106742,-30,327,1023,-6,-4,0
IMU,106751,-30,325,1022,-6,-4,0
IMU,106761,-30,323,1021,-6,-4,0
IMU,106771,-28,322,1020,-6,-4,0
IMU,106781,-26,325,1019,-6,-4,0
IMU,106791,-27,327,1020,-6,-4,0
IMU,106800,-28,326,1021,-6,-4,0
IMU,106810,-29,327,1021,-6,-4,0
IMU,106820,-29,327,1019,-6,-4,0
IMU,106830,-29,324,1022,-6,-4,0
IMU,106839,-29,325,1023,-6,-4,0
IMU,106849,-27,325,1021,-6,-4,0
IMU,106859,-27,324,1023,-6,-4,0
IMU,106869,-28,325,1023,-6,-4,0
IMU,106878,-31,326,1017,-6,-4,0
IMU,106888,-93,492,977,-4,-8,-5
IMU,106898,-169,605,909,0,-16,-24
IMU,106908,-85,446,990,1,-8,-31
IMU,106917,-8,328,1001,0,-8,-17
IMU,106927,-13,361,1026,-2,-5,6
IMU,106937,-31,426,1023,4,2,22
IMU,106947,-31,458,993,12,4,22
IMU,106957,-17,453,1007,20,2,8
IMU,106966,-26,419,976,29,1,-6
IMU,106976,-68,453,971,26,0,-15
IMU,106986,-84,416,908,10,-4,0
IMU,106996,-83,377,982,-4,-1,6
IMU,107005,-34,307,972,9,2,8
IMU,107015,6,381,1042,0,2,14
IMU,107025,-32,366,996,-3,1,11
IMU,107035,-47,366,1016,3,1,10
IMU,107044,-27,369,998,0,0,11
IMU,107054,-45,383,1001,-3,-2,6
IMU,107064,-36,379,997,-4,-2,5
IMU,107074,-35,373,1001,-4,-2,6
IMU,107083,-29,387,1001,-3,-1,7
IMU,107093,-21,385,1005,0,-3,2
IMU,107103,-18,375,1019,3,-5,-2
IMU,107113,-31,355,1026,7,-5,-6
IMU,107123,-14,320,1046,10,-4,-9
IMU,107132,-33,309,1041,15,-5,-16
IMU,107142,-52,248,1057,17,-8,-22
IMU,107152,-54,214,1062,18,-8,-23
IMU,107162,-63,176,1062,15,-7,-21
IMU,107171,-53,152,1070,10,-6,-16
IMU,107181,-49,151,1077,5,-7,-14
IMU,107191,-24,157,1080,2,-9,-15
IMU,107201,1,169,1077,0,-10,-17
IMU,107210,9,203,1074,-1,-11,-19
IMU,107220,10,226,1055,-3,-12,-20
IMU,107230,3,235,1053,-5,-12,-24
IMU,107240,3,243,1052,-6,-16,-34
IMU,107250,-1,228,1050,-9,-22,-48
IMU,107259,4,254,1058,-13,-26,-58
IMU,107269,-16,214,1045,-16,-28,-64
IMU,107279,-25,233,1035,-22,-32,-68
IMU,107289,-30,249,1023,-30,-36,-76
IMU,107298,-43,222,1023,-39,-39,-81
IMU,107308,-42,221,1037,-47,-41,-84
IMU,107318,-22,201,1095,-52,-39,-86
IMU,107328,1,203,1182,-32,-22,-75
IMU,107337,1,211,1085,-15,-22,-60
IMU,107347,-2,237,1050,-13,-16,-53
IMU,107357,-1,286,1045,-11,-12,-51
IMU,107367,-20,316,1034,-8,-13,-51
IMU,107376,-25,337,1008,-7,-17,-55
IMU,107386,-29,337,1020,-9,-18,-61
IMU,107396,-29,346,1014,-8,-21,-70
IMU,107406,-26,346,1021,-5,-26,-78
IMU,107416,-36,326,1014,-3,-28,-77
IMU,107425,-37,350,1009,-5,-27,-75
IMU,107435,-50,367,1012,-5,-29,-78
IMU,107445,-58,358,1001,-4,-30,-79
IMU,107455,-62,352,994,-3,-28,-71
IMU,107464,-51,370,1012,-2,-27,-68
IMU,107474,-64,360,1002,-3,-26,-66
IMU,107484,-84,347,1009,-3,-24,-63
IMU,107494,-102,336,1010,-5,-20,-56
IMU,107503,-115,350,996,-5,-18,-46
IMU,107513,-103,390,989,-7,-17,-45
IMU,107523,-94,384,1001,-5,-19,-47
IMU,107533,-84,378,991,-5,-18,-42
IMU,107542,-77,380,1005,-5,-15,-35
IMU,107552,-78,361,994,-5,-12,-22
IMU,107562,-62,457,972,-5,-12,-18
IMU,107572,-50,489,956,-4,-16,-27
IMU,107582,-33,471,970,-5,-15,-32
IMU,107591,-13,485,967,-4,-16,-36
IMU,107601,6,516,953,-7,-17,-46
IMU,107611,-26,430,1003,-4,-17,-49
IMU,107621,-72,422,982,0,-16,-38
IMU,107631,-72,404,1019,5,-10,-23
IMU,107640,-60,374,1053,16,-8,-12
IMU,107651,-85,338,1036,29,-8,-4
IMU,107660,-97,362,1008,26,-4,0
IMU,107669,-86,348,1037,28,-4,-2
IMU,107680,-80,350,1011,28,-2,-6
IMU,107689,-58,388,995,20,0,-10
IMU,107700,-47,451,953,-2,4,-18
IMU,107709,-66,440,977,-30,8,-29
IMU,107718,-27,491,907,-47,22,-40
IMU,107728,-81,443,1017,-44,8,-51
IMU,107738,-67,407,994,-34,4,-38
IMU,107748,-47,369,1004,-13,-8,-16
IMU,107757,-57,362,1012,2,-12,3
IMU,107767,-52,397,998,14,-15,12
IMU,107777,-45,435,995,15,-17,12
IMU,107787,-39,457,991,10,-23,7
IMU,107796,-42,454,999,6,-30,0
IMU,107806,-32,448,1013,12,-39,6
IMU,107816,-54,436,1008,19,-50,9
IMU,107826,-59,430,986,19,-58,12
IMU,107835,-28,413,985,17,-66,14
IMU,107845,0,412,987,15,-71,13
IMU,107855,0,415,999,9,-72,13
IMU,107865,-16,396,986,9,-71,15
IMU,107875,1,400,1012,8,-69,18
IMU,107884,18,414,995,6,-71,18
IMU,107894,23,426,1007,0,-71,12
IMU,107904,32,415,1028,-7,-67,4
IMU,107914,47,379,1056,-12,-58,-3
IMU,107923,55,321,1078,-10,-44,-7
IMU,107933,45,273,1072,-5,-26,-6
IMU,107943,34,245,1061,0,-12,-4
IMU,107953,32,236,1046,0,-4,-3
IMU,107962,28,226,1035,-4,-1,-3
IMU,107972,30,212,1047,-7,0,-2
IMU,107982,43,184,1060,-9,0,3
IMU,107992,38,195,1076,-6,0,10
IMU,108001,40,240,1089,0,0,11
IMU,108011,5,255,1064,5,1,9
IMU,108021,-6,234,1049,3,2,5
IMU,108031,12,202,1044,-3,5,0
IMU,108041,44,140,1042,-18,9,0
IMU,108050,76,86,1038,-31,10,5
IMU,108060,93,70,1053,-36,6,12
IMU,108070,106,100,1070,-29,0,14
IMU,108080,98,141,1065,-21,-6,11
IMU,108089,62,171,1057,-18,-7,9
IMU,108099,50,201,1052,-18,-3,9
IMU,108109,54,211,1061,-16,-2,9
IMU,108119,44,203,1060,-16,1,8
IMU,108128,34,179,1077,-42,28,8
IMU,108138,38,190,1019,-49,38,6
IMU,108148,25,219,1025,-44,31,0
IMU,108158,15,240,1046,-40,24,-4
IMU,108167,27,283,1061,-38,19,-4
IMU,108177,14,321,1064,-41,23,-12
IMU,108187,8,311,1072,-39,25,-7
IMU,108197,-11,345,1040,-31,18,8
IMU,108207,-8,375,1047,-24,12,11
IMU,108216,-7,404,1048,-24,17,10
IMU,108226,-7,439,1033,-25,25,5
IMU,108236,-25,447,1010,-24,28,3
IMU,108246,-8,489,983,-24,28,0
IMU,108255,-50,457,967,-24,23,0
IMU,108265,-37,472,965,-23,19,2
IMU,108275,-29,482,977,-16,14,5
IMU,108285,-37,520,971,-10,10,8
IMU,108294,-45,547,968,-8,6,6
IMU,108304,-51,553,976,-8,3,4
IMU,108315,-62,563,980,-6,1,2
IMU,108324,-61,572,984,-2,2,1
IMU,108334,-67,582,978,1,3,0
IMU,108344,-64,585,970,5,4,0
IMU,108353,-60,586,960,8,5,-2
IMU,108363,-50,575,952,11,7,-5
IMU,108373,-47,548,932,11,9,-7
IMU,108382,-57,526,915,11,9,-7
IMU,108392,-62,523,909,6,8,-8
IMU,108402,-72,507,926,1,4,-10
IMU,108412,-74,484,965,0,2,-10
IMU,108421,-79,464,995,-1,3,-10
IMU,108431,-87,448,1017,-2,5,-11
IMU,108441,-84,431,1036,-3,8,-12
IMU,108451,-93,411,1050,-5,12,-14
IMU,108460,-93,382,1063,-7,15,-15
IMU,108470,-88,345,1070,-8,20,-15
IMU,108480,-77,328,1064,-11,23,-16
IMU,108490,-60,311,1049,-16,28,-18
IMU,108500,-53,282,1037,-21,32,-22
IMU,108509,-62,251,1018,-19,28,-24
IMU,108519,-65,199,1019,-17,20,-23
IMU,108529,-71,152,1021,-12,12,-21
IMU,108539,-77,112,1022,-6,4,-17
IMU,108548,-87,69,1036,-2,-1,-13
IMU,108558,-94,28,1062,2,-7,-6
IMU,108568,-96,10,1088,4,-12,-1
IMU,108578,-98,-9,1121,0,-14,1
IMU,108587,-100,-37,1147,-4,-13,3
IMU,108597,-104,-68,1163,-7,-7,8
IMU,108607,-93,-64,1160,-7,-3,14
IMU,108617,-75,-39,1152,-10,0,19
IMU,108626,-58,-17,1145,-13,1,20
IMU,108636,-40,-9,1142,-17,4,19
IMU,108646,-26,-1,1117,-21,8,19
IMU,108656,-13,4,1091,-26,10,20
IMU,108666,-7,15,1067,-26,11,22
IMU,108675,6,41,1050,-26,11,24
IMU,108685,18,70,1024,-28,10,25
IMU,108695,19,102,1023,-27,4,26
IMU,108705,11,136,1057,-27,0,25
IMU,108714,6,156,1079,-42,7,19
IMU,108724,-1,178,1056,-34,8,18
IMU,108734,-1,167,1053,-27,3,19
IMU,108744,3,173,1055,-24,2,23
IMU,108753,14,212,1048,-23,3,28
IMU,108763,30,285,1032,-23,5,30
IMU,108773,54,353,1010,-24,8,27
IMU,108783,70,414,988,-27,11,22
IMU,108792,78,451,967,-30,13,15
IMU,108802,75,470,960,-34,12,8
IMU,108813,61,484,960,-35,11,5
IMU,108822,62,508,960,-30,10,4
IMU,108833,63,543,949,-23,9,3
IMU,108841,68,569,927,-19,6,0
IMU,108851,63,578,910,-17,2,-6
IMU,108862,50,572,906,-14,-5,-10
IMU,108871,36,573,912,-9,-11,-10
IMU,108880,33,589,926,-2,-17,-9
IMU,108891,42,616,938,5,-20,-9
IMU,108900,43,623,938,10,-21,-13
IMU,108910,44,616,923,10,-24,-20
IMU,108919,43,605,916,5,-26,-26
IMU,108929,26,581,932,-1,-28,-32
IMU,108939,0,564,969,-2,-30,-34
IMU,108949,-22,563,995,3,-30,-34
IMU,108958,-38,574,1012,4,-28,-38
IMU,108968,-58,553,1023,0,-26,-45
IMU,108978,-91,495,1038,0,-25,-49
IMU,108988,-123,448,1045,0,-25,-48
IMU,108998,-155,419,1056,-2,-27,-45
IMU,109007,-177,395,1102,-1,-28,-40
IMU,109017,-197,397,1165,4,-22,-34
IMU,109027,-192,412,1153,3,-10,-32
IMU,109037,-203,401,1164,-1,-6,-36
IMU,109046,-220,367,1143,-5,-3,-39
IMU,109056,-228,351,1159,-10,0,-39
IMU,109066,-242,345,1158,-13,2,-38
IMU,109076,-243,344,1146,-15,5,-36
IMU,109085,-260,331,1142,-13,4,-35
IMU,109095,-286,311,1144,-11,4,-33
IMU,109105,-302,294,1131,-8,4,-32
IMU,109115,-311,276,1114,-5,5,-30
IMU,109125,-316,246,1093,-3,5,-28
IMU,109134,-314,215,1060,0,3,-24
IMU,109144,-306,202,1036,4,0,-18
IMU,109154,-300,183,1000,8,-4,-14
IMU,109164,-299,167,988,8,-7,-10
IMU,109173,-302,146,986,6,-10,-7
IMU,109183,-303,143,1006,2,-11,-3
IMU,109193,-291,138,1021,-4,-5,-4
IMU,109203,-290,106,1037,-15,9,-5
IMU,109212,-288,79,989,-19,20,-3
IMU,109222,-289,32,948,-22,21,0
IMU,109232,-282,-25,933,-27,22,4
IMU,109242,-273,-52,920,-29,20,11
IMU,109251,-252,-62,915,-32,16,18
IMU,109261,-237,-69,933,-34,12,24
IMU,109271,-214,-91,944,-32,9,31
IMU,109281,-188,-104,946,-25,7,39
IMU,109291,-152,-104,953,-19,1,47
IMU,109300,-113,-89,971,-13,-4,54
IMU,109310,-63,-65,1002,-10,-9,58
IMU,109320,-24,-59,1039,-9,-12,59
IMU,109330,2,-46,1072,-10,-11,60
IMU,109339,37,-25,1103,-13,-7,58
IMU,109349,71,-16,1124,-18,1,55
IMU,109359,102,5,1122,-23,10,52
IMU,109369,131,26,1112,-28,18,49
IMU,109378,163,53,1092,-33,26,44
IMU,109388,176,71,1065,-35,30,41
IMU,109399,187,102,1037,-35,30,37
IMU,109408,199,127,1035,-33,26,35
IMU,109418,203,153,1042,-29,22,30
IMU,109427,203,177,1048,-23,18,28
IMU,109437,206,218,1043,-19,15,25
IMU,109448,206,248,1042,-20,14,20
IMU,109457,194,260,1039,-22,13,15
IMU,109466,184,265,1044,-24,11,10
IMU,109476,181,277,1060,-23,9,8
IMU,109486,181,309,1080,-20,7,7
IMU,109496,185,353,1097,-18,7,5
IMU,109505,173,395,1097,-18,8,0
IMU,109515,157,396,1088,-19,9,-8
IMU,109525,136,380,1069,-18,9,-13
IMU,109535,111,373,1051,-16,5,-14
IMU,109544,84,384,1040,-14,0,-12
IMU,109554,64,423,1043,-12,-6,-11
IMU,109564,47,465,1057,-13,-10,-12
IMU,109574,31,487,1069,-13,-13,-14
IMU,109583,16,516,1089,-11,-14,-15
IMU,109593,0,551,1071,-10,-14,-17
IMU,109603,-18,589,1052,-9,-15,-22
IMU,109613,-38,612,1023,-9,-16,-27
IMU,109623,-62,621,1001,-8,-18,-33
IMU,109632,-90,610,978,-6,-24,-37
IMU,109642,-116,604,974,0,-34,-38
IMU,109652,-142,605,960,3,-41,-38
IMU,109662,-165,606,951,4,-47,-39
IMU,109671,-198,576,957,4,-50,-40
IMU,109681,-230,536,968,4,-51,-40
IMU,109691,-265,497,994,2,-53,-39
IMU,109701,-290,460,1039,4,-52,-36
IMU,109710,-291,458,1074,5,-46,-36
IMU,109720,-305,414,1094,6,-36,-38
IMU,109730,-319,364,1111,6,-25,-39
IMU,109740,-318,328,1084,4,-18,-40
IMU,109750,-327,274,1063,0,-13,-40
IMU,109759,-332,223,1052,-2,-7,-37
IMU,109769,-323,200,1035,-6,-2,-33
IMU,109779,-321,191,1075,-11,7,-28
IMU,109789,-294,205,1006,-8,13,-26
IMU,109798,-301,181,994,-6,8,-22
IMU,109808,-279,166,983,0,3,-17
IMU,109818,-258,178,967,5,0,-11
IMU,109828,-241,195,953,10,-5,-9
IMU,109837,-233,199,957,11,-12,-7
IMU,109847,-241,181,990,11,-18,-5
IMU,109857,-245,167,1037,10,-19,-2
IMU,109867,-244,175,1089,3,-11,0
IMU,109876,-238,193,1095,0,-4,3
IMU,109886,-216,237,1112,-3,4,5
IMU,109896,-180,276,1090,0,9,5
IMU,109906,-155,288,1060,1,12,3
IMU,109916,-138,296,1028,0,11,0
IMU,109925,-122,283,1014,-5,6,-4
IMU,109936,-115,264,1033,-3,2,-2
IMU,109946,-111,277,1034,-3,-1,-1
IMU,109955,-108,273,1035,-7,-3,0
IMU,109965,-101,273,1055,-11,-3,0
IMU,109974,-100,262,1066,-15,0,0
IMU,109984,-82,254,1091,-17,3,-1
IMU,109994,-75,250,1100,-17,6,-1
IMU,110003,-67,254,1117,-15,9,-3
IMU,110013,-65,228,1120,-11,13,-7
IMU,110023,-65,187,1102,-7,16,-9
IMU,110033,-67,163,1065,-5,16,-10
IMU,110042,-64,150,1034,-7,11,-10
IMU,110052,-63,131,1026,-9,4,-10
IMU,110062,-66,101,1038,-12,-1,-10
IMU,110072,-70,68,1041,-14,-4,-10
IMU,110082,-72,45,1059,-14,-6,-7
IMU,110091,-66,32,1074,-11,-9,-3
IMU,110101,-58,45,1083,-6,-11,0
IMU,110111,-55,50,1074,-4,-13,1
IMU,110121,-53,26,1092,0,-12,2
IMU,110130,-60,12,1090,1,-12,4
IMU,110140,-62,3,1097,2,-13,5
IMU,110150,-62,-7,1107,2,-10,7
IMU,110160,-54,-24,1102,0,-4,7
IMU,110169,-51,-54,1083,-3,1,7
IMU,110179,-43,-66,1050,-8,6,9
IMU,110189,-42,-76,1020,-14,8,11
IMU,110199,-28,-51,999,-19,10,15
IMU,110208,-29,-39,984,-14,2,18
IMU,110218,-28,-21,1000,-10,-3,21
IMU,110228,-27,4,1015,-6,-7,24
IMU,110238,-26,22,1026,-5,-8,25
IMU,110248,-21,48,1019,-7,-7,26
IMU,110257,-15,65,1019,-10,-6,25
IMU,110267,-18,86,1010,-10,-4,24
IMU,110277,-22,98,1007,-10,-3,23
IMU,110287,-21,121,1001,-10,-3,22
IMU,110296,-25,133,993,-11,-4,20
IMU,110306,-31,125,1003,-12,-6,17
IMU,110316,-38,125,1015,-11,-6,18
IMU,110326,-52,146,1014,-11,-7,17
IMU,110335,-64,145,1032,-14,-8,17
IMU,110345,-85,144,1057,-15,-9,21
IMU,110355,-86,163,1087,-15,-7,24
IMU,110365,-76,170,1089,-17,-2,25
IMU,110375,-77,173,1077,-21,3,25
IMU,110384,-84,186,1069,-23,6,25
IMU,110394,-87,203,1048,-24,8,26
IMU,110404,-87,223,1037,-23,9,27
IMU,110414,-79,256,1024,-21,8,28
IMU,110423,-66,297,1018,-18,5,26
IMU,110433,-49,328,1023,-16,3,20
IMU,110443,-42,318,1027,-14,2,14
IMU,110453,-64,286,1034,-11,-1,8
IMU,110462,-94,236,1054,-6,-7,7
IMU,110472,-123,191,1081,-2,-12,11
IMU,110483,-139,181,1105,0,-13,18
IMU,110492,-132,200,1117,-1,-12,24
IMU,110502,-112,246,1126,-6,-6,29
IMU,110512,-98,296,1128,-12,0,30
IMU,110521,-84,329,1123,-15,5,28
IMU,110532,-67,353,1104,-16,12,24
IMU,110541,-51,373,1078,-15,17,20
IMU,110550,-39,393,1055,-12,17,16
IMU,110560,-40,377,1052,-8,13,10
IMU,110570,-54,363,1066,-6,11,7
IMU,110580,-83,334,1066,-8,12,3
IMU,110589,-113,290,1072,-12,15,0
IMU,110599,-142,259,1060,-17,20,0
IMU,110609,-154,230,1052,-20,24,2
IMU,110619,-158,196,1041,-20,28,8
IMU,110628,-148,200,1033,-16,28,17
IMU,110638,-119,245,1025,-15,28,22
IMU,110648,-102,279,1015,-19,30,20
IMU,110658,-103,289,992,-25,32,15
IMU,110667,-114,276,968,-29,31,12
IMU,110677,-121,261,954,-30,28,12
IMU,110687,-127,262,944,-27,22,14
IMU,110697,-120,260,950,-24,14,16
IMU,110707,-126,255,968,-19,6,17
IMU,110716,-131,247,1004,-13,0,19
IMU,110726,-135,250,1046,-8,-2,19
IMU,110736,-132,259,1075,-8,0,19
IMU,110746,-124,265,1078,-10,6,16
IMU,110755,-116,272,1068,-15,14,12
IMU,110765,-118,265,1045,-21,19,7
IMU,110775,-130,246,1030,-23,19,5
IMU,110785,-139,232,1030,-21,16,4
IMU,110794,-139,236,1050,-18,13,4
IMU,110804,-135,237,1055,-15,13,2
IMU,110814,-141,226,1044,-16,13,0
IMU,110824,-151,217,1033,-15,11,1
IMU,110833,-154,216,1017,-14,10,4
IMU,110843,-161,219,1012,-12,7,6
IMU,110853,-166,224,1023,-10,2,8
IMU,110863,-165,229,1050,-7,0,10
IMU,110873,-169,237,1071,-6,0,10
IMU,110882,-167,235,1075,-8,4,8
IMU,110892,-177,224,1071,-12,7,7
IMU,110902,-187,209,1052,-14,8,9
IMU,110912,-183,226,1035,-16,8,13
IMU,110921,-170,254,1027,-19,8,15
IMU,110931,-161,276,1022,-19,6,16
IMU,110941,-147,283,1016,-18,4,16
IMU,110951,-154,284,1002,-18,1,14
IMU,110960,-161,281,994,-18,-3,14
IMU,110970,-168,288,1002,-15,-8,16
IMU,110981,-159,304,1019,-9,-11,18
IMU,110990,-148,328,1025,-7,-13,17
IMU,111000,-141,344,1019,-9,-10,14
IMU,111009,-141,336,1007,-14,-8,10
IMU,111019,-141,330,995,-18,-6,8
IMU,111029,-140,322,981,-21,-6,6
IMU,111039,-142,314,973,-21,-8,7
IMU,111048,-132,326,965,-20,-11,8
IMU,111058,-128,344,967,-17,-13,9
IMU,111068,-124,367,978,-15,-15,8
IMU,111078,-120,381,985,-14,-14,5
IMU,111087,-116,380,987,-12,-12,3
IMU,111097,-112,380,969,-12,-8,0
IMU,111107,-103,377,958,-13,-6,-1
IMU,111117,-93,382,948,-15,-4,-2
IMU,111126,-92,393,940,-17,-5,-5
IMU,111136,-84,408,956,-17,-8,-7
IMU,111146,-89,414,966,-15,-9,-11
IMU,111156,-98,404,972,-13,-11,-14
IMU,111166,-107,377,981,-9,-14,-16
IMU,111175,-130,352,988,-5,-18,-17
IMU,111185,-148,344,1018,-1,-22,-15
IMU,111195,-157,358,1056,5,-23,-13
IMU,111205,-153,376,1078,11,-21,-13
IMU,111214,-146,405,1074,11,-15,-16
IMU,111224,-147,416,1061,5,-8,-22
IMU,111234,-154,405,1042,0,-1,-28
IMU,111244,-165,383,1019,-2,3,-31
IMU,111253,-164,369,995,-3,4,-31
IMU,111263,-155,357,982,-1,2,-30
IMU,111273,-148,334,983,1,-2,-28
IMU,111283,-150,319,1001,6,-10,-26
IMU,111292,-159,302,1037,12,-17,-22
IMU,111302,-175,300,1077,19,-21,-19
IMU,111312,-176,311,1103,23,-22,-17
IMU,111322,-167,342,1108,26,-19,-18
IMU,111332,-154,358,1092,22,-15,-24
IMU,111341,-150,330,1073,14,-12,-31
IMU,111351,-155,287,1068,5,-11,-34
IMU,111361,-162,253,1080,-1,-10,-34
IMU,111371,-157,247,1106,-2,-10,-31
IMU,111380,-156,252,1137,1,-10,-30
IMU,111390,-156,270,1158,6,-9,-30
IMU,111400,-151,268,1156,14,-6,-32
IMU,111410,-148,261,1118,22,-4,-35
IMU,111419,-142,240,1092,29,-8,-36
IMU,111429,-126,213,1085,33,-11,-37
IMU,111439,-128,165,1073,31,-13,-37
IMU,111449,-138,139,1094,24,-15,-35
IMU,111458,-130,144,1124,16,-13,-35
IMU,111469,-125,142,1132,8,-4,-38
IMU,111479,-122,124,1109,8,0,-40
IMU,111488,-104,111,1060,14,1,-40
IMU,111499,-86,81,988,24,-4,-40
IMU,111507,-80,41,946,32,-15,-38
IMU,111517,-76,2,950,34,-29,-35
IMU,111528,-90,-18,1011,28,-42,-31
IMU,111537,-91,-26,1077,21,-42,-30
IMU,111546,-97,-35,1120,11,-35,-32
IMU,111557,-110,-79,1132,0,-25,-35
IMU,111566,-139,-130,1125,-4,-18,-34
IMU,111576,-152,-170,1110,-3,-16,-28
IMU,111585,-162,-189,1100,0,-17,-19
IMU,111595,-160,-185,1101,3,-20,-11
IMU,111605,-147,-176,1110,3,-22,-3
IMU,111615,-141,-152,1113,3,-21,2
IMU,111625,-132,-121,1122,0,-19,6
IMU,111634,-124,-99,1119,-1,-16,8
IMU,111644,-123,-81,1103,-3,-12,9
IMU,111654,-125,-67,1092,-6,-11,11
IMU,111664,-124,-43,1097,-9,-10,15
IMU,111673,-116,-4,1105,-11,-6,17
IMU,111683,-111,28,1099,-11,-2,18
IMU,111693,-102,55,1080,-11,2,19
IMU,111703,-98,79,1036,-13,8,18
IMU,111712,-97,92,992,-16,8,18
IMU,111722,-91,109,967,-18,5,20
IMU,111732,-82,140,955,-18,0,22
IMU,111742,-86,158,959,-16,-6,22
IMU,111751,-92,169,972,-11,-12,24
IMU,111761,-97,180,978,-6,-16,26
IMU,111771,-99,188,977,-3,-19,28
IMU,111781,-100,203,981,-4,-21,30
IMU,111791,-106,232,1003,-7,-25,33
IMU,111800,-100,261,1029,-10,-25,35
IMU,111810,-88,295,1043,-13,-19,34
IMU,111820,-76,328,1040,-16,-13,30
IMU,111830,-67,350,1032,-19,-8,26
IMU,111839,-65,362,1018,-21,-4,20
IMU,111849,-75,351,1000,-22,-2,16
IMU,111859,-81,341,988,-21,-4,12
IMU,111869,-86,334,980,-21,-6,9
IMU,111878,-94,306,983,-23,-8,5
IMU,111888,-106,269,996,-22,-11,5
IMU,111898,-119,233,1020,-19,-14,9
IMU,111908,-124,215,1057,-15,-17,15
IMU,111917,-114,234,1091,-10,-17,21
IMU,111927,-111,271,1110,-10,-14,22
IMU,111937,-106,291,1112,-13,-7,18
IMU,111947,-109,280,1101,-18,0,14
IMU,111957,-110,270,1080,-21,4,11
IMU,111966,-100,261,1063,-23,6,10
IMU,111976,-92,258,1046,-24,6,9
IMU,111986,-84,249,1042,-21,3,8
IMU,111996,-89,239,1052,-19,-1,8
IMU,112005,-98,235,1073,-16,-4,8
IMU,112015,-106,235,1089,-14,-3,7
IMU,112025,-119,223,1093,-14,0,6
IMU,112035,-126,216,1087,-14,4,7
IMU,112044,-121,220,1076,-16,7,8
IMU,112054,-118,223,1059,-17,9,9
IMU,112064,-116,222,1045,-17,9,9
IMU,112074,-117,221,1038,-14,7,11
IMU,112083,-115,216,1033,-11,5,13
IMU,112093,-112,220,1030,-7,2,15
IMU,112103,-109,225,1043,-4,0,16
IMU,112113,-110,226,1056,-2,-1,18
IMU,112123,-104,239,1057,-1,-1,19
IMU,112132,-100,250,1056,-3,0,18
IMU,112142,-99,250,1051,-5,0,17
IMU,112152,-97,259,1051,-8,1,16
IMU,112162,-101,264,1052,-10,3,14
IMU,112171,-106,259,1054,-10,5,13
IMU,112181,-102,253,1049,-8,7,12
IMU,112191,-100,250,1034,-8,9,10
IMU,112201,-102,242,1025,-9,7,9
IMU,112210,-99,237,1022,-9,5,9
IMU,112220,-94,238,1018,-9,4,9
IMU,112230,-95,235,1015,-10,2,8
IMU,112240,-100,227,1028,-12,0,7
IMU,112250,-112,227,1046,-12,0,8
IMU,112259,-110,237,1070,-11,0,9
IMU,112269,-114,252,1076,-8,1,8
IMU,112279,-117,249,1080,-6,2,7
IMU,112289,-119,239,1072,-4,4,7
IMU,112298,-119,236,1057,-3,6,7
IMU,112308,-117,232,1043,-5,6,6
IMU,112318,-110,223,1026,-7,6,6
IMU,112328,-115,212,1018,-11,5,5
IMU,112337,-122,209,1016,-14,4,6
IMU,112347,-128,210,1029,-13,1,7
IMU,112357,-134,221,1048,-11,0,9
IMU,112367,-128,232,1057,-8,0,9
IMU,112376,-123,235,1054,-6,0,9
IMU,112386,-117,238,1052,-5,0,9
IMU,112396,-110,233,1057,-4,0,9
IMU,112406,-112,233,1062,-2,0,9
IMU,112416,-112,234,1066,-3,0,9
IMU,112425,-117,224,1070,-4,0,7
IMU,112435,-125,213,1068,-5,2,7
IMU,112445,-122,207,1057,-9,5,6
IMU,112455,-121,202,1033,-14,9,5
IMU,112464,-124,190,1022,-19,10,4
IMU,112474,-128,177,1013,-19,10,5
IMU,112484,-129,179,1005,-17,8,7
IMU,112494,-129,176,1004,-14,4,8
IMU,112503,-131,175,1010,-11,1,9
IMU,112513,-135,173,1023,-7,-1,11
IMU,112523,-132,182,1028,-5,-2,13
IMU,112533,-128,204,1036,-5,-3,15
IMU,112542,-120,215,1036,-6,-1,15
IMU,112552,-113,224,1025,-8,0,14
IMU,112562,-112,216,1012,-12,1,13
IMU,112572,-119,213,1002,-14,0,14
IMU,112582,-117,215,1004,-15,0,14
IMU,112591,-117,220,1007,-16,0,14
IMU,112601,-119,228,1011,-16,-2,14
IMU,112611,-120,231,1019,-16,-2,13
IMU,112621,-125,230,1026,-14,-1,12
IMU,112630,-128,230,1029,-13,0,11
IMU,112640,-124,236,1029,-11,0,10
IMU,112650,-118,235,1020,-10,1,8
IMU,112660,-118,227,1009,-11,0,6
IMU,112669,-121,215,1003,-13,0,5
IMU,112679,-124,201,997,-17,-1,5
IMU,112689,-129,191,1000,-21,-2,4
IMU,112700,-131,186,1013,-23,-2,4
IMU,112709,-135,175,1028,-23,-1,4
IMU,112718,-143,166,1032,-21,-1,5
IMU,112728,-144,166,1041,-19,-3,7
IMU,112738,-134,171,1044,-17,-3,8
IMU,112748,-130,182,1043,-16,-3,8
IMU,112758,-126,181,1046,-17,-4,7
IMU,112767,-123,179,1050,-17,-3,7
IMU,112777,-118,179,1049,-18,-1,8
IMU,112788,-113,198,1050,-21,-1,9
IMU,112796,-107,203,1051,-23,0,8
IMU,112806,-111,205,1052,-24,0,9
IMU,112816,-112,215,1059,-23,0,9
IMU,112826,-116,247,1063,-23,0,8
IMU,112835,-116,251,1068,-23,1,5
IMU,112845,-128,248,1062,-21,3,2
IMU,112855,-132,232,1046,-19,4,1
IMU,112865,-138,215,1028,-20,3,1
IMU,112875,-146,197,1020,-21,1,2
IMU,112884,-149,192,1019,-22,0,5
IMU,112894,-150,202,1032,-23,-4,9
IMU,112904,-146,225,1039,-22,-5,12
IMU,112914,-140,256,1042,-23,-6,12
IMU,112923,-135,286,1039,-23,-6,11
IMU,112933,-123,314,1035,-23,-6,10
IMU,112943,-112,335,1031,-20,-5,8
IMU,112953,-105,355,1021,-15,-6,7
IMU,112962,-93,368,1021,-11,-7,6
IMU,112972,-86,380,1018,-8,-9,4
IMU,112982,-84,393,1016,-6,-10,1
IMU,112992,-83,404,1021,-6,-8,-2
IMU,113001,-83,406,1014,-7,-9,-5
IMU,113011,-85,414,1013,-5,-8,-7
IMU,113021,-87,425,1001,-3,-9,-11
IMU,113031,-87,420,1002,0,-12,-13
IMU,113041,-84,422,1012,5,-14,-16
IMU,113050,-84,423,1023,8,-15,-20
IMU,113060,-93,403,1035,10,-15,-25
IMU,113070,-106,378,1052,9,-13,-28
IMU,113080,-117,353,1063,7,-10,-30
IMU,113089,-121,332,1072,6,-3,-32
IMU,113099,-124,316,1061,4,2,-34
IMU,113109,-132,292,1046,0,6,-36
IMU,113119,-147,268,1042,-2,7,-36
IMU,113128,-156,249,1043,0,6,-34
IMU,113138,-159,245,1034,4,5,-33
IMU,113148,-159,236,1024,5,3,-33
IMU,113158,-152,224,1019,6,0,-33
IMU,113167,-149,206,1018,5,-1,-33
IMU,113177,-152,183,1027,8,-6,-31
IMU,113187,-157,178,1034,15,-13,-27
IMU,113197,-154,175,1040,21,-20,-24
IMU,113207,-160,162,1055,24,-24,-21
IMU,113216,-175,157,1087,25,-28,-18
IMU,113226,-180,158,1131,25,-26,-15
IMU,113236,-178,158,1153,23,-18,-13
IMU,113246,-173,167,1137,18,-9,-13
IMU,113255,-164,176,1126,13,-2,-14
IMU,113265,-158,188,1101,7,2,-17
IMU,113275,-161,181,1087,2,4,-20
IMU,113285,-167,160,1080,0,4,-22
IMU,113294,-169,142,1066,0,4,-20
IMU,113304,-169,132,1039,2,3,-18
IMU,113314,-169,123,1017,5,-2,-14
IMU,113325,-168,126,1014,12,-12,-8
IMU,113333,-159,146,1018,18,-19,-3
IMU,113344,-144,176,1027,21,-25,0
IMU,113353,-138,189,1048,20,-27,-1
IMU,113363,-135,198,1077,16,-25,-2
IMU,113374,-138,209,1098,10,-20,-5
IMU,113382,-137,216,1101,5,-15,-8
IMU,113392,-143,216,1095,2,-10,-10
IMU,113402,-153,211,1091,5,-9,-10
IMU,113412,-147,219,1083,11,-9,-8
IMU,113421,-135,234,1054,16,-8,-6
IMU,113431,-117,236,1019,16,-9,-6
IMU,113441,-100,247,995,12,-13,-4
IMU,113451,-88,259,1005,7,-16,-5
IMU,113460,-88,271,1022,1,-19,-8
IMU,113470,-83,283,1046,-1,-19,-12
IMU,113480,-89,292,1067,-2,-18,-16
IMU,113490,-111,276,1088,1,-18,-20
IMU,113500,-123,262,1100,10,-17,-20
IMU,113509,-128,257,1095,18,-16,-20
IMU,113519,-128,237,1092,20,-15,-20
IMU,113529,-130,214,1087,17,-13,-20
IMU,113539,-130,202,1071,11,-9,-20
IMU,113548,-121,204,1046,3,-5,-20
IMU,113558,-115,213,1010,-3,-4,-21
IMU,113568,-113,220,993,-1,-8,-20
IMU,113578,-109,231,984,6,-14,-18
IMU,113587,-101,235,990,16,-21,-17
IMU,113597,-104,211,1014,24,-27,-18
IMU,113607,-104,186,1034,25,-28,-18
IMU,113617,-101,162,1040,23,-24,-19
IMU,113626,-94,162,1026,18,-18,-19
IMU,113636,-84,169,991,12,-15,-21
IMU,113646,-77,159,960,8,-13,-23
IMU,113656,-74,139,930,6,-15,-24
IMU,113666,-71,103,913,8,-21,-24
IMU,113675,-67,74,913,10,-28,-21
IMU,113685,-64,55,928,9,-34,-19
IMU,113695,-69,32,961,7,-38,-16
IMU,113705,-66,27,995,5,-39,-13
IMU,113714,-59,20,1035,2,-36,-12
IMU,113724,-56,0,1066,-1,-33,-11
IMU,113734,-68,-36,1115,-4,-28,-10
IMU,113744,-83,-59,1144,-10,-23,-10
IMU,113753,-92,-89,1177,-17,-16,-8
IMU,113763,-98,-92,1187,-19,-9,-4
IMU,113773,-106,-76,1179,-20,-3,0
IMU,113783,-106,-57,1162,-20,0,4
IMU,113792,-106,-31,1146,-21,1,8
IMU,113802,-101,1,1134,-20,2,11
IMU,113812,-100,32,1122,-20,2,13
IMU,113822,-103,55,1114,-18,2,15
IMU,113832,-95,86,1099,-15,3,19
IMU,113842,-88,127,1070,-14,5,21
IMU,113851,-93,142,1058,-16,5,21
IMU,113862,-95,157,1054,-17,6,24
IMU,113872,-87,180,1046,-17,7,25
IMU,113880,-78,199,1040,-17,8,26
IMU,113891,-76,234,1030,-21,10,27
IMU,113900,-67,258,1010,-23,12,26
IMU,113910,-71,278,992,-25,10,25
IMU,113919,-77,285,997,-25,4,25
IMU,113929,-85,284,1015,-20,-1,26
IMU,113939,-84,277,1036,-14,-5,26
IMU,113949,-89,277,1047,-10,-7,26
IMU,113958,-87,280,1059,-8,-9,26
IMU,113968,-87,279,1065,-10,-7,24
IMU,113978,-87,279,1063,-16,-5,22
IMU,113988,-90,278,1065,-22,-2,20
IMU,113998,-105,266,1065,-26,0,20
IMU,114007,-114,268,1062,-25,1,21
IMU,114017,-116,271,1063,-22,2,23
IMU,114027,-106,275,1058,-18,3,25
IMU,114037,-91,281,1044,-14,3,25
IMU,114046,-80,286,1040,-13,2,24
IMU,114056,-75,286,1045,-13,1,23
IMU,114066,-83,287,1042,-13,1,21
IMU,114076,-89,284,1033,-11,1,20
IMU,114085,-97,273,1031,-9,0,20
IMU,114095,-105,272,1030,-8,-2,21
IMU,114105,-104,274,1041,-6,-4,22
IMU,114115,-98,280,1052,-8,-3,22
IMU,114125,-95,285,1063,-11,-1,21
IMU,114134,-93,296,1061,-15,0,20
IMU,114144,-96,300,1061,-17,2,18
IMU,114154,-95,295,1055,-17,3,17
IMU,114164,-100,289,1051,-14,2,16
IMU,114173,-95,288,1050,-10,1,16
IMU,114183,-87,286,1056,-6,0,15
IMU,114193,-86,276,1055,-5,0,13
IMU,114203,-85,259,1060,-6,0,11
IMU,114212,-87,251,1057,-8,1,10
IMU,114222,-90,252,1052,-10,2,9
IMU,114232,-100,250,1049,-12,5,8
IMU,114242,-108,254,1043,-13,7,8
SPM,106816,0.00
SPM,109821,0.00
SPM,112828,0.00
SPM,115859,0.00
SPM,118906,0.00
SPM,121948,0.00
GPS,124378,59.416947,17.982039,0.00,18.38,8
GPS,124876,59.416947,17.982039,0.00,18.38,8
GPS,125375,59.416947,17.982039,0.00,18.42,8
GPS,125873,59.416947,17.982039,0.00,18.42,8
GPS,126371,59.416947,17.982038,0.00,18.47,8
GPS,126869,59.416947,17.982038,0.00,18.47,8
GPS,127376,59.416947,17.982036,0.00,18.53,8
GPS,127865,59.416947,17.982036,0.00,18.53,8
GPS,128382,59.416943,17.982040,0.00,18.13,8
GPS,128871,59.416943,17.982040,1.74,18.13,8
GPS,129378,59.416940,17.982045,1.74,17.71,8
GPS,129876,59.416940,17.982045,1.93,17.71,8
GPS,130384,59.416936,17.982052,1.93,17.16,8
GPS,130882,59.416936,17.982052,2.48,17.16,8
GPS,131390,59.416934,17.982059,2.48,16.64,8
GPS,131888,59.416934,17.982059,1.98,16.64,8
GPS,132376,59.416933,17.982066,1.98,16.30,8
GPS,132875,59.416933,17.982066,1.59,16.30,8
GPS,133382,59.416934,17.982064,1.59,16.47,8
GPS,133880,59.416934,17.982064,0.00,16.47,8
GPS,134378,59.416935,17.982062,0.00,16.62,8
GPS,134876,59.416935,17.982062,0.00,16.62,8
GPS,135375,59.416936,17.982059,0.00,16.78,8
GPS,135873,59.416936,17.982059,0.00,16.78,8
GPS,136380,59.416937,17.982057,0.00,16.93,8
IMU,124027,-90,467,957,-3,-8,-2
IMU,124037,-91,454,961,-4,-7,-7
IMU,124046,-97,425,958,-6,-8,-12
IMU,124056,-114,385,966,-8,-10,-13
IMU,124066,-131,354,985,-9,-13,-13
IMU,124076,-145,325,1025,-9,-16,-12
IMU,124085,-156,311,1079,-8,-17,-10
IMU,124095,-163,312,1112,-7,-15,-10
IMU,124105,-167,313,1148,-8,-10,-10
IMU,124115,-164,322,1158,-9,-2,-12
IMU,124125,-161,326,1147,-11,7,-15
IMU,124134,-161,321,1120,-14,14,-18
IMU,124144,-159,310,1077,-18,19,-19
IMU,124154,-157,301,1028,-20,20,-20
IMU,124164,-161,283,992,-20,15,-19
IMU,124173,-173,274,987,-16,6,-16
IMU,124183,-174,288,990,-8,-2,-12
IMU,124193,-170,305,995,0,-10,-10
IMU,124203,-170,313,998,9,-18,-8
IMU,124212,-175,319,1021,16,-24,-6
IMU,124222,-172,326,1042,19,-26,-5
IMU,124232,-166,329,1041,20,-22,-4
IMU,124242,-151,340,1023,15,-16,-5
IMU,124251,-140,345,984,6,-10,-7
IMU,124261,-131,350,955,-5,-6,-8
IMU,124271,-128,352,961,-17,-4,-10
IMU,124281,-127,360,989,-22,-4,-12
IMU,124291,-126,367,1022,-20,-3,-13
IMU,124300,-133,363,1044,-13,-2,-16
IMU,124310,-136,351,1066,-5,-3,-18
IMU,124320,-149,336,1061,1,-3,-20
IMU,124330,-157,304,1035,6,-4,-21
IMU,124340,-165,280,1009,12,-8,-20
IMU,124350,-167,258,996,16,-14,-16
IMU,124359,-165,251,1003,17,-19,-12
IMU,124370,-157,270,1037,12,-23,-10
IMU,124378,-157,291,1088,6,-22,-11
IMU,124388,-164,296,1134,3,-15,-14
IMU,124398,-173,287,1147,1,-4,-18
IMU,124408,-175,271,1135,2,5,-21
IMU,124417,-175,260,1083,2,12,-22
IMU,124427,-164,234,1030,1,15,-23
IMU,124437,-146,228,969,2,13,-21
IMU,124447,-130,225,922,1,3,-19
IMU,124457,-126,231,934,2,-9,-16
IMU,124466,-130,250,978,0,-18,-16
IMU,124476,-135,254,1041,0,-20,-18
IMU,124486,-143,248,1065,0,-16,-20
IMU,124496,-143,243,1052,1,-13,-21
IMU,124505,-141,237,1028,6,-13,-21
IMU,124515,-127,233,991,13,-15,-19
IMU,124525,-124,226,971,16,-21,-18
IMU,124535,-122,215,989,15,-28,-17
IMU,124544,-122,213,1021,12,-30,-16
IMU,124554,-134,208,1049,8,-28,-16
IMU,124564,-141,211,1064,2,-23,-18
IMU,124574,-137,211,1060,-3,-17,-20
IMU,124583,-134,198,1036,-6,-12,-21
IMU,124593,-128,191,1005,-6,-12,-19
IMU,124603,-119,189,988,-1,-18,-15
IMU,124613,-107,193,997,3,-25,-12
IMU,124623,-94,204,1017,6,-29,-10
IMU,124632,-81,210,1029,6,-30,-10
IMU,124642,-73,217,1024,3,-29,-11
IMU,124652,-67,224,1019,-2,-28,-13
IMU,124662,-68,221,1013,-7,-26,-17
IMU,124671,-70,203,1005,-8,-26,-19
IMU,124681,-73,178,995,-5,-27,-19
IMU,124691,-76,143,995,-3,-30,-18
IMU,124701,-76,112,1008,-1,-33,-15
IMU,124710,-78,98,1017,-2,-34,-13
IMU,124720,-80,91,1037,-4,-36,-10
IMU,124730,-83,92,1072,-6,-34,-7
IMU,124740,-87,91,1102,-10,-30,-7
IMU,124750,-88,96,1120,-13,-25,-6
IMU,124759,-91,89,1128,-14,-20,-7
IMU,124769,-96,72,1127,-15,-16,-6
IMU,124779,-95,58,1126,-14,-13,-4
IMU,124789,-88,54,1126,-12,-13,0
IMU,124798,-85,57,1134,-11,-14,2
IMU,124808,-84,70,1145,-10,-14,4
IMU,124818,-95,76,1159,-8,-13,5
IMU,124828,-99,85,1166,-6,-11,8
IMU,124838,-98,101,1164,-4,-7,9
IMU,124847,-91,104,1146,-3,-2,11
IMU,124858,-91,109,1122,-3,2,13
IMU,124868,-89,122,1102,-3,5,15
IMU,124876,-85,131,1077,-4,7,15
IMU,124886,-89,134,1053,-6,8,16
IMU,124896,-89,142,1036,-8,7,19
IMU,124906,-79,167,1017,-9,5,21
IMU,124916,-71,179,1012,-8,3,23
IMU,124925,-67,196,1015,-4,0,25
IMU,124935,-59,210,1019,1,-3,26
IMU,124945,-52,234,1013,5,-7,27
IMU,124955,-53,243,1013,5,-9,25
IMU,124964,-57,247,1013,4,-9,24
IMU,124974,-60,259,1013,0,-7,23
IMU,124984,-63,269,1018,-6,-3,22
IMU,124994,-65,273,1014,-12,0,20
IMU,125003,-63,272,1013,-15,3,19
IMU,125013,-68,260,1008,-15,4,20
IMU,125023,-60,259,1006,-10,1,22
IMU,125033,-52,267,995,-5,-1,24
IMU,125042,-48,272,997,-4,-5,25
IMU,125052,-48,285,1003,-2,-11,25
IMU,125062,-51,301,1026,0,-15,25
IMU,125072,-57,306,1051,0,-15,23
IMU,125082,-63,303,1063,0,-12,21
IMU,125091,-63,301,1059,-1,-8,19
IMU,125101,-67,299,1052,-5,-4,17
IMU,125111,-66,292,1060,-8,0,16
IMU,125121,-64,288,1061,-11,1,15
IMU,125130,-57,282,1064,-11,3,16
IMU,125140,-51,295,1059,-11,4,16
IMU,125150,-47,307,1048,-13,5,14
IMU,125160,-56,310,1034,-15,6,11
IMU,125169,-69,306,1018,-16,6,8
IMU,125179,-93,275,1012,-16,6,7
IMU,125189,-98,267,1012,-13,5,10
IMU,125199,-93,273,1007,-14,4,12
IMU,125208,-88,273,1003,-13,1,14
IMU,125218,-78,295,1017,-12,-1,16
IMU,125228,-70,307,1023,-12,-2,15
IMU,125238,-71,311,1021,-11,-3,14
IMU,125248,-75,302,1025,-10,-4,13
IMU,125257,-80,294,1038,-10,-4,12
IMU,125267,-87,285,1047,-10,-3,13
IMU,125277,-83,296,1053,-10,-1,13
IMU,125287,-84,311,1047,-12,0,12
IMU,125296,-88,320,1040,-12,1,10
IMU,125306,-94,314,1039,-11,1,7
IMU,125316,-105,289,1025,-9,2,6
IMU,125326,-118,271,1022,-9,1,6
IMU,125335,-118,250,1020,-9,0,8
IMU,125345,-115,250,1013,-8,0,12
IMU,125355,-99,276,1004,-9,-1,14
IMU,125365,-91,285,997,-10,-3,14
IMU,125375,-94,284,994,-10,-7,14
IMU,125384,-91,281,1005,-10,-10,14
IMU,125394,-95,281,1021,-7,-11,15
IMU,125404,-96,290,1029,-4,-11,15
IMU,125414,-102,283,1035,-3,-10,14
IMU,125423,-105,278,1026,-3,-7,14
IMU,125433,-104,267,1020,-5,-4,14
IMU,125443,-101,262,1011,-7,-3,14
IMU,125453,-95,265,1019,-10,-3,16
IMU,125462,-82,282,1038,-11,-3,15
IMU,125472,-71,294,1060,-10,-2,14
IMU,125482,-63,313,1069,-9,0,11
IMU,125492,-65,311,1075,-10,2,6
IMU,125501,-74,292,1064,-9,5,2
IMU,125511,-88,267,1059,-7,7,1
IMU,125521,-90,259,1041,-6,8,1
IMU,125531,-87,270,1033,-7,7,1
IMU,125541,-88,281,1037,-7,7,0
IMU,125550,-95,280,1037,-6,10,0
IMU,125560,-101,276,1016,-6,11,-1
IMU,125570,-112,265,1002,-6,11,-2
IMU,125580,-116,251,993,-6,11,-2
IMU,125589,-124,236,988,-6,9,0
IMU,125599,-128,227,994,-6,7,2
IMU,125609,-122,230,1007,-7,5,5
IMU,125619,-118,252,1020,-8,5,7
IMU,125628,-114,278,1035,-9,6,7
IMU,125638,-115,292,1039,-10,8,6
IMU,125648,-116,298,1035,-10,10,5
IMU,125658,-116,295,1028,-10,12,4
IMU,125667,-113,286,1019,-9,13,3
IMU,125677,-114,278,998,-10,13,4
IMU,125687,-107,273,983,-9,9,5
IMU,125697,-103,281,982,-7,4,6
IMU,125707,-94,292,999,-4,0,7
IMU,125716,-91,299,1012,-2,-3,5
IMU,125726,-101,286,1018,-1,-5,3
IMU,125736,-115,271,1026,-2,-8,3
IMU,125746,-129,266,1042,-3,-8,3
IMU,125755,-127,269,1052,-6,-5,3
IMU,125765,-128,267,1054,-9,-1,3
IMU,125775,-118,264,1051,-11,0,4
IMU,125785,-110,264,1042,-13,2,5
IMU,125794,-104,260,1027,-14,4,6
IMU,125804,-99,254,1013,-15,3,6
IMU,125814,-91,246,1002,-15,1,7
IMU,125824,-87,239,1006,-15,-2,9
IMU,125833,-84,244,1024,-13,-5,10
IMU,125843,-79,269,1042,-11,-7,11
IMU,125853,-81,287,1052,-11,-7,9
IMU,125863,-89,287,1054,-12,-4,6
IMU,125873,-100,276,1051,-13,-1,5
IMU,125882,-98,273,1047,-13,1,4
IMU,125892,-99,273,1030,-12,4,4
IMU,125903,-95,265,1009,-11,4,4
IMU,125912,-90,263,1002,-11,3,5
IMU,125922,-89,258,995,-11,1,5
IMU,125932,-90,265,1000,-13,0,6
IMU,125941,-91,277,1010,-14,0,6
IMU,125952,-92,290,1018,-15,0,5
IMU,125960,-94,290,1023,-16,0,4
IMU,125970,-95,288,1014,-16,0,3
IMU,125980,-89,293,1001,-18,0,2
IMU,125990,-92,300,999,-20,-2,1
IMU,126000,-97,301,1003,-23,-2,0
IMU,126009,-98,306,1006,-22,-3,0
IMU,126019,-104,308,992,-20,-3,0
IMU,126029,-104,300,976,-18,-5,1
IMU,126039,-104,305,969,-17,-10,2
IMU,126048,-102,322,979,-14,-16,5
IMU,126058,-96,351,1000,-9,-21,7
IMU,126068,-88,387,1024,-5,-24,7
IMU,126078,-84,407,1038,-4,-23,4
IMU,126087,-85,410,1036,-4,-20,1
IMU,126097,-90,412,1032,-4,-18,0
IMU,126107,-89,429,1024,-7,-15,-3
IMU,126117,-92,429,1017,-11,-12,-6
IMU,126126,-105,431,1018,-10,-11,-7
IMU,126136,-108,430,1011,-7,-10,-9
IMU,126146,-109,424,993,-4,-11,-10
IMU,126156,-111,421,985,-3,-14,-10
IMU,126166,-112,409,992,-1,-17,-10
IMU,126175,-109,410,1006,1,-20,-10
IMU,126185,-114,407,1029,3,-22,-12
IMU,126195,-123,395,1053,4,-21,-14
IMU,126205,-128,388,1073,3,-18,-15
IMU,126214,-140,373,1074,0,-12,-16
IMU,126224,-144,363,1067,-6,-5,-17
IMU,126234,-144,355,1054,-12,0,-16
IMU,126244,-136,351,1044,-14,4,-16
IMU,126253,-131,362,1029,-14,5,-16
IMU,126263,-120,364,1009,-9,3,-16
IMU,126273,-111,356,979,0,-1,-15
IMU,126283,-107,353,951,10,-10,-14
IMU,126292,-106,345,950,18,-24,-12
IMU,126303,-109,336,993,20,-34,-11
IMU,126313,-117,330,1036,19,-37,-10
IMU,126322,-114,331,1065,16,-33,-10
IMU,126332,-123,332,1080,10,-27,-11
IMU,126341,-130,322,1091,4,-19,-13
IMU,126351,-138,317,1079,0,-11,-14
IMU,126361,-135,313,1072,-2,-6,-13
IMU,126371,-134,316,1062,1,-3,-12
IMU,126380,-125,323,1052,5,-2,-11
IMU,126390,-113,321,1018,11,-2,-10
IMU,126400,-105,320,983,15,-5,-9
IMU,126410,-98,331,959,16,-10,-8
IMU,126419,-92,334,959,12,-16,-9
IMU,126429,-96,347,985,4,-18,-12
IMU,126439,-108,345,1027,-2,-17,-16
IMU,126449,-117,324,1068,-5,-13,-18
IMU,126458,-123,309,1087,-3,-8,-19
IMU,126468,-114,296,1073,-2,-4,-19
IMU,126478,-115,282,1055,0,-5,-18
IMU,126488,-107,282,1037,6,-8,-15
IMU,126498,-92,304,1022,10,-11,-14
IMU,126507,-85,301,1013,6,-16,-15
IMU,126517,-92,290,1035,2,-16,-15
IMU,126527,-92,287,1057,-1,-14,-15
IMU,126537,-84,280,1062,-8,-9,-16
IMU,126546,-83,265,1060,-11,-3,-16
IMU,126556,-66,265,1025,-10,-1,-16
IMU,126566,-60,260,992,-7,-6,-17
IMU,126576,-56,260,991,0,-16,-17
IMU,126585,-60,269,1008,9,-28,-16
IMU,126595,-59,277,1025,18,-35,-16
IMU,126605,-72,261,1030,17,-35,-17
IMU,126615,-67,260,1025,7,-32,-19
IMU,126625,-68,239,1037,-9,-26,-22
IMU,126634,-83,206,1048,-23,-18,-23
IMU,126644,-86,206,1065,-34,-13,-22
IMU,126654,-75,217,1068,-39,-6,-22
IMU,126664,-75,226,1078,-38,-4,-24
IMU,126673,-64,228,1072,-26,-5,-24
IMU,126683,-55,231,1047,-15,-10,-26
IMU,126693,-55,205,1032,-8,-16,-28
IMU,126703,-56,173,1001,-3,-22,-26
IMU,126712,-54,175,993,-4,-30,-23
IMU,126722,-46,177,1002,-5,-34,-21
IMU,126732,-41,181,1018,-8,-35,-19
IMU,126742,-31,179,1046,-13,-34,-19
IMU,126752,-24,163,1078,-16,-31,-20
IMU,126761,-23,153,1107,-15,-28,-20
IMU,126772,-21,149,1115,-12,-22,-21
IMU,126781,-15,151,1092,-12,-17,-22
IMU,126791,-16,140,1078,-13,-14,-26
IMU,126801,-20,103,1074,-14,-12,-27
IMU,126810,-18,74,1071,-16,-12,-26
IMU,126820,-13,42,1072,-17,-11,-24
IMU,126830,-25,37,1076,-19,-14,-21
IMU,126839,-33,24,1099,-18,-15,-18
IMU,126849,-42,16,1136,-11,-13,-13
IMU,126859,-49,20,1125,-9,-11,-9
IMU,126869,-45,9,1136,-6,-12,-3
IMU,126878,-36,26,1138,-2,-13,0
IMU,126888,-31,35,1143,0,-13,2
IMU,126898,-35,38,1156,1,-12,4
IMU,126908,-45,42,1175,2,-9,7
IMU,126917,-45,63,1188,1,-2,10
IMU,126927,-40,90,1189,0,9,11
IMU,126937,-39,119,1160,-4,20,10
IMU,126947,-35,132,1114,-6,27,10
IMU,126957,-34,146,1057,-6,29,10
IMU,126966,-31,163,1007,-5,27,11
IMU,126976,-31,177,979,-4,22,13
IMU,126986,-38,185,963,-2,16,14
IMU,126996,-50,187,957,0,9,16
IMU,127005,-55,196,962,4,3,20
IMU,127015,-56,221,968,6,0,22
IMU,127025,-50,233,981,7,-2,24
IMU,127035,-43,245,996,7,-3,25
IMU,127044,-34,259,1012,5,-3,25
IMU,127054,-30,272,1033,2,-2,24
IMU,127064,-33,283,1050,0,0,22
IMU,127074,-43,298,1063,-1,3,19
IMU,127083,-48,297,1059,-3,8,16
IMU,127093,-52,291,1037,-5,12,14
IMU,127103,-54,280,1008,-8,13,12
IMU,127113,-58,267,995,-9,12,12
IMU,127123,-58,260,993,-9,8,13
IMU,127132,-64,258,995,-7,4,14
IMU,127142,-66,249,1009,-5,0,15
IMU,127152,-60,252,1020,-3,-1,17
IMU,127162,-53,259,1024,-2,-3,18
IMU,127171,-50,268,1031,-3,-4,18
IMU,127181,-45,283,1049,-4,-5,18
IMU,127191,-44,291,1061,-4,-5,17
IMU,127201,-46,299,1077,-4,-4,15
IMU,127210,-48,308,1084,-4,-1,13
IMU,127220,-56,295,1082,-5,3,10
IMU,127230,-64,282,1064,-6,7,9
IMU,127240,-66,278,1044,-9,9,9
IMU,127250,-67,277,1035,-9,9,9
IMU,127259,-66,276,1021,-7,8,10
IMU,127269,-68,276,1009,-7,6,10
IMU,127279,-72,275,1001,-6,4,11
IMU,127289,-72,270,995,-6,1,12
IMU,127298,-73,264,995,-7,0,12
IMU,127308,-71,258,1003,-8,-2,14
IMU,127318,-67,263,1009,-7,-3,16
IMU,127328,-62,279,1012,-6,-4,17
IMU,127337,-58,289,1015,-5,-5,16
IMU,127347,-57,292,1028,-5,-6,15
IMU,127357,-57,297,1040,-4,-6,15
IMU,127367,-59,302,1059,-4,-5,13
IMU,127376,-65,296,1063,-6,-1,11
IMU,127386,-68,294,1058,-8,2,10
IMU,127396,-72,297,1039,-10,6,9
IMU,127406,-71,294,1012,-13,9,8
IMU,127416,-71,288,985,-14,8,7
IMU,127425,-73,275,975,-13,5,8
IMU,127435,-73,272,984,-10,0,9
IMU,127445,-74,276,995,-7,-2,10
IMU,127455,-72,276,1003,-6,-3,10
IMU,127464,-68,272,1007,-6,-4,9
IMU,127474,-66,270,1009,-6,-4,9
IMU,127484,-58,274,1008,-6,-4,9
IMU,127494,-62,289,1009,-8,-4,7
IMU,127503,-73,283,1017,-11,-2,5
IMU,127513,-89,269,1005,-14,2,2
IMU,127523,-97,243,993,-17,5,1
IMU,127533,-107,232,980,-18,5,4
IMU,127542,-107,229,979,-19,4,6
IMU,127552,-104,237,978,-19,2,9
IMU,127562,-92,250,976,-18,0,11
IMU,127572,-90,261,976,-17,-1,11
IMU,127582,-90,268,988,-15,-4,11
IMU,127591,-83,280,999,-11,-7,11
IMU,127602,-84,283,997,-7,-9,11
IMU,127611,-86,287,1001,-6,-12,11
IMU,127622,-98,276,1023,-8,-13,9
IMU,127631,-101,263,1037,-10,-11,9
IMU,127640,-96,254,1043,-13,-8,9
IMU,127651,-101,261,1050,-16,-5,9
IMU,127660,-103,271,1059,-18,-2,9
IMU,127669,-107,271,1058,-19,1,8
IMU,127679,-112,266,1049,-19,3,7
IMU,127689,-110,255,1046,-19,3,8
IMU,127699,-102,265,1037,-18,3,9
IMU,127708,-91,281,1021,-16,2,9
IMU,127718,-85,293,1007,-16,0,8
IMU,127728,-84,287,999,-15,-4,8
IMU,127738,-88,279,1008,-11,-9,9
IMU,127748,-90,284,1026,-9,-13,10
IMU,127757,-88,296,1045,-9,-13,11
IMU,127767,-87,309,1046,-12,-10,10
IMU,127777,-91,318,1041,-17,-6,8
IMU,127787,-95,317,1036,-19,-3,6
IMU,127796,-96,327,1029,-19,-1,5
IMU,127806,-94,336,1018,-17,0,3
IMU,127816,-77,330,1009,-14,-2,0
IMU,127826,-102,297,1021,-11,-7,-2
IMU,127835,-116,269,1208,-9,1,-1
IMU,127845,-93,418,1361,0,41,-3
IMU,127855,-70,402,1170,5,52,-11
IMU,127865,-60,265,971,1,31,-8
IMU,127875,-72,294,988,-1,17,-2
IMU,127884,-76,320,1031,6,13,-1
IMU,127894,-104,341,1016,13,8,1
IMU,127904,-80,341,1040,14,0,3
IMU,127914,-105,362,1024,15,5,0
IMU,127923,-102,349,1015,4,10,-4
IMU,127933,-107,284,1008,-1,17,-4
IMU,127943,-130,282,1002,-5,23,-1
IMU,127953,-130,269,1018,-7,27,4
IMU,127962,-123,286,1039,-8,27,9
IMU,127972,-126,309,1058,-7,20,10
IMU,127982,-127,284,1059,-7,8,12
IMU,127992,-104,300,1025,-5,3,17
IMU,128001,-96,320,1008,-4,4,18
IMU,128011,-130,304,1045,-10,7,16
IMU,128021,-120,272,977,2,0,14
IMU,128031,-111,259,1041,16,6,18
IMU,128041,-129,264,1015,23,13,22
IMU,128050,-151,249,1007,23,15,21
IMU,128060,-158,257,1015,22,12,20
IMU,128070,-155,294,1007,19,8,16
IMU,128080,-145,293,1016,13,4,9
IMU,128089,-128,302,1032,7,5,5
IMU,128099,-126,303,1029,4,5,3
IMU,128109,-135,322,1021,3,3,2
IMU,128119,-132,291,1003,0,-10,6
IMU,128128,-120,308,1033,4,-18,12
IMU,128138,-124,329,1023,6,-17,16
IMU,128148,-136,315,993,6,-18,22
IMU,128158,-118,350,999,0,-13,28
IMU,128167,-92,362,1012,-8,-5,28
IMU,128177,-97,365,1014,-9,-3,26
IMU,128187,-101,374,1009,-5,-4,21
IMU,128197,-100,368,1013,-1,-5,18
IMU,128207,-99,335,1024,2,-6,17
IMU,128216,-119,290,1027,8,-9,17
IMU,128226,-121,286,1033,13,-10,20
IMU,128236,-120,280,1021,15,-11,20
IMU,128246,-121,276,1024,16,-13,22
IMU,128255,-124,248,1019,19,-17,28
IMU,128265,-95,239,1017,21,-21,37
IMU,128275,-60,290,1011,20,-26,43
IMU,128285,-46,315,1025,21,-30,41
IMU,128294,-49,306,1037,17,-26,40
IMU,128304,-56,292,1049,9,-16,37
IMU,128315,-54,282,1045,0,-4,33
IMU,128324,-62,272,1043,-5,0,30
IMU,128334,-61,260,1041,-6,1,27
IMU,128343,-62,247,1045,-6,0,25
IMU,128353,-60,240,1053,-7,0,22
IMU,128364,-70,237,1049,-8,2,21
IMU,128373,-72,250,1045,-6,0,17
IMU,128382,-71,257,1043,-6,-3,9
IMU,128392,-74,255,1041,-5,-5,3
IMU,128402,-83,303,1025,-5,-5,2
IMU,128412,-80,318,1016,-5,-6,2
IMU,128421,-83,321,1016,-5,-5,1
IMU,128431,-84,319,1017,-5,-6,1
IMU,128441,-84,321,1017,-5,-6,1
IMU,128451,-82,326,1018,-6,-5,1
IMU,128460,-81,323,1016,-6,-4,0
IMU,128470,-83,322,1014,-7,-4,0
IMU,128480,-82,321,1018,-8,-3,0
IMU,128490,-87,317,1017,-6,-4,0
IMU,128500,-82,318,1016,-6,-4,0
IMU,128509,-82,320,1016,-6,-4,0
IMU,128519,-83,320,1014,-6,-4,0
IMU,128529,-82,321,1015,-6,-4,0
IMU,128539,-83,322,1016,-6,-4,0
IMU,128548,-85,322,1012,-6,-4,0
IMU,128558,-85,322,1015,-6,-4,0
IMU,128568,-85,319,1015,-6,-4,0
IMU,128578,-85,320,1020,-6,-4,0
IMU,128587,-84,323,1017,-6,-4,0
IMU,128597,-84,322,1018,-6,-4,0
IMU,128607,-84,322,1020,-6,-4,0
IMU,128617,-84,322,1018,-6,-4,0
IMU,128626,-84,323,1017,-6,-4,0
IMU,128636,-83,320,1014,-6,-4,0
IMU,128646,-81,320,1014,-6,-4,0
IMU,128656,-81,320,1017,-6,-4,0
IMU,128666,-82,321,1016,-6,-4,0
IMU,128675,-80,321,1018,-6,-4,0
IMU,128685,-81,319,1016,-6,-4,0
IMU,128695,-83,318,1017,-6,-4,0
IMU,128705,-82,319,1016,-6,-4,0
IMU,128714,-83,319,1016,-6,-4,0
IMU,128724,-84,320,1018,-6,-4,0
IMU,128734,-81,320,1020,-6,-4,0
IMU,128744,-83,322,1018,-6,-4,0
IMU,128753,-84,321,1017,-6,-4,0
IMU,128763,-82,321,1017,-6,-4,0
IMU,128773,-82,321,1015,-6,-4,0
IMU,128783,-84,321,1017,-6,-4,0
IMU,128792,-84,320,1018,-6,-4,0
IMU,128802,-83,319,1019,-6,-4,0
IMU,128812,-83,319,1018,-6,-4,0
IMU,128822,-82,319,1018,-6,-4,0
IMU,128833,-82,321,1018,-6,-4,0
IMU,128841,-81,321,1017,-6,-4,0
IMU,128852,-81,321,1016,-6,-4,0
IMU,128862,-83,322,1016,-6,-4,0
IMU,128871,-83,321,1014,-6,-4,0
IMU,128881,-82,320,1018,-6,-4,0
IMU,128890,-84,320,1016,-6,-4,0
IMU,128900,-83,322,1018,-6,-4,0
IMU,128910,-83,322,1017,-6,-4,0
IMU,128919,-84,320,1017,-6,-4,0
IMU,128929,-83,322,1018,-6,-4,0
IMU,128939,-82,322,1016,-6,-4,0
IMU,128949,-82,322,1018,-6,-4,0
IMU,128958,-83,321,1017,-6,-4,0
IMU,128968,-82,321,1016,-6,-4,0
IMU,128978,-81,320,1017,-6,-4,0
IMU,128988,-82,319,1014,-6,-4,0
IMU,128998,-81,321,1016,-6,-4,0
IMU,129007,-83,322,1016,-6,-4,0
IMU,129017,-83,321,1018,-6,-4,0
IMU,129027,-83,322,1018,-6,-4,0
IMU,129037,-83,318,1017,-6,-4,0
IMU,129046,-81,317,1017,-6,-4,0
IMU,129056,-85,321,1020,-6,-4,0
IMU,129066,-84,321,1016,-6,-4,0
IMU,129076,-84,322,1015,-6,-4,0
IMU,129085,-82,323,1017,-6,-4,0
IMU,129095,-85,322,1016,-6,-4,0
IMU,129105,-84,324,1017,-6,-4,0
IMU,129115,-83,324,1017,-6,-4,0
IMU,129125,-84,322,1017,-6,-4,0
IMU,129134,-82,320,1016,-6,-4,0
IMU,129144,-80,319,1019,-6,-4,0
IMU,129154,-80,318,1016,-6,-4,0
IMU,129164,-79,318,1016,-6,-4,0
IMU,129173,-79,318,1019,-6,-4,0
IMU,129183,-80,319,1016,-6,-4,0
IMU,129193,-81,322,1018,-6,-4,0
IMU,129203,-83,322,1019,-6,-4,0
IMU,129212,-83,322,1017,-6,-4,0
IMU,129222,-84,323,1016,-6,-4,0
IMU,129232,-83,321,1018,-6,-4,0
IMU,129242,-85,319,1018,-6,-4,0
IMU,129251,-84,320,1017,-6,-4,0
IMU,129261,-84,321,1015,-6,-4,0
IMU,129271,-85,320,1015,-6,-4,0
IMU,129281,-83,320,1016,-6,-4,0
IMU,129291,-81,320,1017,-6,-4,0
IMU,129300,-81,320,1017,-6,-4,0
IMU,129310,-82,321,1016,-6,-4,0
IMU,129320,-83,321,1015,-6,-4,0
IMU,129330,-83,321,1015,-6,-4,0
IMU,129339,-85,319,1017,-6,-4,0
IMU,129349,-83,320,1018,-6,-4,0
IMU,129359,-83,320,1017,-6,-4,0
IMU,129369,-82,320,1018,-6,-4,0
IMU,129378,-83,321,1017,-6,-4,0
IMU,129388,-84,322,1018,-6,-4,0
IMU,129398,-83,321,1016,-6,-4,0
IMU,129408,-83,321,1018,-6,-4,0
IMU,129417,-83,321,1018,-6,-4,0
IMU,129427,-84,322,1017,-6,-4,0
IMU,129437,-83,319,1017,-6,-4,0
IMU,129447,-82,319,1017,-6,-4,0
IMU,129457,-83,323,1017,-6,-4,0
IMU,129466,-84,322,1018,-6,-4,0
IMU,129476,-84,321,1018,-6,-4,0
IMU,129486,-83,322,1019,-6,-4,0
IMU,129496,-82,322,1018,-6,-4,0
IMU,129505,-82,319,1017,-6,-4,0
IMU,129515,-80,321,1017,-6,-4,0
IMU,129525,-82,321,1016,-6,-4,0
IMU,129535,-81,321,1019,-6,-4,0
IMU,129544,-83,321,1019,-6,-4,0
IMU,129554,-82,321,1018,-6,-4,0
IMU,129564,-83,322,1018,-6,-4,0
IMU,129575,-83,321,1014,-6,-4,0
IMU,129583,-82,322,1016,-6,-4,0
IMU,129593,-85,320,1016,-6,-4,0
IMU,129604,-84,322,1016,-6,-4,0
IMU,129613,-84,321,1019,-6,-4,0
IMU,129624,-81,320,1018,-6,-4,0
IMU,129633,-82,320,1017,-6,-4,0
IMU,129642,-79,319,1017,-6,-4,0
IMU,129652,-78,320,1017,-6,-4,0
IMU,129662,-79,319,1018,-6,-4,0
IMU,129671,-79,318,1017,-6,-4,0
IMU,129681,-81,320,1018,-6,-4,0
IMU,129691,-82,320,1018,-6,-4,0
IMU,129701,-81,322,1017,-6,-4,0
IMU,129710,-83,321,1015,-6,-4,0
IMU,129720,-82,320,1016,-6,-4,0
IMU,129730,-85,321,1020,-6,-4,0
IMU,129740,-86,317,1018,-6,-4,0
IMU,129750,-85,319,1017,-6,-4,0
IMU,129759,-86,321,1017,-6,-4,0
IMU,129769,-84,322,1015,-6,-4,0
IMU,129779,-81,322,1014,-6,-4,0
IMU,129789,-82,324,1016,-6,-4,0
IMU,129798,-80,322,1020,-6,-4,0
IMU,129808,-80,322,1019,-6,-4,0
IMU,129818,-80,320,1020,-6,-4,0
IMU,129828,-82,320,1020,-6,-4,0
IMU,129837,-83,321,1020,-6,-4,0
IMU,129847,-83,320,1020,-6,-4,0
IMU,129857,-85,320,1017,-6,-4,0
IMU,129867,-87,321,1016,-6,-4,0
IMU,129876,-84,320,1018,-6,-4,0
IMU,129886,-82,320,1017,-6,-4,0
IMU,129896,-83,322,1018,-6,-4,0
IMU,129906,-82,322,1017,-6,-4,0
IMU,129916,-81,321,1018,-6,-4,0
IMU,129925,-81,321,1016,-6,-4,0
IMU,129935,-82,320,1016,-6,-4,0
IMU,129945,-83,320,1017,-6,-4,0
IMU,129955,-83,320,1017,-6,-4,0
IMU,129964,-84,322,1017,-6,-4,0
IMU,129974,-84,321,1018,-6,-4,0
IMU,129984,-83,321,1017,-6,-4,0
IMU,129994,-84,319,1015,-6,-4,0
IMU,130003,-83,320,1018,-6,-4,0
IMU,130013,-82,319,1017,-6,-4,0
IMU,130023,-79,320,1016,-6,-4,0
IMU,130033,-80,321,1016,-6,-4,0
IMU,130042,-81,322,1017,-6,-4,0
IMU,130052,-82,321,1018,-6,-4,0
IMU,130062,-83,323,1018,-6,-4,0
IMU,130072,-84,321,1015,-6,-4,0
IMU,130082,-84,322,1015,-6,-4,0
IMU,130091,-82,322,1016,-6,-4,0
IMU,130101,-82,321,1017,-6,-4,0
IMU,130111,-82,322,1018,-6,-4,0
IMU,130121,-80,320,1018,-6,-4,0
IMU,130130,-81,322,1018,-6,-4,0
IMU,130140,-80,322,1016,-6,-4,0
IMU,130150,-78,321,1016,-6,-4,0
IMU,130160,-81,322,1021,-6,-4,0
IMU,130169,-81,320,1019,-6,-4,0
IMU,130179,-81,321,1017,-6,-4,0
IMU,130189,-80,318,1015,-6,-4,0
IMU,130199,-82,322,1017,-6,-4,0
IMU,130208,-82,324,1018,-6,-4,0
IMU,130218,-83,323,1019,-6,-4,0
IMU,130228,-84,321,1017,-6,-4,0
IMU,130238,-84,321,1016,-6,-4,0
IMU,130248,-84,320,1015,-6,-4,0
IMU,130257,-85,320,1020,-6,-4,0
IMU,130267,-83,320,1018,-6,-4,0
IMU,130277,-82,321,1015,-6,-4,0
IMU,130287,-82,322,1016,-6,-4,0
IMU,130296,-82,320,1018,-6,-4,0
IMU,130306,-81,321,1016,-6,-4,0
IMU,130316,-83,321,1016,-6,-4,0
IMU,130326,-83,321,1017,-6,-4,0
IMU,130335,-81,321,1018,-6,-4,0
IMU,130345,-82,319,1017,-6,-4,0
IMU,130355,-84,320,1019,-6,-4,0
IMU,130365,-84,322,1015,-6,-4,0
IMU,130375,-82,322,1018,-6,-4,0
IMU,130384,-80,322,1018,-6,-4,0
IMU,130394,-80,322,1018,-6,-4,0
IMU,130404,-82,321,1018,-6,-4,0
IMU,130414,-83,323,1018,-6,-4,0
IMU,130423,-82,325,1014,-6,-4,0
IMU,130433,-82,325,1017,-6,-4,0
IMU,130443,-84,323,1016,-6,-4,0
IMU,130453,-84,319,1017,-6,-4,0
IMU,130462,-83,318,1016,-6,-4,0
IMU,130472,-85,318,1021,-6,-4,0
IMU,130483,-84,318,1021,-6,-4,0
IMU,130492,-82,320,1017,-6,-4,0
IMU,130502,-80,319,1018,-6,-4,0
IMU,130512,-78,321,1016,-6,-4,0
IMU,130521,-77,320,1015,-6,-4,0
IMU,130532,-79,321,1017,-6,-4,0
IMU,130541,-80,322,1017,-6,-4,0
IMU,130550,-81,326,1015,-6,-4,0
IMU,130560,-82,323,1015,-6,-4,0
IMU,130570,-83,322,1016,-6,-4,0
IMU,130580,-84,320,1018,-6,-4,0
IMU,130589,-86,319,1018,-6,-4,0
IMU,130599,-82,319,1013,-6,-4,0
IMU,130609,-81,319,1014,-6,-4,0
IMU,130619,-78,321,1015,-6,-4,0
IMU,130628,-78,320,1015,-6,-4,0
IMU,130638,-77,322,1018,-6,-4,0
IMU,130648,-79,319,1018,-6,-4,0
IMU,130658,-81,321,1016,-6,-4,0
IMU,130667,-83,322,1017,-6,-4,0
IMU,130677,-82,320,1017,-6,-4,0
IMU,130687,-83,318,1017,-6,-4,0
IMU,130697,-83,320,1019,-6,-4,0
IMU,130707,-84,321,1019,-6,-4,0
IMU,130716,-83,323,1017,-6,-4,0
IMU,130726,-82,323,1016,-6,-4,0
IMU,130736,-82,322,1017,-6,-4,0
IMU,130746,-85,322,1018,-6,-4,0
IMU,130755,-83,321,1018,-6,-4,0
IMU,130765,-84,322,1016,-6,-4,0
IMU,130775,-83,321,1015,-6,-4,0
IMU,130785,-82,321,1016,-6,-4,0
IMU,130794,-84,321,1018,-6,-4,0
IMU,130804,-83,322,1017,-6,-4,0
IMU,130814,-84,323,1017,-6,-4,0
IMU,130824,-84,323,1013,-6,-4,0
IMU,130833,-83,323,1014,-6,-4,0
IMU,130843,-80,323,1016,-6,-4,0
IMU,130853,-79,324,1018,-6,-4,0
IMU,130863,-78,322,1017,-6,-4,0
IMU,130873,-75,322,1017,-6,-4,0
IMU,130882,-77,321,1019,-6,-4,0
IMU,130892,-77,315,1022,-6,-4,0
IMU,130902,-79,314,1020,-6,-4,0
IMU,130912,-83,312,1019,-6,-4,0
IMU,130921,-82,313,1021,-6,-4,0
IMU,130931,-84,317,1021,-6,-4,0
IMU,130941,-84,318,1018,-6,-4,0
IMU,130951,-85,320,1017,-6,-4,0
IMU,130960,-84,318,1018,-6,-4,0
IMU,130970,-83,318,1019,-6,-4,0
IMU,130980,-81,320,1018,-6,-4,0
IMU,130990,-80,321,1019,-6,-4,0
IMU,131000,-79,322,1018,-6,-4,0
IMU,131009,-78,323,1014,-6,-4,0
IMU,131019,-79,324,1015,-6,-4,0
IMU,131029,-83,322,1016,-6,-4,0
IMU,131039,-84,324,1016,-6,-4,0
IMU,131048,-85,323,1016,-6,-4,0
IMU,131058,-85,321,1018,-6,-4,0
IMU,131068,-85,322,1019,-6,-4,0
IMU,131078,-83,321,1018,-6,-4,0
IMU,131087,-80,322,1018,-6,-4,0
IMU,131097,-79,321,1017,-6,-4,0
IMU,131107,-79,322,1017,-6,-4,0
IMU,131117,-81,322,1017,-6,-4,0
IMU,131126,-80,322,1017,-6,-4,0
IMU,131136,-81,319,1015,-6,-4,0
IMU,131146,-81,321,1016,-6,-4,0
IMU,131156,-82,323,1014,-6,-4,0
IMU,131166,-84,323,1016,-6,-4,0
IMU,131175,-83,322,1016,-6,-4,0
IMU,131185,-82,322,1018,-6,-4,0
IMU,131195,-84,322,1018,-6,-4,0
IMU,131205,-82,320,1021,-6,-4,0
IMU,131214,-81,320,1019,-6,-4,0
IMU,131224,-80,318,1018,-6,-4,0
IMU,131234,-78,321,1017,-6,-4,0
IMU,131244,-78,318,1016,-6,-4,0
IMU,131253,-81,318,1017,-6,-4,0
IMU,131263,-82,317,1018,-6,-4,0
IMU,131273,-81,318,1018,-6,-4,0
IMU,131283,-83,316,1018,-6,-4,0
IMU,131292,-83,320,1018,-6,-4,0
IMU,131302,-81,322,1016,-6,-4,0
IMU,131312,-82,322,1015,-6,-4,0
IMU,131322,-82,321,1017,-6,-4,0
IMU,131332,-80,321,1017,-6,-4,0
IMU,131341,-82,317,1018,-6,-4,0
IMU,131351,-82,319,1020,-6,-4,0
IMU,131361,-81,320,1019,-6,-4,0
IMU,131371,-80,317,1018,-6,-4,0
IMU,131380,-81,319,1018,-6,-4,0
IMU,131390,-82,321,1019,-6,-4,0
IMU,131400,-82,320,1015,-6,-4,0
IMU,131410,-82,321,1016,-6,-4,0
IMU,131419,-81,320,1018,-6,-4,0
IMU,131429,-81,320,1018,-6,-4,0
IMU,131439,-82,320,1017,-6,-4,0
IMU,131449,-80,322,1017,-6,-4,0
IMU,131458,-80,321,1017,-6,-4,0
IMU,131468,-81,323,1016,-6,-4,0
IMU,131478,-81,322,1016,-6,-4,0
IMU,131488,-80,322,1018,-6,-4,0
IMU,131498,-82,320,1019,-6,-4,0
IMU,131507,-83,322,1017,-6,-4,0
IMU,131517,-84,320,1016,-6,-4,0
IMU,131527,-80,320,1016,-6,-4,0
IMU,131537,-80,321,1017,-6,-4,0
IMU,131546,-80,321,1018,-6,-4,0
IMU,131556,-83,322,1017,-6,-4,0
IMU,131566,-81,321,1019,-6,-4,0
IMU,131576,-81,322,1018,-6,-4,0
IMU,131585,-80,322,1018,-6,-4,0
IMU,131595,-81,324,1017,-6,-4,0
IMU,131605,-81,322,1017,-6,-4,0
IMU,131615,-81,323,1017,-6,-4,0
IMU,131625,-82,323,1016,-6,-4,0
IMU,131634,-80,321,1016,-6,-4,0
IMU,131644,-81,321,1016,-6,-4,0
IMU,131654,-79,320,1017,-6,-4,0
IMU,131664,-80,321,1015,-6,-4,0
IMU,131673,-81,321,1015,-6,-4,0
IMU,131683,-82,319,1016,-6,-4,0
IMU,131694,-82,320,1016,-6,-4,0
IMU,131703,-81,319,1016,-6,-4,0
IMU,131713,-81,318,1017,-6,-4,0
IMU,131722,-81,316,1016,-6,-4,0
IMU,131732,-81,319,1018,-6,-4,0
IMU,131743,-82,320,1017,-6,-4,0
IMU,131751,-81,321,1018,-6,-4,0
IMU,131762,-80,321,1019,-6,-4,0
IMU,131772,-81,321,1018,-6,-4,0
IMU,131781,-80,321,1015,-6,-4,0
IMU,131791,-83,321,1018,-6,-4,0
IMU,131800,-82,322,1015,-6,-4,0
IMU,131810,-82,320,1019,-6,-4,0
IMU,131820,-83,322,1016,-6,-4,0
IMU,131830,-83,320,1018,-6,-4,0
IMU,131839,-83,319,1018,-6,-4,0
IMU,131849,-84,319,1017,-6,-4,0
IMU,131859,-81,319,1020,-6,-4,0
IMU,131869,-81,320,1019,-6,-4,0
IMU,131878,-80,320,1016,-6,-4,0
IMU,131888,-82,321,1019,-6,-4,0
IMU,131898,-80,321,1017,-6,-4,0
IMU,131908,-81,322,1018,-6,-4,0
IMU,131917,-81,322,1017,-6,-4,0
IMU,131927,-83,323,1016,-6,-4,0
IMU,131937,-82,321,1016,-6,-4,0
IMU,131947,-84,321,1019,-6,-4,0
IMU,131957,-82,321,1019,-6,-4,0
IMU,131966,-81,321,1019,-6,-4,0
IMU,131976,-81,321,1016,-6,-4,0
IMU,131986,-80,320,1015,-6,-4,0
IMU,131996,-80,322,1017,-6,-4,0
IMU,132005,-81,320,1015,-6,-4,0
IMU,132015,-83,321,1017,-6,-4,0
IMU,132025,-82,320,1017,-6,-4,0
IMU,132035,-83,320,1018,-6,-4,0
IMU,132044,-81,321,1020,-6,-4,0
IMU,132054,-81,321,1019,-6,-4,0
IMU,132064,-80,320,1021,-6,-4,0
IMU,132074,-81,321,1017,-6,-4,0
IMU,132083,-83,322,1017,-6,-4,0
IMU,132093,-82,322,1017,-6,-4,0
IMU,132103,-83,320,1017,-6,-4,0
IMU,132113,-82,320,1015,-6,-4,0
IMU,132123,-84,320,1017,-6,-4,0
IMU,132132,-82,319,1016,-6,-4,0
IMU,132142,-80,321,1018,-6,-4,0
IMU,132152,-80,321,1017,-6,-4,0
IMU,132162,-81,321,1018,-6,-4,0
IMU,132171,-82,321,1017,-6,-4,0
IMU,132181,-82,319,1017,-6,-4,0
IMU,132191,-82,322,1015,-6,-4,0
IMU,132201,-83,322,1014,-6,-4,0
IMU,132210,-81,322,1016,-6,-4,0
IMU,132220,-82,319,1018,-6,-4,0
IMU,132230,-83,320,1017,-6,-4,0
IMU,132240,-81,321,1018,-6,-4,0
IMU,132250,-80,321,1019,-6,-4,0
IMU,132259,-81,319,1019,-6,-4,0
IMU,132269,-82,320,1018,-6,-4,0
IMU,132279,-83,322,1019,-6,-4,0
IMU,132289,-81,321,1017,-6,-4,0
IMU,132298,-80,321,1017,-6,-4,0
IMU,132308,-82,323,1017,-6,-4,0
IMU,132318,-80,322,1016,-6,-4,0
IMU,132328,-81,322,1017,-6,-4,0
IMU,132337,-81,322,1018,-6,-4,0
IMU,132347,-79,322,1019,-6,-4,0
IMU,132357,-81,321,1017,-6,-4,0
IMU,132367,-79,321,1016,-6,-4,0
IMU,132376,-81,321,1017,-6,-4,0
IMU,132386,-82,322,1018,-6,-4,0
IMU,132396,-82,321,1019,-6,-4,0
IMU,132406,-80,322,1016,-6,-4,0
IMU,132416,-81,320,1018,-6,-4,0
IMU,132425,-82,321,1015,-6,-4,0
IMU,132435,-80,320,1016,-6,-4,0
IMU,132445,-79,321,1017,-6,-4,0
IMU,132455,-80,321,1016,-6,-4,0
IMU,132464,-82,320,1018,-6,-4,0
IMU,132474,-82,322,1017,-6,-4,0
IMU,132484,-82,321,1019,-6,-4,0
IMU,132494,-83,321,1017,-6,-4,0
IMU,132503,-81,321,1016,-6,-4,0
IMU,132513,-83,321,1016,-6,-4,0
IMU,132523,-83,320,1016,-6,-4,0
IMU,132533,-81,322,1018,-6,-4,0
IMU,132542,-81,322,1019,-6,-4,0
IMU,132552,-82,321,1019,-6,-4,0
IMU,132562,-82,321,1017,-6,-4,0
IMU,132572,-82,322,1018,-6,-4,0
IMU,132582,-82,322,1019,-6,-4,0
IMU,132591,-82,321,1020,-6,-4,0
IMU,132602,-80,321,1020,-6,-4,0
IMU,132611,-81,323,1018,-6,-4,0
IMU,132621,-81,321,1018,-6,-4,0
IMU,132630,-80,321,1017,-6,-4,0
IMU,132640,-81,319,1017,-6,-4,0
IMU,132651,-80,319,1019,-6,-4,0
IMU,132661,-82,320,1015,-6,-4,0
IMU,132669,-82,322,1018,-6,-4,0
IMU,132679,-81,321,1018,-6,-4,0
IMU,132689,-80,321,1015,-6,-4,0
IMU,132699,-81,321,1016,-6,-4,0
IMU,132708,-83,320,1017,-6,-4,0
IMU,132718,-83,321,1018,-6,-4,0
IMU,132728,-82,320,1017,-6,-4,0
IMU,132738,-81,321,1019,-6,-4,0
IMU,132748,-82,320,1018,-6,-4,0
IMU,132757,-83,321,1018,-6,-4,0
IMU,132767,-82,321,1019,-6,-4,0
IMU,132777,-82,321,1018,-6,-4,0
IMU,132787,-81,321,1018,-6,-4,0
IMU,132796,-81,320,1018,-6,-4,0
IMU,132806,-81,320,1019,-6,-4,0
IMU,132816,-82,321,1016,-6,-4,0
IMU,132826,-83,322,1020,-6,-4,0
IMU,132835,-83,321,1019,-6,-4,0
IMU,132845,-83,320,1018,-6,-4,0
IMU,132855,-82,321,1018,-6,-4,0
IMU,132865,-81,320,1018,-6,-4,0
IMU,132875,-81,321,1017,-6,-4,0
IMU,132884,-79,321,1019,-6,-4,0
IMU,132894,-80,322,1020,-6,-4,0
IMU,132904,-80,320,1016,-6,-4,0
IMU,132914,-80,322,1018,-6,-4,0
IMU,132923,-81,321,1018,-6,-4,0
IMU,132933,-82,319,1020,-6,-4,0
IMU,132943,-82,323,1018,-6,-4,0
IMU,132953,-81,322,1016,-6,-4,0
IMU,132962,-81,323,1016,-6,-4,0
IMU,132972,-81,323,1018,-6,-4,0
IMU,132982,-80,321,1019,-6,-4,0
IMU,132992,-81,322,1019,-6,-4,0
IMU,133001,-78,321,1016,-6,-4,0
IMU,133011,-82,321,1016,-6,-4,0
IMU,133021,-81,319,1016,-6,-4,0
IMU,133031,-80,321,1012,-6,-4,0
IMU,133041,-81,321,1015,-6,-4,0
IMU,133050,-82,320,1016,-6,-4,0
IMU,133060,-80,319,1017,-6,-4,0
IMU,133070,-82,320,1017,-6,-4,0
IMU,133080,-81,319,1018,-6,-4,0
IMU,133089,-82,320,1018,-6,-4,0
IMU,133099,-82,322,1019,-6,-4,0
IMU,133109,-82,323,1019,-6,-4,0
IMU,133119,-80,322,1017,-6,-4,0
IMU,133128,-81,321,1017,-6,-4,0
IMU,133138,-81,322,1019,-6,-4,0
IMU,133148,-81,322,1018,-6,-4,0
IMU,133158,-80,322,1019,-6,-4,0
IMU,133167,-81,322,1016,-6,-4,0
IMU,133177,-81,322,1015,-6,-4,0
IMU,133187,-83,321,1017,-6,-4,0
IMU,133197,-83,322,1018,-6,-4,0
IMU,133207,-80,321,1018,-6,-4,0
IMU,133216,-80,322,1018,-6,-4,0
IMU,133226,-80,321,1016,-6,-4,0
IMU,133236,-79,322,1015,-6,-4,0
IMU,133246,-81,322,1016,-6,-4,0
IMU,133255,-79,321,1016,-6,-4,0
IMU,133265,-80,320,1017,-6,-4,0
IMU,133275,-81,322,1019,-6,-4,0
IMU,133285,-84,321,1018,-6,-4,0
IMU,133294,-81,320,1016,-6,-4,0
IMU,133304,-82,321,1019,-6,-4,0
IMU,133314,-81,321,1017,-6,-4,0
IMU,133324,-80,321,1018,-6,-4,0
IMU,133333,-80,321,1021,-6,-4,0
IMU,133343,-81,322,1018,-6,-4,0
IMU,133353,-81,320,1018,-6,-4,0
IMU,133363,-79,321,1014,-6,-4,0
IMU,133373,-82,321,1015,-6,-4,0
IMU,133382,-81,320,1018,-6,-4,0
IMU,133392,-82,319,1016,-6,-4,0
IMU,133402,-83,320,1018,-6,-4,0
IMU,133412,-83,319,1018,-6,-4,0
IMU,133421,-81,321,1020,-6,-4,0
IMU,133431,-82,320,1018,-6,-4,0
IMU,133441,-81,321,1017,-6,-4,0
IMU,133451,-81,321,1019,-6,-4,0
IMU,133460,-82,322,1018,-6,-4,0
IMU,133470,-82,321,1016,-6,-4,0
IMU,133480,-81,321,1020,-6,-4,0
IMU,133490,-82,320,1017,-6,-4,0
IMU,133500,-81,318,1018,-6,-4,0
IMU,133509,-81,321,1017,-6,-4,0
IMU,133519,-80,322,1016,-6,-4,0
IMU,133529,-81,321,1017,-6,-4,0
IMU,133539,-82,322,1016,-6,-4,0
IMU,133548,-79,323,1016,-6,-4,0
IMU,133558,-82,321,1016,-6,-4,0
IMU,133568,-82,319,1019,-6,-4,0
IMU,133578,-81,322,1019,-6,-4,0
IMU,133588,-82,322,1017,-6,-4,0
IMU,133597,-80,320,1018,-6,-4,0
IMU,133608,-79,319,1019,-6,-4,0
IMU,133618,-79,321,1018,-6,-4,0
IMU,133626,-82,321,1017,-6,-4,0
IMU,133636,-80,321,1017,-6,-4,0
IMU,133646,-82,321,1017,-6,-4,0
IMU,133656,-82,321,1020,-6,-4,0
IMU,133666,-82,321,1017,-6,-4,0
IMU,133675,-82,319,1019,-6,-4,0
IMU,133685,-81,319,1016,-6,-4,0
IMU,133695,-83,321,1018,-6,-4,0
IMU,133705,-82,321,1017,-6,-4,0
IMU,133714,-83,322,1018,-6,-4,0
IMU,133724,-81,321,1018,-6,-4,0
IMU,133734,-80,322,1016,-6,-4,0
IMU,133744,-81,321,1016,-6,-4,0
IMU,133753,-80,321,1014,-6,-4,0
IMU,133763,-80,322,1017,-6,-4,0
IMU,133773,-79,322,1016,-6,-4,0
IMU,133783,-82,320,1014,-6,-4,0
IMU,133792,-82,320,1015,-6,-4,0
IMU,133802,-80,319,1017,-6,-4,0
IMU,133812,-80,321,1016,-6,-4,0
IMU,133822,-79,321,1015,-6,-4,0
IMU,133832,-79,319,1018,-6,-4,0
IMU,133841,-81,322,1020,-6,-4,0
IMU,133851,-81,322,1018,-6,-4,0
IMU,133861,-80,322,1018,-6,-4,0
IMU,133871,-80,322,1014,-6,-4,0
IMU,133880,-81,322,1019,-6,-4,0
IMU,133890,-82,321,1016,-6,-4,0
IMU,133900,-81,320,1019,-6,-4,0
IMU,133910,-81,319,1016,-6,-4,0
IMU,133919,-81,321,1019,-6,-4,0
IMU,133929,-80,319,1017,-6,-4,0
IMU,133939,-81,321,1018,-6,-4,0
IMU,133949,-82,324,1020,-6,-4,0
IMU,133958,-81,322,1018,-6,-4,0
IMU,133968,-81,321,1017,-6,-4,0
IMU,133978,-81,321,1017,-6,-4,0
IMU,133988,-80,320,1019,-6,-4,0
IMU,133998,-80,319,1017,-6,-4,0
IMU,134007,-81,320,1015,-6,-4,0
IMU,134017,-79,320,1018,-6,-4,0
IMU,134027,-81,320,1016,-6,-4,0
IMU,134037,-82,322,1016,-6,-4,0
IMU,134046,-82,320,1018,-6,-4,0
IMU,134056,-81,322,1015,-6,-4,0
IMU,134066,-81,320,1016,-6,-4,0
IMU,134076,-80,322,1016,-6,-4,0
IMU,134085,-80,320,1016,-6,-4,0
IMU,134095,-80,319,1018,-6,-4,0
IMU,134105,-79,320,1019,-6,-4,0
IMU,134115,-80,320,1016,-6,-4,0
IMU,134125,-81,321,1017,-6,-4,0
IMU,134134,-82,320,1017,-6,-4,0
IMU,134144,-81,320,1018,-6,-4,0
IMU,134154,-79,321,1017,-6,-4,0
IMU,134164,-80,321,1014,-6,-4,0
IMU,134173,-81,320,1017,-6,-4,0
IMU,134183,-80,322,1018,-6,-4,0
IMU,134193,-82,322,1019,-6,-4,0
IMU,134203,-83,322,1018,-6,-4,0
IMU,134212,-82,321,1015,-6,-4,0
IMU,134222,-81,320,1015,-6,-4,0
IMU,134232,-82,321,1017,-6,-4,0
IMU,134242,-82,321,1017,-6,-4,0
IMU,134251,-81,321,1017,-6,-4,0
IMU,134261,-81,322,1017,-6,-4,0
IMU,134271,-80,320,1017,-6,-4,0
SPM,124982,0.00
SPM,127986,0.00
SPM,130988,0.00
SPM,134034,0.00
SPM,137052,0.00
SPM,140067,0.00
SPM,143083,0.00
GPS,144378,59.416941,17.982046,0.00,17.74,8
GPS,144867,59.416941,17.982046,0.00,17.74,8
GPS,145375,59.416942,17.982045,0.00,17.83,8
GPS,145873,59.416942,17.982045,0.00,17.83,8
GPS,146380,59.416943,17.982044,0.00,17.92,8
GPS,146869,59.416943,17.982044,0.00,17.92,8
GPS,147376,59.416944,17.982043,0.00,18.01,8
GPS,147875,59.416944,17.982043,0.00,18.01,8
GPS,148383,59.416945,17.982043,0.00,18.10,8
GPS,148881,59.416945,17.982043,0.00,18.10,8
GPS,149378,59.416945,17.982042,0.00,18.19,8
GPS,149877,59.416945,17.982042,0.00,18.19,8
GPS,150375,59.416946,17.982042,0.00,18.24,8
GPS,150873,59.416946,17.982042,0.00,18.24,8
GPS,151371,59.416947,17.982041,0.00,18.29,8
GPS,151869,59.416947,17.982041,0.00,18.29,8
GPS,152376,59.416947,17.982042,0.00,18.32,8
GPS,152875,59.416947,17.982042,0.00,18.32,8
GPS,153373,59.416948,17.982041,0.00,18.40,8
GPS,153871,59.416948,17.982041,0.00,18.40,8
GPS,154378,59.416949,17.982041,0.00,18.49,8
GPS,154876,59.416949,17.982041,0.00,18.49,8
GPS,155375,59.416950,17.982039,0.00,18.58,9
GPS,155882,59.416950,17.982039,0.00,18.58,9
GPS,156380,59.416950,17.982039,0.00,18.68,9
IMU,144056,-79,321,1015,-6,-4,0
IMU,144066,-80,321,1016,-6,-4,0
IMU,144076,-79,321,1016,-6,-4,0
IMU,144085,-81,319,1018,-6,-4,0
IMU,144095,-80,321,1017,-6,-4,0
IMU,144105,-80,320,1018,-6,-4,0
IMU,144115,-81,321,1020,-6,-4,0
IMU,144125,-80,319,1016,-6,-4,0
IMU,144134,-80,320,1019,-6,-4,0
IMU,144144,-80,321,1022,-6,-4,0
IMU,144154,-79,320,1019,-6,-4,0
IMU,144164,-79,319,1020,-6,-4,0
IMU,144173,-80,321,1018,-6,-4,0
IMU,144183,-78,321,1016,-6,-4,0
IMU,144193,-80,319,1019,-6,-4,0
IMU,144203,-79,320,1017,-6,-4,0
IMU,144212,-81,323,1016,-6,-4,0
IMU,144222,-82,322,1017,-6,-4,0
IMU,144232,-83,321,1019,-6,-4,0
IMU,144242,-81,323,1015,-6,-4,0
IMU,144251,-80,321,1014,-6,-4,0
IMU,144261,-79,321,1018,-6,-4,0
IMU,144271,-79,320,1017,-6,-4,0
IMU,144281,-81,322,1016,-6,-4,0
IMU,144291,-79,320,1016,-6,-4,0
IMU,144300,-80,320,1018,-6,-4,0
IMU,144310,-80,320,1019,-6,-4,0
IMU,144320,-79,319,1017,-6,-4,0
IMU,144330,-79,320,1019,-6,-4,0
IMU,144339,-79,321,1018,-6,-4,0
IMU,144349,-80,321,1018,-6,-4,0
IMU,144359,-79,319,1016,-6,-4,0
IMU,144369,-79,320,1019,-6,-4,0
IMU,144378,-78,320,1019,-6,-4,0
IMU,144388,-78,320,1019,-6,-4,0
IMU,144398,-80,318,1021,-6,-4,0
IMU,144408,-79,319,1021,-6,-4,0
IMU,144417,-81,319,1019,-6,-4,0
IMU,144427,-80,321,1019,-6,-4,0
IMU,144437,-81,322,1018,-6,-4,0
IMU,144448,-80,321,1017,-6,-4,0
IMU,144457,-81,321,1017,-6,-4,0
IMU,144467,-79,321,1019,-6,-4,0
IMU,144477,-79,321,1018,-6,-4,0
IMU,144486,-80,321,1016,-6,-4,0
IMU,144497,-79,322,1018,-6,-4,0
IMU,144505,-78,320,1019,-6,-4,0
IMU,144515,-79,319,1017,-6,-4,0
IMU,144525,-81,317,1017,-6,-4,0
IMU,144535,-82,321,1018,-6,-4,0
IMU,144544,-80,320,1017,-6,-4,0
IMU,144554,-80,322,1016,-6,-4,0
IMU,144564,-80,323,1016,-6,-4,0
IMU,144574,-82,320,1019,-6,-4,0
IMU,144583,-80,319,1017,-6,-4,0
IMU,144593,-79,321,1018,-6,-4,0
IMU,144603,-80,321,1017,-6,-4,0
IMU,144613,-79,321,1018,-6,-4,0
IMU,144623,-81,321,1017,-6,-4,0
IMU,144632,-81,321,1017,-6,-4,0
IMU,144642,-79,321,1017,-6,-4,0
IMU,144652,-78,322,1018,-6,-4,0
IMU,144662,-78,323,1018,-6,-4,0
IMU,144671,-80,321,1017,-6,-4,0
IMU,144681,-81,321,1018,-6,-4,0
IMU,144691,-81,320,1018,-6,-4,0
IMU,144701,-79,320,1018,-6,-4,0
IMU,144710,-79,321,1019,-6,-4,0
IMU,144720,-79,319,1017,-6,-4,0
IMU,144730,-80,320,1018,-6,-4,0
IMU,144740,-80,320,1020,-6,-4,0
IMU,144750,-79,320,1020,-6,-4,0
IMU,144759,-78,319,1016,-6,-4,0
IMU,144769,-79,319,1018,-6,-4,0
IMU,144779,-79,317,1019,-6,-4,0
IMU,144789,-79,320,1021,-6,-4,0
IMU,144798,-79,322,1022,-6,-4,0
IMU,144808,-81,317,1018,-6,-4,0
IMU,144818,-80,319,1018,-6,-4,0
IMU,144828,-80,320,1017,-6,-4,0
IMU,144837,-80,321,1015,-6,-4,0
IMU,144847,-80,322,1015,-6,-4,0
IMU,144857,-79,321,1017,-6,-4,0
IMU,144867,-79,321,1018,-6,-4,0
IMU,144876,-81,322,1018,-6,-4,0
IMU,144886,-81,321,1017,-6,-4,0
IMU,144896,-80,324,1017,-6,-4,0
IMU,144906,-82,323,1018,-6,-4,0
IMU,144916,-82,323,1016,-6,-4,0
IMU,144925,-80,323,1018,-6,-4,0
IMU,144935,-80,322,1018,-6,-4,0
IMU,144945,-79,321,1019,-6,-4,0
IMU,144955,-79,320,1018,-6,-4,0
IMU,144965,-79,320,1018,-6,-4,0
IMU,144974,-78,321,1017,-6,-4,0
IMU,144984,-79,321,1017,-6,-4,0
IMU,144994,-77,320,1017,-6,-4,0
IMU,145003,-80,320,1016,-6,-4,0
IMU,145013,-78,320,1015,-6,-4,0
IMU,145023,-80,320,1018,-6,-4,0
IMU,145033,-80,321,1018,-6,-4,0
IMU,145042,-79,319,1019,-6,-4,0
IMU,145052,-80,319,1018,-6,-4,0
IMU,145062,-80,320,1016,-6,-4,0
IMU,145072,-80,322,1019,-6,-4,0
IMU,145082,-80,322,1018,-6,-4,0
IMU,145091,-81,321,1017,-6,-4,0
IMU,145101,-81,324,1016,-6,-4,0
IMU,145111,-81,322,1017,-6,-4,0
IMU,145121,-79,322,1015,-6,-4,0
IMU,145130,-79,320,1018,-6,-4,0
IMU,145140,-79,320,1017,-6,-4,0
IMU,145150,-79,319,1017,-6,-4,0
IMU,145160,-80,320,1015,-6,-4,0
IMU,145169,-80,320,1018,-6,-4,0
IMU,145179,-79,321,1016,-6,-4,0
IMU,145189,-80,321,1015,-6,-4,0
IMU,145199,-81,321,1016,-6,-4,0
IMU,145208,-80,320,1016,-6,-4,0
IMU,145218,-80,320,1017,-6,-4,0
IMU,145228,-79,318,1019,-6,-4,0
IMU,145238,-81,319,1018,-6,-4,0
IMU,145248,-80,321,1019,-6,-4,0
IMU,145257,-79,322,1019,-6,-4,0
IMU,145267,-80,321,1017,-6,-4,0
IMU,145277,-80,320,1017,-6,-4,0
IMU,145287,-80,322,1018,-6,-4,0
IMU,145296,-79,321,1018,-6,-4,0
IMU,145306,-80,322,1017,-6,-4,0
IMU,145317,-80,320,1018,-6,-4,0
IMU,145326,-81,321,1017,-6,-4,0
IMU,145335,-81,321,1017,-6,-4,0
IMU,145346,-79,319,1018,-6,-4,0
IMU,145355,-79,320,1016,-6,-4,0
IMU,145365,-80,321,1017,-6,-4,0
IMU,145375,-81,322,1020,-6,-4,0
IMU,145384,-80,319,1020,-6,-4,0
IMU,145394,-81,318,1018,-6,-4,0
IMU,145404,-79,320,1017,-6,-4,0
IMU,145414,-79,321,1018,-6,-4,0
IMU,145423,-80,323,1020,-6,-4,0
IMU,145433,-82,322,1016,-6,-4,0
IMU,145443,-81,321,1014,-6,-4,0
IMU,145453,-80,321,1016,-6,-4,0
IMU,145462,-80,320,1018,-6,-4,0
IMU,145472,-81,320,1019,-6,-4,0
IMU,145482,-80,321,1018,-6,-4,0
IMU,145492,-81,319,1021,-6,-4,0
IMU,145501,-80,319,1021,-6,-4,0
IMU,145511,-81,320,1021,-6,-4,0
IMU,145521,-81,320,1018,-6,-4,0
IMU,145531,-81,321,1018,-6,-4,0
IMU,145541,-80,318,1017,-6,-4,0
IMU,145550,-79,320,1019,-6,-4,0
IMU,145560,-79,320,1018,-6,-4,0
IMU,145570,-80,320,1017,-6,-4,0
IMU,145580,-81,319,1017,-6,-4,0
IMU,145589,-80,319,1017,-6,-4,0
IMU,145599,-79,320,1017,-6,-4,0
IMU,145609,-81,320,1018,-6,-4,0
IMU,145619,-82,321,1015,-6,-4,0
IMU,145628,-82,319,1018,-6,-4,0
IMU,145638,-81,319,1016,-6,-4,0
IMU,145648,-79,321,1017,-6,-4,0
IMU,145658,-79,319,1017,-6,-4,0
IMU,145667,-79,320,1017,-6,-4,0
IMU,145677,-79,319,1017,-6,-4,0
IMU,145687,-80,319,1019,-6,-4,0
IMU,145697,-79,320,1022,-6,-4,0
IMU,145707,-77,319,1020,-6,-4,0
IMU,145716,-81,321,1019,-6,-4,0
IMU,145726,-80,319,1018,-6,-4,0
IMU,145736,-79,319,1015,-6,-4,0
IMU,145746,-79,322,1018,-6,-4,0
IMU,145755,-78,321,1019,-6,-4,0
IMU,145765,-79,320,1016,-6,-4,0
IMU,145776,-79,321,1018,-6,-4,0
IMU,145786,-79,320,1014,-6,-4,0
IMU,145794,-80,318,1015,-6,-4,0
IMU,145805,-79,320,1013,-6,-4,0
IMU,145814,-81,322,1016,-6,-4,0
IMU,145824,-81,322,1016,-6,-4,0
IMU,145833,-80,321,1019,-6,-4,0
IMU,145843,-80,320,1018,-6,-4,0
IMU,145853,-80,320,1021,-6,-4,0
IMU,145863,-80,320,1020,-6,-4,0
IMU,145873,-81,321,1018,-6,-4,0
IMU,145882,-80,320,1015,-6,-4,0
IMU,145892,-80,322,1015,-6,-4,0
IMU,145902,-80,320,1019,-6,-4,0
IMU,145912,-80,319,1019,-6,-4,0
IMU,145921,-79,319,1017,-6,-4,0
IMU,145931,-80,320,1021,-6,-4,0
IMU,145941,-79,319,1017,-6,-4,0
IMU,145951,-78,320,1020,-6,-4,0
IMU,145960,-79,319,1018,-6,-4,0
IMU,145970,-79,318,1016,-6,-4,0
IMU,145980,-80,318,1017,-6,-4,0
IMU,145990,-79,319,1017,-6,-4,0
IMU,146000,-79,320,1017,-6,-4,0
IMU,146009,-80,319,1017,-6,-4,0
IMU,146019,-79,320,1018,-6,-4,0
IMU,146029,-81,319,1019,-6,-4,0
IMU,146039,-79,321,1018,-6,-4,0
IMU,146048,-79,320,1021,-6,-4,0
IMU,146058,-79,319,1018,-6,-4,0
IMU,146068,-79,319,1018,-6,-4,0
IMU,146078,-79,320,1016,-6,-4,0
IMU,146087,-79,320,1017,-6,-4,0
IMU,146097,-80,318,1018,-6,-4,0
IMU,146107,-79,319,1019,-6,-4,0
IMU,146117,-79,321,1017,-6,-4,0
IMU,146126,-80,321,1016,-6,-4,0
IMU,146136,-79,320,1014,-6,-4,0
IMU,146146,-82,321,1015,-6,-4,0
IMU,146156,-81,319,1014,-6,-4,0
IMU,146166,-81,319,1018,-6,-4,0
IMU,146175,-79,320,1019,-6,-4,0
IMU,146185,-80,322,1016,-6,-4,0
IMU,146195,-80,320,1017,-6,-4,0
IMU,146205,-79,319,1018,-6,-4,0
IMU,146214,-79,321,1018,-6,-4,0
IMU,146224,-79,321,1018,-6,-4,0
IMU,146234,-80,321,1018,-6,-4,0
IMU,146244,-80,321,1018,-6,-4,0
IMU,146253,-79,320,1018,-6,-4,0
IMU,146263,-79,321,1017,-6,-4,0
IMU,146273,-77,320,1020,-6,-4,0
IMU,146283,-77,323,1018,-6,-4,0
IMU,146292,-80,321,1015,-6,-4,0
IMU,146302,-82,323,1018,-6,-4,0
IMU,146312,-80,322,1018,-6,-4,0
IMU,146322,-80,320,1017,-6,-4,0
IMU,146332,-82,322,1018,-6,-4,0
IMU,146341,-80,322,1017,-6,-4,0
IMU,146351,-82,321,1018,-6,-4,0
IMU,146361,-80,323,1018,-6,-4,0
IMU,146371,-80,322,1018,-6,-4,0
IMU,146380,-81,322,1018,-6,-4,0
IMU,146390,-80,320,1020,-6,-4,0
IMU,146400,-79,321,1020,-6,-4,0
IMU,146410,-79,321,1017,-6,-4,0
IMU,146419,-79,318,1017,-6,-4,0
IMU,146429,-79,319,1017,-6,-4,0
IMU,146439,-82,320,1018,-6,-4,0
IMU,146449,-81,321,1018,-6,-4,0
IMU,146458,-81,321,1016,-6,-4,0
IMU,146468,-80,321,1016,-6,-4,0
IMU,146478,-80,321,1017,-6,-4,0
IMU,146488,-80,318,1017,-6,-4,0
IMU,146498,-79,319,1019,-6,-4,0
IMU,146507,-79,319,1016,-6,-4,0
IMU,146517,-80,321,1017,-6,-4,0
IMU,146527,-80,322,1016,-6,-4,0
IMU,146537,-80,320,1018,-6,-4,0
IMU,146546,-82,320,1017,-6,-4,0
IMU,146556,-79,320,1018,-6,-4,0
IMU,146566,-78,320,1016,-6,-4,0
IMU,146576,-80,320,1016,-6,-4,0
IMU,146585,-79,320,1016,-6,-4,0
IMU,146595,-79,320,1015,-6,-4,0
IMU,146605,-79,321,1017,-6,-4,0
IMU,146615,-79,321,1017,-6,-4,0
IMU,146625,-79,320,1018,-6,-4,0
IMU,146635,-80,321,1016,-6,-4,0
IMU,146644,-79,321,1017,-6,-4,0
IMU,146655,-80,320,1018,-6,-4,0
IMU,146664,-78,321,1017,-6,-4,0
IMU,146673,-79,321,1019,-6,-4,0
IMU,146683,-82,321,1018,-6,-4,0
IMU,146693,-82,319,1020,-6,-4,0
IMU,146704,-80,320,1018,-6,-4,0
IMU,146713,-79,321,1019,-6,-4,0
IMU,146722,-79,321,1017,-6,-4,0
IMU,146732,-78,319,1019,-6,-4,0
IMU,146742,-79,319,1017,-6,-4,0
IMU,146751,-78,320,1016,-6,-4,0
IMU,146761,-80,320,1018,-6,-4,0
IMU,146771,-80,321,1018,-6,-4,0
IMU,146781,-79,322,1016,-6,-4,0
IMU,146791,-82,320,1017,-6,-4,0
IMU,146800,-80,321,1016,-6,-4,0
IMU,146810,-79,320,1015,-6,-4,0
IMU,146820,-80,321,1017,-6,-4,0
IMU,146830,-79,320,1017,-6,-4,0
IMU,146839,-81,320,1019,-6,-4,0
IMU,146849,-80,321,1018,-6,-4,0
IMU,146859,-78,322,1016,-6,-4,0
IMU,146869,-78,321,1017,-6,-4,0
IMU,146878,-80,322,1016,-6,-4,0
IMU,146888,-80,321,1016,-6,-4,0
IMU,146898,-79,322,1018,-6,-4,0
IMU,146908,-79,321,1018,-6,-4,0
IMU,146917,-79,320,1019,-6,-4,0
IMU,146927,-79,320,1018,-6,-4,0
IMU,146937,-81,321,1017,-6,-4,0
IMU,146947,-81,321,1014,-6,-4,0
IMU,146957,-80,319,1015,-6,-4,0
IMU,146966,-80,319,1019,-6,-4,0
IMU,146976,-81,321,1018,-6,-4,0
IMU,146986,-79,321,1019,-6,-4,0
IMU,146996,-80,322,1017,-6,-4,0
IMU,147005,-78,322,1018,-6,-4,0
IMU,147015,-79,321,1016,-6,-4,0
IMU,147025,-79,321,1015,-6,-4,0
IMU,147035,-81,322,1016,-6,-4,0
IMU,147044,-79,322,1018,-6,-4,0
IMU,147054,-80,321,1018,-6,-4,0
IMU,147064,-81,321,1017,-6,-4,0
IMU,147074,-79,322,1017,-6,-4,0
IMU,147083,-79,319,1018,-6,-4,0
IMU,147093,-79,320,1018,-6,-4,0
IMU,147103,-79,321,1017,-6,-4,0
IMU,147113,-81,322,1016,-6,-4,0
IMU,147123,-82,321,1018,-6,-4,0
IMU,147132,-80,320,1019,-6,-4,0
IMU,147142,-80,322,1018,-6,-4,0
IMU,147152,-79,321,1018,-6,-4,0
IMU,147162,-81,321,1016,-6,-4,0
IMU,147171,-79,319,1016,-6,-4,0
IMU,147181,-79,319,1014,-6,-4,0
IMU,147191,-79,321,1016,-6,-4,0
IMU,147201,-79,319,1018,-6,-4,0
IMU,147210,-81,318,1018,-6,-4,0
IMU,147220,-79,319,1018,-6,-4,0
IMU,147230,-79,319,1019,-6,-4,0
IMU,147240,-80,320,1018,-6,-4,0
IMU,147250,-78,320,1017,-6,-4,0
IMU,147259,-80,322,1015,-6,-4,0
IMU,147269,-80,322,1018,-6,-4,0
IMU,147279,-80,321,1017,-6,-4,0
IMU,147289,-82,321,1014,-6,-4,0
IMU,147298,-79,321,1017,-6,-4,0
IMU,147308,-79,320,1015,-6,-4,0
IMU,147318,-80,320,1015,-6,-4,0
IMU,147328,-80,321,1017,-6,-4,0
IMU,147337,-81,320,1016,-6,-4,0
IMU,147347,-81,322,1018,-6,-4,0
IMU,147357,-80,321,1017,-6,-4,0
IMU,147367,-80,320,1016,-6,-4,0
IMU,147376,-78,319,1019,-6,-4,0
IMU,147386,-78,321,1020,-6,-4,0
IMU,147396,-79,321,1020,-6,-4,0
IMU,147406,-79,322,1021,-6,-4,0
IMU,147416,-81,320,1020,-6,-4,0
IMU,147425,-79,321,1021,-6,-4,0
IMU,147435,-79,320,1017,-6,-4,0
IMU,147445,-81,319,1016,-6,-4,0
IMU,147455,-79,319,1016,-6,-4,0
IMU,147464,-81,319,1017,-6,-4,0
IMU,147474,-79,320,1017,-6,-4,0
IMU,147484,-79,321,1017,-6,-4,0
IMU,147494,-78,321,1018,-6,-4,0
IMU,147503,-80,319,1017,-6,-4,0
IMU,147513,-81,320,1017,-6,-4,0
IMU,147523,-81,319,1018,-6,-4,0
IMU,147533,-80,321,1020,-6,-4,0
IMU,147543,-79,322,1018,-6,-4,0
IMU,147552,-80,321,1019,-6,-4,0
IMU,147563,-81,321,1018,-6,-4,0
IMU,147572,-81,320,1019,-6,-4,0
IMU,147582,-80,322,1018,-6,-4,0
IMU,147592,-80,321,1020,-6,-4,0
IMU,147601,-80,320,1018,-6,-4,0
IMU,147611,-79,319,1020,-6,-4,0
IMU,147621,-78,318,1017,-6,-4,0
IMU,147630,-80,320,1019,-6,-4,0
IMU,147640,-82,322,1019,-6,-4,0
IMU,147650,-81,321,1019,-6,-4,0
IMU,147660,-79,319,1017,-6,-4,0
IMU,147669,-82,320,1017,-6,-4,0
IMU,147679,-80,321,1018,-6,-4,0
IMU,147689,-80,321,1017,-6,-4,0
IMU,147699,-80,321,1019,-6,-4,0
IMU,147708,-82,321,1022,-6,-4,0
IMU,147718,-82,320,1018,-6,-4,0
IMU,147728,-82,319,1017,-6,-4,0
IMU,147738,-80,319,1015,-6,-4,0
IMU,147748,-79,320,1015,-6,-4,0
IMU,147757,-79,319,1018,-6,-4,0
IMU,147767,-80,322,1018,-6,-4,0
IMU,147777,-78,319,1019,-6,-4,0
IMU,147787,-79,321,1017,-6,-4,0
IMU,147796,-81,321,1014,-6,-4,0
IMU,147806,-80,323,1020,-6,-4,0
IMU,147816,-79,318,1021,-6,-4,0
IMU,147826,-79,320,1018,-6,-4,0
IMU,147835,-79,321,1019,-6,-4,0
IMU,147845,-79,319,1019,-6,-4,0
IMU,147855,-79,321,1018,-6,-4,0
IMU,147865,-81,320,1018,-6,-4,0
IMU,147875,-82,320,1015,-6,-4,0
IMU,147884,-80,319,1017,-6,-4,0
IMU,147894,-80,318,1019,-6,-4,0
IMU,147904,-79,320,1015,-6,-4,0
IMU,147914,-80,322,1017,-6,-4,0
IMU,147923,-80,320,1016,-6,-4,0
IMU,147933,-79,321,1015,-6,-4,0
IMU,147943,-81,320,1019,-6,-4,0
IMU,147953,-79,319,1017,-6,-4,0
IMU,147962,-81,320,1018,-6,-4,0
IMU,147972,-80,319,1018,-6,-4,0
IMU,147982,-80,319,1019,-6,-4,0
IMU,147992,-79,319,1020,-6,-4,0
IMU,148001,-79,320,1021,-6,-4,0
IMU,148011,-80,318,1019,-6,-4,0
IMU,148021,-79,321,1018,-6,-4,0
IMU,148031,-78,319,1016,-6,-4,0
IMU,148041,-79,321,1019,-6,-4,0
IMU,148050,-79,319,1018,-6,-4,0
IMU,148060,-81,320,1017,-6,-4,0
IMU,148070,-81,321,1018,-6,-4,0
IMU,148080,-81,320,1016,-6,-4,0
IMU,148089,-79,320,1021,-6,-4,0
IMU,148099,-80,320,1018,-6,-4,0
IMU,148109,-80,320,1016,-6,-4,0
IMU,148119,-81,320,1016,-6,-4,0
IMU,148128,-79,320,1018,-6,-4,0
IMU,148138,-79,321,1018,-6,-4,0
IMU,148148,-79,320,1019,-6,-4,0
IMU,148158,-80,321,1017,-6,-4,0
IMU,148167,-80,319,1017,-6,-4,0
IMU,148177,-80,322,1018,-6,-4,0
IMU,148187,-80,322,1019,-6,-4,0
IMU,148197,-80,321,1018,-6,-4,0
IMU,148207,-81,319,1015,-6,-4,0
IMU,148216,-80,320,1018,-6,-4,0
IMU,148226,-79,320,1017,-6,-4,0
IMU,148236,-80,322,1016,-6,-4,0
IMU,148246,-79,321,1015,-6,-4,0
IMU,148255,-79,319,1015,-6,-4,0
IMU,148265,-80,319,1018,-6,-4,0
IMU,148275,-79,320,1020,-6,-4,0
IMU,148285,-80,321,1019,-6,-4,0
IMU,148294,-81,320,1018,-6,-4,0
IMU,148305,-80,322,1015,-6,-4,0
IMU,148314,-80,322,1018,-6,-4,0
IMU,148324,-82,321,1017,-6,-4,0
IMU,148334,-81,319,1017,-6,-4,0
IMU,148343,-79,318,1021,-6,-4,0
IMU,148354,-76,317,1015,-6,-4,0
IMU,148364,-78,321,1019,-6,-4,0
IMU,148373,-79,322,1017,-6,-4,0
IMU,148383,-80,322,1018,-6,-4,0
IMU,148392,-79,322,1017,-6,-4,0
IMU,148402,-83,321,1020,-6,-4,0
IMU,148412,-80,319,1017,-6,-4,0
IMU,148421,-81,319,1019,-6,-4,0
IMU,148431,-78,318,1019,-6,-4,0
IMU,148441,-79,319,1020,-6,-4,0
IMU,148451,-79,321,1017,-6,-4,0
IMU,148460,-79,321,1019,-6,-4,0
IMU,148470,-79,320,1018,-6,-4,0
IMU,148480,-79,322,1019,-6,-4,0
IMU,148490,-80,322,1017,-6,-4,0
IMU,148500,-80,320,1017,-6,-4,0
IMU,148509,-81,319,1018,-6,-4,0
IMU,148519,-80,320,1018,-6,-4,0
IMU,148529,-81,321,1018,-6,-4,0
IMU,148539,-79,321,1018,-6,-4,0
IMU,148548,-79,318,1018,-6,-4,0
IMU,148558,-80,321,1019,-6,-4,0
IMU,148568,-80,322,1020,-6,-4,0
IMU,148578,-81,322,1018,-6,-4,0
IMU,148587,-81,321,1018,-6,-4,0
IMU,148597,-80,320,1015,-6,-4,0
IMU,148607,-80,319,1016,-6,-4,0
IMU,148617,-79,320,1016,-6,-4,0
IMU,148626,-78,318,1017,-6,-4,0
IMU,148636,-79,320,1015,-6,-4,0
IMU,148646,-79,319,1014,-6,-4,0
IMU,148656,-80,324,1018,-6,-4,0
IMU,148666,-78,322,1018,-6,-4,0
IMU,148675,-80,321,1017,-6,-4,0
IMU,148685,-81,319,1017,-6,-4,0
IMU,148695,-79,319,1019,-6,-4,0
IMU,148705,-81,320,1018,-6,-4,0
IMU,148714,-79,320,1017,-6,-4,0
IMU,148724,-81,320,1017,-6,-4,0
IMU,148734,-81,320,1016,-6,-4,0
IMU,148744,-80,320,1017,-6,-4,0
IMU,148753,-77,320,1017,-6,-4,0
IMU,148763,-78,321,1016,-6,-4,0
IMU,148773,-80,319,1016,-6,-4,0
IMU,148783,-80,318,1018,-6,-4,0
IMU,148792,-80,320,1016,-6,-4,0
IMU,148802,-80,320,1021,-6,-4,0
IMU,148812,-78,320,1017,-6,-4,0
IMU,148822,-80,320,1016,-6,-4,0
IMU,148832,-79,321,1016,-6,-4,0
IMU,148841,-80,320,1017,-6,-4,0
IMU,148852,-80,319,1016,-6,-4,0
IMU,148861,-80,319,1016,-6,-4,0
IMU,148872,-80,320,1014,-6,-4,0
IMU,148881,-81,320,1017,-6,-4,0
IMU,148890,-81,319,1019,-6,-4,0
IMU,148901,-81,321,1018,-6,-4,0
IMU,148910,-81,319,1018,-6,-4,0
IMU,148919,-79,321,1018,-6,-4,0
IMU,148929,-81,322,1018,-6,-4,0
IMU,148939,-80,323,1016,-6,-4,0
IMU,148949,-79,321,1017,-6,-4,0
IMU,148958,-80,322,1017,-6,-4,0
IMU,148968,-81,320,1016,-6,-4,0
IMU,148978,-78,319,1018,-6,-4,0
IMU,148988,-80,322,1016,-6,-4,0
IMU,148998,-80,321,1016,-6,-4,0
IMU,149007,-81,321,1016,-6,-4,0
IMU,149017,-82,321,1015,-6,-4,0
IMU,149027,-80,317,1018,-6,-4,0
IMU,149037,-80,318,1018,-6,-4,0
IMU,149046,-81,319,1019,-6,-4,0
IMU,149056,-80,321,1018,-6,-4,0
IMU,149066,-79,320,1018,-6,-4,0
IMU,149076,-80,322,1015,-6,-4,0
IMU,149085,-80,320,1018,-6,-4,0
IMU,149095,-79,319,1017,-6,-4,0
IMU,149105,-80,320,1018,-6,-4,0
IMU,149115,-79,321,1017,-6,-4,0
IMU,149125,-81,320,1016,-6,-4,0
IMU,149134,-81,321,1019,-6,-4,0
IMU,149144,-79,320,1019,-6,-4,0
IMU,149154,-79,320,1018,-6,-4,0
IMU,149164,-79,319,1017,-6,-4,0
IMU,149173,-80,321,1016,-6,-4,0
IMU,149183,-79,320,1015,-6,-4,0
IMU,149193,-80,319,1015,-6,-4,0
IMU,149203,-79,321,1014,-6,-4,0
IMU,149212,-79,319,1019,-6,-4,0
IMU,149222,-81,319,1016,-6,-4,0
IMU,149232,-80,320,1018,-6,-4,0
IMU,149242,-80,321,1020,-6,-4,0
IMU,149251,-79,321,1017,-6,-4,0
IMU,149261,-79,321,1020,-6,-4,0
IMU,149271,-79,321,1020,-6,-4,0
IMU,149281,-80,321,1018,-6,-4,0
IMU,149291,-80,322,1017,-6,-4,0
IMU,149300,-81,321,1017,-6,-4,0
IMU,149311,-81,320,1017,-6,-4,0
IMU,149320,-80,319,1017,-6,-4,0
IMU,149331,-80,322,1017,-6,-4,0
IMU,149339,-80,322,1017,-6,-4,0
IMU,149349,-80,321,1019,-6,-4,0
IMU,149360,-81,322,1019,-6,-4,0
IMU,149369,-80,321,1018,-6,-4,0
IMU,149378,-80,320,1017,-6,-4,0
IMU,149388,-82,319,1018,-6,-4,0
IMU,149398,-80,321,1018,-6,-4,0
IMU,149408,-81,322,1014,-6,-4,0
IMU,149417,-81,321,1018,-6,-4,0
IMU,149427,-80,322,1015,-6,-4,0
IMU,149437,-80,322,1017,-6,-4,0
IMU,149447,-78,322,1017,-6,-4,0
IMU,149457,-79,322,1018,-6,-4,0
IMU,149466,-79,322,1017,-6,-4,0
IMU,149476,-80,322,1017,-6,-4,0
IMU,149486,-80,321,1017,-6,-4,0
IMU,149496,-80,319,1018,-6,-4,0
IMU,149505,-80,321,1018,-6,-4,0
IMU,149515,-80,320,1017,-6,-4,0
IMU,149525,-80,320,1017,-6,-4,0
IMU,149535,-79,318,1018,-6,-4,0
IMU,149544,-79,319,1017,-6,-4,0
IMU,149554,-79,322,1019,-6,-4,0
IMU,149564,-81,322,1017,-6,-4,0
IMU,149574,-80,320,1017,-6,-4,0
IMU,149583,-80,319,1017,-6,-4,0
IMU,149593,-80,318,1016,-6,-4,0
IMU,149603,-78,321,1018,-6,-4,0
IMU,149613,-79,319,1017,-6,-4,0
IMU,149623,-80,321,1017,-6,-4,0
IMU,149632,-78,321,1018,-6,-4,0
IMU,149642,-79,321,1018,-6,-4,0
IMU,149652,-79,321,1018,-6,-4,0
IMU,149662,-80,321,1020,-6,-4,0
IMU,149671,-79,321,1018,-6,-4,0
IMU,149681,-81,321,1016,-6,-4,0
IMU,149691,-80,321,1017,-6,-4,0
IMU,149701,-81,321,1018,-6,-4,0
IMU,149710,-79,320,1019,-6,-4,0
IMU,149720,-79,321,1019,-6,-4,0
IMU,149730,-80,320,1018,-6,-4,0
IMU,149740,-78,320,1016,-6,-4,0
IMU,149750,-79,320,1019,-6,-4,0
IMU,149759,-80,319,1020,-6,-4,0
IMU,149769,-82,321,1019,-6,-4,0
IMU,149779,-81,322,1019,-6,-4,0
IMU,149789,-80,322,1018,-6,-4,0
IMU,149798,-79,321,1020,-6,-4,0
IMU,149808,-80,320,1021,-6,-4,0
IMU,149819,-79,320,1018,-6,-4,0
IMU,149829,-81,319,1016,-6,-4,0
IMU,149837,-80,322,1020,-6,-4,0
IMU,149848,-78,320,1020,-6,-4,0
IMU,149857,-79,322,1016,-6,-4,0
IMU,149867,-79,321,1016,-6,-4,0
IMU,149877,-78,322,1018,-6,-4,0
IMU,149886,-79,321,1018,-6,-4,0
IMU,149896,-80,319,1018,-6,-4,0
IMU,149906,-79,320,1017,-6,-4,0
IMU,149916,-78,320,1018,-6,-4,0
IMU,149925,-79,319,1018,-6,-4,0
IMU,149935,-81,320,1021,-6,-4,0
IMU,149945,-81,321,1019,-6,-4,0
IMU,149955,-82,321,1019,-6,-4,0
IMU,149964,-81,322,1021,-6,-4,0
IMU,149974,-78,321,1016,-6,-4,0
IMU,149984,-77,320,1017,-6,-4,0
IMU,149994,-78,320,1017,-6,-4,0
IMU,150003,-79,320,1018,-6,-4,0
IMU,150013,-79,319,1016,-6,-4,0
IMU,150023,-80,320,1018,-6,-4,0
IMU,150033,-80,320,1017,-6,-4,0
IMU,150042,-80,320,1018,-6,-4,0
IMU,150052,-80,319,1021,-6,-4,0
IMU,150062,-81,319,1019,-6,-4,0
IMU,150072,-81,318,1019,-6,-4,0
IMU,150082,-80,320,1018,-6,-4,0
IMU,150091,-80,321,1018,-6,-4,0
IMU,150101,-80,322,1017,-6,-4,0
IMU,150111,-79,320,1019,-6,-4,0
IMU,150121,-79,320,1018,-6,-4,0
IMU,150130,-80,320,1017,-6,-4,0
IMU,150140,-79,320,1019,-6,-4,0
IMU,150150,-79,318,1018,-6,-4,0
IMU,150160,-79,319,1018,-6,-4,0
IMU,150169,-79,319,1017,-6,-4,0
IMU,150179,-80,319,1019,-6,-4,0
IMU,150189,-80,320,1018,-6,-4,0
IMU,150199,-80,322,1020,-6,-4,0
IMU,150208,-79,321,1017,-6,-4,0
IMU,150218,-79,321,1017,-6,-4,0
IMU,150228,-79,322,1020,-6,-4,0
IMU,150238,-79,320,1017,-6,-4,0
IMU,150248,-78,321,1018,-6,-4,0
IMU,150257,-79,322,1019,-6,-4,0
IMU,150267,-81,319,1017,-6,-4,0
IMU,150277,-80,319,1017,-6,-4,0
IMU,150287,-80,320,1018,-6,-4,0
IMU,150296,-80,320,1017,-6,-4,0
IMU,150306,-82,319,1016,-6,-4,0
IMU,150316,-82,319,1017,-6,-4,0
IMU,150326,-81,322,1016,-6,-4,0
IMU,150335,-83,321,1017,-6,-4,0
IMU,150345,-80,319,1018,-6,-4,0
IMU,150355,-80,319,1018,-6,-4,0
IMU,150365,-80,320,1018,-6,-4,0
IMU,150375,-78,319,1018,-6,-4,0
IMU,150384,-79,320,1019,-6,-4,0
IMU,150394,-80,321,1016,-6,-4,0
IMU,150404,-81,321,1017,-6,-4,0
IMU,150414,-80,320,1016,-6,-4,0
IMU,150423,-81,320,1021,-6,-4,0
IMU,150433,-79,319,1018,-6,-4,0
IMU,150443,-80,319,1019,-6,-4,0
IMU,150453,-79,320,1018,-6,-4,0
IMU,150462,-81,320,1018,-6,-4,0
IMU,150472,-80,321,1019,-6,-4,0
IMU,150482,-79,319,1019,-6,-4,0
IMU,150492,-80,320,1021,-6,-4,0
IMU,150501,-80,319,1019,-6,-4,0
IMU,150511,-82,322,1018,-6,-4,0
IMU,150521,-79,320,1019,-6,-4,0
IMU,150531,-77,320,1019,-6,-4,0
IMU,150541,-78,319,1018,-6,-4,0
IMU,150550,-79,322,1019,-6,-4,0
IMU,150561,-80,320,1019,-6,-4,0
IMU,150570,-80,321,1018,-6,-4,0
IMU,150581,-80,320,1020,-6,-4,0
IMU,150589,-80,322,1017,-6,-4,0
IMU,150599,-79,321,1018,-6,-4,0
IMU,150610,-79,321,1019,-6,-4,0
IMU,150619,-79,320,1019,-6,-4,0
IMU,150629,-80,317,1017,-6,-4,0
IMU,150639,-80,320,1019,-6,-4,0
IMU,150648,-79,319,1016,-6,-4,0
IMU,150658,-78,318,1018,-6,-4,0
IMU,150667,-78,319,1018,-6,-4,0
IMU,150677,-80,321,1016,-6,-4,0
IMU,150687,-80,323,1017,-6,-4,0
IMU,150697,-80,322,1018,-6,-4,0
IMU,150707,-79,320,1018,-6,-4,0
IMU,150716,-80,320,1017,-6,-4,0
IMU,150726,-80,319,1017,-6,-4,0
IMU,150736,-80,321,1017,-6,-4,0
IMU,150746,-81,322,1018,-6,-4,0
IMU,150755,-79,322,1019,-6,-4,0
IMU,150765,-79,319,1021,-6,-4,0
IMU,150775,-79,321,1018,-6,-4,0
IMU,150785,-78,321,1017,-6,-4,0
IMU,150794,-78,322,1016,-6,-4,0
IMU,150804,-80,322,1016,-6,-4,0
IMU,150814,-81,319,1018,-6,-4,0
IMU,150824,-80,319,1016,-6,-4,0
IMU,150833,-81,320,1018,-6,-4,0
IMU,150843,-80,320,1018,-6,-4,0
IMU,150853,-79,320,1018,-6,-4,0
IMU,150863,-79,320,1020,-6,-4,0
IMU,150873,-80,319,1018,-6,-4,0
IMU,150882,-78,319,1018,-6,-4,0
IMU,150892,-79,319,1018,-6,-4,0
IMU,150902,-81,319,1017,-6,-4,0
IMU,150912,-78,320,1018,-6,-4,0
IMU,150921,-80,322,1018,-6,-4,0
IMU,150931,-81,321,1018,-6,-4,0
IMU,150941,-79,321,1018,-6,-4,0
IMU,150951,-79,320,1019,-6,-4,0
IMU,150960,-79,319,1019,-6,-4,0
IMU,150970,-79,320,1021,-6,-4,0
IMU,150980,-80,322,1022,-6,-4,0
IMU,150990,-80,319,1020,-6,-4,0
IMU,151000,-80,321,1020,-6,-4,0
IMU,151009,-81,321,1017,-6,-4,0
IMU,151019,-81,320,1018,-6,-4,0
IMU,151029,-82,320,1017,-6,-4,0
IMU,151039,-80,320,1017,-6,-4,0
IMU,151048,-79,319,1018,-6,-4,0
IMU,151058,-79,318,1015,-6,-4,0
IMU,151068,-78,320,1015,-6,-4,0
IMU,151078,-80,320,1016,-6,-4,0
IMU,151087,-81,319,1018,-6,-4,0
IMU,151097,-79,320,1018,-6,-4,0
IMU,151107,-79,320,1020,-6,-4,0
IMU,151117,-79,319,1020,-6,-4,0
IMU,151126,-80,321,1017,-6,-4,0
IMU,151136,-79,322,1017,-6,-4,0
IMU,151146,-80,322,1016,-6,-4,0
IMU,151156,-81,321,1017,-6,-4,0
IMU,151166,-79,321,1019,-6,-4,0
IMU,151175,-79,319,1018,-6,-4,0
IMU,151185,-78,321,1017,-6,-4,0
IMU,151195,-79,322,1019,-6,-4,0
IMU,151205,-79,321,1019,-6,-4,0
IMU,151214,-80,322,1017,-6,-4,0
IMU,151224,-79,320,1017,-6,-4,0
IMU,151234,-80,321,1019,-6,-4,0
IMU,151244,-79,321,1019,-6,-4,0
IMU,151253,-80,321,1018,-6,-4,0
IMU,151263,-80,320,1017,-6,-4,0
IMU,151273,-80,319,1016,-6,-4,0
IMU,151283,-79,320,1019,-6,-4,0
IMU,151292,-79,321,1018,-6,-4,0
IMU,151302,-77,322,1017,-6,-4,0
IMU,151312,-78,320,1018,-6,-4,0
IMU,151322,-79,319,1017,-6,-4,0
IMU,151332,-82,319,1018,-6,-4,0
IMU,151341,-80,320,1019,-6,-4,0
IMU,151351,-80,322,1017,-6,-4,0
IMU,151361,-80,321,1018,-6,-4,0
IMU,151371,-78,320,1020,-6,-4,0
IMU,151380,-78,319,1019,-6,-4,0
IMU,151390,-80,321,1018,-6,-4,0
IMU,151400,-81,321,1018,-6,-4,0
IMU,151410,-81,319,1016,-6,-4,0
IMU,151420,-79,319,1015,-6,-4,0
IMU,151429,-79,320,1014,-6,-4,0
IMU,151439,-80,320,1016,-6,-4,0
IMU,151450,-80,322,1016,-6,-4,0
IMU,151458,-79,322,1018,-6,-4,0
IMU,151469,-80,322,1018,-6,-4,0
IMU,151479,-80,321,1019,-6,-4,0
IMU,151488,-80,319,1018,-6,-4,0
IMU,151498,-80,321,1019,-6,-4,0
IMU,151507,-78,321,1020,-6,-4,0
IMU,151517,-79,323,1017,-6,-4,0
IMU,151527,-78,322,1018,-6,-4,0
IMU,151537,-79,322,1018,-6,-4,0
IMU,151546,-78,319,1019,-6,-4,0
IMU,151556,-78,319,1019,-6,-4,0
IMU,151566,-79,319,1023,-6,-4,0
IMU,151576,-81,318,1019,-6,-4,0
IMU,151585,-80,321,1018,-6,-4,0
IMU,151595,-80,320,1019,-6,-4,0
IMU,151605,-79,321,1017,-6,-4,0
IMU,151615,-78,321,1017,-6,-4,0
IMU,151625,-79,320,1017,-6,-4,0
IMU,151634,-80,320,1017,-6,-4,0
IMU,151644,-78,318,1015,-6,-4,0
IMU,151654,-80,319,1017,-6,-4,0
IMU,151664,-81,320,1020,-6,-4,0
IMU,151673,-80,319,1018,-6,-4,0
IMU,151683,-78,321,1017,-6,-4,0
IMU,151693,-79,322,1016,-6,-4,0
IMU,151703,-79,321,1018,-6,-4,0
IMU,151712,-79,320,1017,-6,-4,0
IMU,151722,-79,321,1018,-6,-4,0
IMU,151732,-78,320,1018,-6,-4,0
IMU,151742,-81,321,1017,-6,-4,0
IMU,151751,-79,320,1017,-6,-4,0
IMU,151761,-78,320,1018,-6,-4,0
IMU,151771,-80,321,1018,-6,-4,0
IMU,151781,-80,319,1017,-6,-4,0
IMU,151791,-79,319,1021,-6,-4,0
IMU,151800,-80,319,1019,-6,-4,0
IMU,151810,-79,321,1016,-6,-4,0
IMU,151820,-79,319,1014,-6,-4,0
IMU,151830,-80,319,1016,-6,-4,0
IMU,151839,-80,319,1018,-6,-4,0
IMU,151849,-78,321,1021,-6,-4,0
IMU,151859,-80,321,1018,-6,-4,0
IMU,151869,-79,321,1016,-6,-4,0
IMU,151878,-81,320,1018,-6,-4,0
IMU,151888,-79,321,1017,-6,-4,0
IMU,151898,-78,321,1016,-6,-4,0
IMU,151908,-79,320,1017,-6,-4,0
IMU,151917,-80,320,1017,-6,-4,0
IMU,151927,-80,319,1018,-6,-4,0
IMU,151938,-79,321,1016,-6,-4,0
IMU,151948,-81,322,1016,-6,-4,0
IMU,151957,-79,322,1017,-6,-4,0
IMU,151967,-81,321,1017,-6,-4,0
IMU,151976,-79,321,1019,-6,-4,0
IMU,151986,-81,320,1017,-6,-4,0
IMU,151996,-79,321,1019,-6,-4,0
IMU,152005,-79,322,1020,-6,-4,0
IMU,152015,-79,321,1019,-6,-4,0
IMU,152025,-81,322,1019,-6,-4,0
IMU,152035,-80,320,1021,-6,-4,0
IMU,152044,-82,321,1018,-6,-4,0
IMU,152054,-79,320,1019,-6,-4,0
IMU,152064,-78,321,1017,-6,-4,0
IMU,152074,-78,320,1018,-6,-4,0
IMU,152083,-80,319,1018,-6,-4,0
IMU,152093,-81,319,1017,-6,-4,0
IMU,152103,-80,319,1019,-6,-4,0
IMU,152113,-80,319,1016,-6,-4,0
IMU,152123,-81,321,1016,-6,-4,0
IMU,152132,-80,319,1018,-6,-4,0
IMU,152142,-80,318,1020,-6,-4,0
IMU,152152,-81,320,1018,-6,-4,0
IMU,152162,-80,320,1017,-6,-4,0
IMU,152171,-80,322,1019,-6,-4,0
IMU,152181,-80,321,1019,-6,-4,0
IMU,152191,-79,320,1019,-6,-4,0
IMU,152201,-80,319,1018,-6,-4,0
IMU,152210,-78,320,1016,-6,-4,0
IMU,152220,-80,322,1018,-6,-4,0
IMU,152230,-80,321,1019,-6,-4,0
IMU,152240,-79,320,1020,-6,-4,0
IMU,152250,-78,320,1021,-6,-4,0
IMU,152259,-79,318,1020,-6,-4,0
IMU,152269,-79,318,1018,-6,-4,0
IMU,152279,-79,322,1017,-6,-4,0
IMU,152289,-79,320,1018,-6,-4,0
IMU,152298,-78,322,1018,-6,-4,0
IMU,152308,-81,319,1019,-6,-4,0
IMU,152318,-79,319,1018,-6,-4,0
IMU,152328,-80,320,1016,-6,-4,0
IMU,152337,-79,321,1019,-6,-4,0
IMU,152347,-81,322,1015,-6,-4,0
IMU,152357,-80,322,1018,-6,-4,0
IMU,152367,-80,320,1019,-6,-4,0
IMU,152376,-81,319,1019,-6,-4,0
IMU,152386,-80,320,1016,-6,-4,0
IMU,152396,-79,319,1018,-6,-4,0
IMU,152406,-82,318,1018,-6,-4,0
IMU,152416,-80,320,1018,-6,-4,0
IMU,152425,-79,321,1018,-6,-4,0
IMU,152435,-81,322,1017,-6,-4,0
IMU,152445,-80,321,1018,-6,-4,0
IMU,152455,-81,320,1021,-6,-4,0
IMU,152464,-81,321,1019,-6,-4,0
IMU,152474,-80,320,1017,-6,-4,0
IMU,152484,-78,321,1018,-6,-4,0
IMU,152494,-80,320,1019,-6,-4,0
IMU,152503,-78,321,1017,-6,-4,0
IMU,152513,-79,321,1018,-6,-4,0
IMU,152523,-79,321,1017,-6,-4,0
IMU,152534,-79,321,1018,-6,-4,0
IMU,152542,-79,321,1018,-6,-4,0
IMU,152553,-81,321,1018,-6,-4,0
IMU,152562,-81,321,1016,-6,-4,0
IMU,152572,-78,321,1016,-6,-4,0
IMU,152583,-80,321,1020,-6,-4,0
IMU,152591,-80,321,1019,-6,-4,0
IMU,152602,-78,322,1017,-6,-4,0
IMU,152612,-79,321,1022,-6,-4,0
IMU,152621,-78,320,1018,-6,-4,0
IMU,152630,-80,320,1018,-6,-4,0
IMU,152640,-80,317,1018,-6,-4,0
IMU,152650,-80,319,1020,-6,-4,0
IMU,152660,-77,320,1018,-6,-4,0
IMU,152669,-80,320,1017,-6,-4,0
IMU,152679,-81,322,1013,-6,-4,0
IMU,152689,-80,323,1017,-6,-4,0
IMU,152699,-79,320,1018,-6,-4,0
IMU,152708,-80,321,1017,-6,-4,0
IMU,152718,-79,320,1016,-6,-4,0
IMU,152728,-79,320,1019,-6,-4,0
IMU,152738,-80,321,1020,-6,-4,0
IMU,152748,-79,320,1017,-6,-4,0
IMU,152757,-79,319,1016,-6,-4,0
IMU,152767,-81,321,1018,-6,-4,0
IMU,152777,-79,319,1020,-6,-4,0
IMU,152787,-79,319,1018,-6,-4,0
IMU,152796,-80,320,1019,-6,-4,0
IMU,152806,-79,319,1019,-6,-4,0
IMU,152816,-79,321,1016,-6,-4,0
IMU,152826,-79,320,1018,-6,-4,0
IMU,152835,-79,319,1017,-6,-4,0
IMU,152845,-79,318,1019,-6,-4,0
IMU,152855,-79,319,1018,-6,-4,0
IMU,152865,-79,321,1018,-6,-4,0
IMU,152875,-80,321,1015,-6,-4,0
IMU,152884,-78,321,1018,-6,-4,0
IMU,152894,-78,322,1016,-6,-4,0
IMU,152904,-81,321,1017,-6,-4,0
IMU,152914,-81,322,1017,-6,-4,0
IMU,152923,-79,322,1016,-6,-4,0
IMU,152933,-79,321,1018,-6,-4,0
IMU,152943,-80,321,1017,-6,-4,0
IMU,152953,-81,319,1018,-6,-4,0
IMU,152962,-81,321,1016,-6,-4,0
IMU,152972,-79,322,1019,-6,-4,0
IMU,152982,-78,321,1019,-6,-4,0
IMU,152992,-80,320,1017,-6,-4,0
IMU,153001,-80,320,1018,-6,-4,0
IMU,153011,-81,320,1016,-6,-4,0
IMU,153021,-79,319,1017,-6,-4,0
IMU,153031,-80,319,1019,-6,-4,0
IMU,153041,-79,320,1016,-6,-4,0
IMU,153050,-80,320,1017,-6,-4,0
IMU,153060,-78,320,1015,-6,-4,0
IMU,153070,-79,320,1021,-6,-4,0
IMU,153080,-79,321,1017,-6,-4,0
IMU,153089,-79,320,1016,-6,-4,0
IMU,153099,-81,320,1016,-6,-4,0
IMU,153109,-79,318,1017,-6,-4,0
IMU,153119,-80,319,1018,-6,-4,0
IMU,153128,-79,321,1017,-6,-4,0
IMU,153138,-79,322,1020,-6,-4,0
IMU,153148,-79,322,1016,-6,-4,0
IMU,153158,-80,323,1016,-6,-4,0
IMU,153167,-81,320,1018,-6,-4,0
IMU,153177,-81,319,1018,-6,-4,0
IMU,153187,-80,321,1017,-6,-4,0
IMU,153197,-79,321,1017,-6,-4,0
IMU,153207,-79,322,1018,-6,-4,0
IMU,153216,-79,321,1018,-6,-4,0
IMU,153226,-80,320,1017,-6,-4,0
IMU,153236,-80,320,1017,-6,-4,0
IMU,153246,-79,319,1017,-6,-4,0
IMU,153255,-80,321,1018,-6,-4,0
IMU,153265,-79,321,1018,-6,-4,0
IMU,153275,-80,320,1019,-6,-4,0
IMU,153285,-81,318,1018,-6,-4,0
IMU,153294,-79,320,1017,-6,-4,0
IMU,153304,-78,321,1017,-6,-4,0
IMU,153314,-79,321,1018,-6,-4,0
IMU,153324,-79,320,1018,-6,-4,0
IMU,153333,-79,320,1017,-6,-4,0
IMU,153343,-78,319,1016,-6,-4,0
IMU,153353,-79,320,1017,-6,-4,0
IMU,153363,-79,320,1017,-6,-4,0
IMU,153373,-81,319,1017,-6,-4,0
IMU,153382,-81,320,1016,-6,-4,0
IMU,153392,-79,318,1016,-6,-4,0
IMU,153402,-81,319,1018,-6,-4,0
IMU,153412,-81,320,1020,-6,-4,0
IMU,153421,-82,318,1017,-6,-4,0
IMU,153431,-80,322,1017,-6,-4,0
IMU,153441,-79,321,1016,-6,-4,0
IMU,153451,-79,320,1018,-6,-4,0
IMU,153460,-80,322,1019,-6,-4,0
IMU,153470,-80,321,1019,-6,-4,0
IMU,153480,-79,321,1018,-6,-4,0
IMU,153490,-79,321,1018,-6,-4,0
IMU,153500,-79,322,1014,-6,-4,0
IMU,153509,-81,319,1016,-6,-4,0
IMU,153519,-80,320,1019,-6,-4,0
IMU,153529,-78,320,1018,-6,-4,0
IMU,153539,-78,319,1015,-6,-4,0
IMU,153548,-80,319,1015,-6,-4,0
IMU,153558,-79,319,1018,-6,-4,0
IMU,153568,-79,319,1019,-6,-4,0
IMU,153578,-80,319,1019,-6,-4,0
IMU,153587,-80,321,1020,-6,-4,0
IMU,153597,-79,320,1019,-6,-4,0
IMU,153608,-79,320,1016,-6,-4,0
IMU,153618,-80,320,1018,-6,-4,0
IMU,153626,-79,322,1017,-6,-4,0
IMU,153637,-80,321,1018,-6,-4,0
IMU,153646,-80,320,1018,-6,-4,0
IMU,153656,-79,319,1017,-6,-4,0
IMU,153666,-79,319,1017,-6,-4,0
IMU,153675,-79,320,1018,-6,-4,0
IMU,153686,-80,320,1017,-6,-4,0
IMU,153696,-81,320,1015,-6,-4,0
IMU,153705,-80,321,1016,-6,-4,0
IMU,153714,-81,321,1016,-6,-4,0
IMU,153724,-80,323,1017,-6,-4,0
IMU,153734,-79,321,1017,-6,-4,0
IMU,153744,-78,322,1016,-6,-4,0
IMU,153753,-80,322,1017,-6,-4,0
IMU,153763,-79,319,1017,-6,-4,0
IMU,153773,-80,317,1020,-6,-4,0
IMU,153783,-80,319,1017,-6,-4,0
IMU,153792,-79,318,1014,-6,-4,0
IMU,153802,-80,318,1019,-6,-4,0
IMU,153812,-80,319,1016,-6,-4,0
IMU,153822,-80,317,1017,-6,-4,0
IMU,153832,-80,318,1018,-6,-4,0
IMU,153841,-78,319,1018,-6,-4,0
IMU,153851,-80,319,1018,-6,-4,0
IMU,153861,-79,320,1017,-6,-4,0
IMU,153871,-82,319,1019,-6,-4,0
IMU,153880,-81,318,1021,-6,-4,0
IMU,153890,-82,320,1016,-6,-4,0
IMU,153900,-80,321,1018,-6,-4,0
IMU,153910,-79,323,1016,-6,-4,0
IMU,153919,-78,324,1018,-6,-4,0
IMU,153929,-79,322,1019,-6,-4,0
IMU,153939,-79,320,1018,-6,-4,0
IMU,153949,-79,321,1016,-6,-4,0
IMU,153958,-79,319,1015,-6,-4,0
IMU,153968,-78,319,1017,-6,-4,0
IMU,153978,-78,321,1017,-6,-4,0
IMU,153988,-80,321,1017,-6,-4,0
IMU,153998,-81,319,1019,-6,-4,0
IMU,154007,-81,322,1018,-6,-4,0
IMU,154017,-80,321,1017,-6,-4,0
IMU,154027,-80,321,1017,-6,-4,0
IMU,154037,-80,320,1018,-6,-4,0
IMU,154046,-79,320,1017,-6,-4,0
IMU,154056,-80,321,1016,-6,-4,0
IMU,154066,-80,321,1018,-6,-4,0
IMU,154076,-81,321,1017,-6,-4,0
IMU,154085,-80,321,1019,-6,-4,0
IMU,154095,-79,322,1018,-6,-4,0
IMU,154105,-80,319,1019,-6,-4,0
IMU,154115,-80,319,1019,-6,-4,0
IMU,154125,-80,319,1019,-6,-4,0
IMU,154134,-80,319,1018,-6,-4,0
IMU,154144,-79,320,1017,-6,-4,0
IMU,154154,-78,319,1020,-6,-4,0
IMU,154164,-79,320,1018,-6,-4,0
IMU,154173,-79,321,1016,-6,-4,0
IMU,154183,-81,321,1017,-6,-4,0
IMU,154193,-81,320,1019,-6,-4,0
IMU,154203,-80,321,1017,-6,-4,0
IMU,154212,-79,321,1016,-6,-4,0
IMU,154222,-78,321,1019,-6,-4,0
IMU,154232,-79,319,1018,-6,-4,0
IMU,154242,-78,322,1018,-6,-4,0
IMU,154251,-80,323,1018,-6,-4,0
IMU,154261,-80,322,1014,-6,-4,0
IMU,154271,-79,321,1018,-6,-4,0
IMU,154281,-79,320,1019,-6,-4,0
IMU,154291,-79,320,1019,-6,-4,0
IMU,154300,-79,321,1022,-6,-4,0
SPM,146083,0.00
SPM,149088,0.00
SPM,152091,0.00
SPM,155091,0.00
SPM,158132,0.00
SPM,161153,0.00
GPS,164378,59.416956,17.982031,0.00,19.39,9
GPS,164876,59.416956,17.982031,0.00,19.39,9
GPS,165384,59.416956,17.982030,0.00,19.46,9
GPS,165893,59.416956,17.982030,0.00,19.46,9
GPS,166380,59.416957,17.982029,0.00,19.53,9
GPS,166878,59.416957,17.982029,0.00,19.53,9
GPS,167387,59.416958,17.982029,0.00,19.61,9
GPS,167884,59.416958,17.982029,0.00,19.61,9
GPS,168383,59.416958,17.982028,0.00,19.67,9
GPS,168880,59.416958,17.982028,0.00,19.67,9
GPS,169378,59.416959,17.982028,0.00,19.74,9
GPS,169886,59.416959,17.982028,0.00,19.74,9
GPS,170384,59.416960,17.982027,0.00,19.80,9
GPS,170882,59.416960,17.982027,0.00,19.80,9
GPS,171391,59.416960,17.982026,0.00,19.89,9
GPS,171888,59.416960,17.982026,0.00,19.89,9
GPS,172386,59.416961,17.982025,0.00,19.98,9
GPS,172894,59.416961,17.982025,0.00,19.98,9
GPS,173392,59.416961,17.982025,0.00,20.05,9
GPS,173890,59.416961,17.982025,0.00,20.05,9
GPS,174388,59.416962,17.982024,0.00,20.09,9
GPS,174886,59.416962,17.982024,0.00,20.09,9
GPS,175375,59.416963,17.982024,0.00,20.17,9
GPS,175882,59.416963,17.982024,0.00,20.17,9
GPS,176390,59.416963,17.982024,0.00,20.21,9
IMU,164066,-78,319,1019,-6,-4,0
IMU,164076,-79,321,1017,-6,-4,0
IMU,164085,-79,321,1019,-6,-4,0
IMU,164095,-79,318,1019,-6,-4,0
IMU,164105,-80,320,1017,-6,-4,0
IMU,164115,-79,318,1022,-6,-4,0
IMU,164125,-81,319,1019,-6,-4,0
IMU,164134,-81,320,1017,-6,-4,0
IMU,164144,-80,320,1020,-6,-4,0
IMU,164154,-79,320,1018,-6,-4,0
IMU,164164,-81,320,1017,-6,-4,0
IMU,164173,-79,321,1018,-6,-4,0
IMU,164183,-79,320,1015,-6,-4,0
IMU,164193,-80,321,1016,-6,-4,0
IMU,164203,-80,322,1019,-6,-4,0
IMU,164212,-80,322,1017,-6,-4,0
IMU,164222,-79,320,1017,-6,-4,0
IMU,164232,-81,322,1017,-6,-4,0
IMU,164242,-80,321,1016,-6,-4,0
IMU,164251,-81,320,1016,-6,-4,0
IMU,164261,-81,321,1017,-6,-4,0
IMU,164271,-80,321,1012,-6,-4,0
IMU,164281,-79,318,1014,-6,-4,0
IMU,164291,-78,320,1018,-6,-4,0
IMU,164300,-79,321,1016,-6,-4,0
IMU,164310,-78,320,1016,-6,-4,0
IMU,164320,-79,322,1017,-6,-4,0
IMU,164330,-80,320,1019,-6,-4,0
IMU,164339,-79,321,1018,-6,-4,0
IMU,164349,-81,319,1019,-6,-4,0
IMU,164359,-80,319,1017,-6,-4,0
IMU,164369,-80,320,1019,-6,-4,0
IMU,164378,-79,321,1019,-6,-4,0
IMU,164388,-78,321,1018,-6,-4,0
IMU,164398,-79,320,1020,-6,-4,0
IMU,164408,-80,322,1018,-6,-4,0
IMU,164417,-79,320,1019,-6,-4,0
IMU,164427,-79,320,1019,-6,-4,0
IMU,164437,-79,320,1019,-6,-4,0
IMU,164447,-80,319,1017,-6,-4,0
IMU,164457,-80,321,1017,-6,-4,0
IMU,164466,-81,319,1016,-6,-4,0
IMU,164476,-79,321,1018,-6,-4,0
IMU,164486,-79,322,1017,-6,-4,0
IMU,164496,-80,319,1018,-6,-4,0
IMU,164505,-79,319,1018,-6,-4,0
IMU,164515,-80,319,1019,-6,-4,0
IMU,164526,-80,319,1018,-6,-4,0
IMU,164535,-80,321,1016,-6,-4,0
IMU,164545,-80,322,1018,-6,-4,0
IMU,164555,-80,321,1019,-6,-4,0
IMU,164564,-80,321,1017,-6,-4,0
IMU,164575,-79,321,1017,-6,-4,0
IMU,164583,-79,322,1016,-6,-4,0
IMU,164593,-80,321,1017,-6,-4,0
IMU,164603,-77,321,1017,-6,-4,0
IMU,164613,-78,322,1017,-6,-4,0
IMU,164623,-79,321,1017,-6,-4,0
IMU,164632,-79,319,1015,-6,-4,0
IMU,164642,-78,319,1016,-6,-4,0
IMU,164652,-79,320,1019,-6,-4,0
IMU,164662,-79,318,1015,-6,-4,0
IMU,164671,-80,319,1018,-6,-4,0
IMU,164681,-80,318,1018,-6,-4,0
IMU,164691,-80,318,1020,-6,-4,0
IMU,164701,-78,321,1018,-6,-4,0
IMU,164710,-80,322,1016,-6,-4,0
IMU,164720,-80,321,1016,-6,-4,0
IMU,164730,-80,319,1020,-6,-4,0
IMU,164740,-79,320,1018,-6,-4,0
IMU,164750,-79,320,1018,-6,-4,0
IMU,164759,-79,322,1017,-6,-4,0
IMU,164769,-79,320,1018,-6,-4,0
IMU,164779,-78,320,1016,-6,-4,0
IMU,164789,-80,319,1016,-6,-4,0
IMU,164798,-80,318,1017,-6,-4,0
IMU,164808,-80,320,1019,-6,-4,0
IMU,164818,-78,320,1019,-6,-4,0
IMU,164828,-77,321,1018,-6,-4,0
IMU,164837,-78,321,1014,-6,-4,0
IMU,164847,-80,321,1017,-6,-4,0
IMU,164857,-79,320,1017,-6,-4,0
IMU,164867,-81,321,1015,-6,-4,0
IMU,164876,-80,321,1015,-6,-4,0
IMU,164886,-79,320,1016,-6,-4,0
IMU,164896,-80,319,1017,-6,-4,0
IMU,164906,-81,320,1017,-6,-4,0
IMU,164916,-81,320,1016,-6,-4,0
IMU,164925,-81,319,1016,-6,-4,0
IMU,164935,-79,319,1018,-6,-4,0
IMU,164945,-78,320,1018,-6,-4,0
IMU,164955,-78,317,1017,-6,-4,0
IMU,164964,-77,318,1020,-6,-4,0
IMU,164974,-79,319,1017,-6,-4,0
IMU,164984,-81,320,1016,-6,-4,0
IMU,164994,-79,323,1018,-6,-4,0
IMU,165003,-79,320,1018,-6,-4,0
IMU,165013,-81,319,1014,-6,-4,0
IMU,165023,-79,320,1020,-6,-4,0
IMU,165033,-79,319,1020,-6,-4,0
IMU,165042,-78,319,1016,-6,-4,0
IMU,165052,-77,321,1018,-6,-4,0
IMU,165062,-78,318,1018,-6,-4,0
IMU,165072,-78,320,1017,-6,-4,0
IMU,165082,-79,320,1017,-6,-4,0
IMU,165091,-79,320,1017,-6,-4,0
IMU,165101,-81,319,1015,-6,-4,0
IMU,165111,-81,320,1019,-6,-4,0
IMU,165121,-82,320,1019,-6,-4,0
IMU,165130,-80,324,1019,-6,-4,0
IMU,165140,-80,322,1020,-6,-4,0
IMU,165150,-79,320,1019,-6,-4,0
IMU,165160,-78,320,1020,-6,-4,0
IMU,165169,-79,322,1021,-6,-4,0
IMU,165179,-77,321,1020,-6,-4,0
IMU,165189,-77,320,1017,-6,-4,0
IMU,165199,-79,320,1017,-6,-4,0
IMU,165208,-79,321,1017,-6,-4,0
IMU,165218,-79,319,1016,-6,-4,0
IMU,165228,-80,320,1017,-6,-4,0
IMU,165238,-81,321,1018,-6,-4,0
IMU,165248,-82,320,1017,-6,-4,0
IMU,165257,-81,319,1016,-6,-4,0
IMU,165267,-80,320,1017,-6,-4,0
IMU,165277,-79,320,1018,-6,-4,0
IMU,165287,-79,319,1017,-6,-4,0
IMU,165296,-79,320,1016,-6,-4,0
IMU,165306,-81,320,1015,-6,-4,0
IMU,165316,-79,317,1018,-6,-4,0
IMU,165326,-79,317,1018,-6,-4,0
IMU,165335,-80,317,1017,-6,-4,0
IMU,165346,-79,316,1020,-6,-4,0
IMU,165355,-79,314,1020,-6,-4,0
IMU,165365,-77,316,1020,-6,-4,0
IMU,165375,-78,318,1017,-6,-4,0
IMU,165384,-79,320,1018,-6,-4,0
IMU,165395,-80,323,1020,-6,-4,0
IMU,165405,-81,322,1018,-6,-4,0
IMU,165414,-79,322,1019,-6,-4,0
IMU,165424,-80,322,1018,-6,-4,0
IMU,165433,-79,322,1017,-6,-4,0
IMU,165443,-81,324,1017,-6,-4,0
IMU,165453,-80,322,1017,-6,-4,0
IMU,165462,-81,319,1017,-6,-4,0
IMU,165472,-80,317,1017,-6,-4,0
IMU,165482,-80,319,1020,-6,-4,0
IMU,165492,-79,319,1019,-6,-4,0
IMU,165501,-78,322,1016,-6,-4,0
IMU,165511,-78,320,1016,-6,-4,0
IMU,165521,-78,320,1018,-6,-4,0
IMU,165531,-79,320,1019,-6,-4,0
IMU,165541,-79,318,1018,-6,-4,0
IMU,165550,-82,319,1018,-6,-4,0
IMU,165560,-80,320,1018,-6,-4,0
IMU,165570,-81,320,1017,-6,-4,0
IMU,165580,-81,320,1020,-6,-4,0
IMU,165589,-80,321,1018,-6,-4,0
IMU,165599,-80,322,1018,-6,-4,0
IMU,165609,-79,320,1016,-6,-4,0
IMU,165619,-79,319,1017,-6,-4,0
IMU,165628,-81,322,1017,-6,-4,0
IMU,165638,-80,320,1017,-6,-4,0
IMU,165648,-79,320,1017,-6,-4,0
IMU,165658,-79,320,1019,-6,-4,0
IMU,165667,-80,320,1017,-6,-4,0
IMU,165677,-80,321,1018,-6,-4,0
IMU,165687,-81,321,1016,-6,-4,0
IMU,165697,-80,321,1020,-6,-4,0
IMU,165707,-80,320,1020,-6,-4,0
IMU,165716,-79,321,1018,-6,-4,0
IMU,165726,-81,320,1019,-6,-4,0
IMU,165736,-80,318,1017,-6,-4,0
IMU,165746,-78,321,1018,-6,-4,0
IMU,165755,-79,321,1020,-6,-4,0
IMU,165765,-80,321,1021,-6,-4,0
IMU,165775,-81,321,1017,-6,-4,0
IMU,165785,-82,320,1017,-6,-4,0
IMU,165794,-81,320,1016,-6,-4,0
IMU,165804,-80,319,1017,-6,-4,0
IMU,165814,-80,320,1018,-6,-4,0
IMU,165824,-79,319,1018,-6,-4,0
IMU,165833,-79,320,1017,-6,-4,0
IMU,165843,-80,320,1016,-6,-4,0
IMU,165853,-82,321,1018,-6,-4,0
IMU,165863,-79,320,1018,-6,-4,0
IMU,165873,-79,321,1018,-6,-4,0
IMU,165882,-78,320,1017,-6,-4,0
IMU,165893,-79,322,1019,-6,-4,0
IMU,165902,-79,320,1019,-6,-4,0
IMU,165913,-78,321,1019,-6,-4,0
IMU,165922,-79,320,1017,-6,-4,0
IMU,165931,-78,321,1017,-6,-4,0
IMU,165942,-79,321,1019,-6,-4,0
IMU,165951,-79,318,1018,-6,-4,0
IMU,165960,-81,321,1019,-6,-4,0
IMU,165970,-80,320,1017,-6,-4,0
IMU,165980,-79,319,1016,-6,-4,0
IMU,165990,-78,321,1018,-6,-4,0
IMU,166000,-80,319,1018,-6,-4,0
IMU,166009,-80,320,1017,-6,-4,0
IMU,166019,-79,322,1019,-6,-4,0
IMU,166029,-79,321,1016,-6,-4,0
IMU,166039,-78,319,1020,-6,-4,0
IMU,166048,-81,321,1016,-6,-4,0
IMU,166058,-80,320,1017,-6,-4,0
IMU,166068,-79,320,1018,-6,-4,0
IMU,166078,-79,321,1017,-6,-4,0
IMU,166087,-78,320,1018,-6,-4,0
IMU,166097,-80,319,1018,-6,-4,0
IMU,166107,-78,319,1018,-6,-4,0
IMU,166117,-79,322,1018,-6,-4,0
IMU,166126,-79,320,1018,-6,-4,0
IMU,166136,-81,321,1018,-6,-4,0
IMU,166146,-79,319,1019,-6,-4,0
IMU,166156,-78,320,1018,-6,-4,0
IMU,166166,-80,319,1017,-6,-4,0
IMU,166175,-80,319,1018,-6,-4,0
IMU,166185,-80,320,1020,-6,-4,0
IMU,166195,-79,320,1021,-6,-4,0
IMU,166205,-80,320,1020,-6,-4,0
IMU,166214,-81,322,1018,-6,-4,0
IMU,166224,-81,319,1018,-6,-4,0
IMU,166234,-79,318,1018,-6,-4,0
IMU,166244,-78,319,1019,-6,-4,0
IMU,166253,-79,320,1018,-6,-4,0
IMU,166263,-78,321,1021,-6,-4,0
IMU,166273,-79,319,1018,-6,-4,0
IMU,166283,-80,318,1019,-6,-4,0
IMU,166292,-81,319,1018,-6,-4,0
IMU,166302,-82,320,1017,-6,-4,0
IMU,166312,-81,320,1017,-6,-4,0
IMU,166322,-80,319,1017,-6,-4,0
IMU,166332,-81,319,1018,-6,-4,0
IMU,166341,-82,322,1017,-6,-4,0
IMU,166351,-81,320,1017,-6,-4,0
IMU,166361,-82,321,1015,-6,-4,0
IMU,166371,-80,323,1016,-6,-4,0
IMU,166380,-80,323,1017,-6,-4,0
IMU,166390,-81,322,1018,-6,-4,0
IMU,166400,-80,320,1017,-6,-4,0
IMU,166410,-80,320,1018,-6,-4,0
IMU,166419,-81,319,1021,-6,-4,0
IMU,166429,-80,321,1019,-6,-4,0
IMU,166439,-81,319,1016,-6,-4,0
IMU,166449,-81,320,1016,-6,-4,0
IMU,166458,-79,319,1019,-6,-4,0
IMU,166468,-78,319,1019,-6,-4,0
IMU,166478,-80,319,1019,-6,-4,0
IMU,166488,-79,320,1016,-6,-4,0
IMU,166498,-79,322,1016,-6,-4,0
IMU,166507,-79,321,1015,-6,-4,0
IMU,166517,-78,320,1018,-6,-4,0
IMU,166527,-78,319,1018,-6,-4,0
IMU,166537,-79,321,1018,-6,-4,0
IMU,166546,-78,319,1018,-6,-4,0
IMU,166556,-79,320,1018,-6,-4,0
IMU,166566,-79,320,1020,-6,-4,0
IMU,166576,-79,318,1016,-6,-4,0
IMU,166585,-79,319,1017,-6,-4,0
IMU,166595,-78,319,1018,-6,-4,0
IMU,166605,-79,321,1017,-6,-4,0
IMU,166615,-79,319,1014,-6,-4,0
IMU,166625,-81,320,1015,-6,-4,0
IMU,166634,-81,319,1018,-6,-4,0
IMU,166644,-81,319,1019,-6,-4,0
IMU,166654,-79,322,1018,-6,-4,0
IMU,166664,-79,322,1020,-6,-4,0
IMU,166673,-78,323,1019,-6,-4,0
IMU,166683,-80,322,1018,-6,-4,0
IMU,166694,-80,321,1018,-6,-4,0
IMU,166703,-81,321,1016,-6,-4,0
IMU,166713,-80,321,1018,-6,-4,0
IMU,166723,-80,321,1016,-6,-4,0
IMU,166732,-80,320,1015,-6,-4,0
IMU,166743,-79,319,1016,-6,-4,0
IMU,166751,-81,320,1017,-6,-4,0
IMU,166761,-78,321,1019,-6,-4,0
IMU,166771,-78,320,1016,-6,-4,0
IMU,166781,-78,319,1017,-6,-4,0
IMU,166791,-78,319,1018,-6,-4,0
IMU,166800,-79,319,1017,-6,-4,0
IMU,166810,-78,320,1019,-6,-4,0
IMU,166820,-79,321,1018,-6,-4,0
IMU,166830,-80,321,1019,-6,-4,0
IMU,166839,-78,321,1019,-6,-4,0
IMU,166849,-78,321,1019,-6,-4,0
IMU,166859,-79,322,1019,-6,-4,0
IMU,166869,-79,321,1015,-6,-4,0
IMU,166878,-77,319,1017,-6,-4,0
IMU,166888,-80,320,1017,-6,-4,0
IMU,166898,-77,319,1019,-6,-4,0
IMU,166908,-77,322,1018,-6,-4,0
IMU,166917,-78,320,1017,-6,-4,0
IMU,166927,-79,319,1017,-6,-4,0
IMU,166937,-77,319,1016,-6,-4,0
IMU,166947,-79,320,1020,-6,-4,0
IMU,166957,-79,322,1018,-6,-4,0
IMU,166966,-79,320,1018,-6,-4,0
IMU,166976,-79,319,1018,-6,-4,0
IMU,166986,-80,319,1021,-6,-4,0
IMU,166996,-79,320,1021,-6,-4,0
IMU,167005,-79,319,1020,-6,-4,0
IMU,167015,-79,321,1019,-6,-4,0
IMU,167025,-80,322,1018,-6,-4,0
IMU,167035,-80,321,1019,-6,-4,0
IMU,167044,-81,321,1019,-6,-4,0
IMU,167054,-79,321,1019,-6,-4,0
IMU,167064,-79,321,1020,-6,-4,0
IMU,167074,-79,320,1020,-6,-4,0
IMU,167083,-79,320,1018,-6,-4,0
IMU,167093,-80,321,1019,-6,-4,0
IMU,167103,-80,321,1018,-6,-4,0
IMU,167113,-79,320,1018,-6,-4,0
IMU,167123,-80,319,1018,-6,-4,0
IMU,167132,-78,319,1018,-6,-4,0
IMU,167142,-80,319,1016,-6,-4,0
IMU,167152,-80,321,1017,-6,-4,0
IMU,167162,-80,320,1017,-6,-4,0
IMU,167171,-79,319,1018,-6,-4,0
IMU,167181,-79,320,1018,-6,-4,0
IMU,167191,-79,322,1018,-6,-4,0
IMU,167201,-78,320,1016,-6,-4,0
IMU,167210,-79,323,1016,-6,-4,0
IMU,167220,-80,322,1017,-6,-4,0
IMU,167230,-79,321,1015,-6,-4,0
IMU,167240,-81,319,1016,-6,-4,0
IMU,167250,-82,321,1018,-6,-4,0
IMU,167259,-82,321,1017,-6,-4,0
IMU,167269,-80,319,1017,-6,-4,0
IMU,167279,-79,320,1019,-6,-4,0
IMU,167289,-80,318,1017,-6,-4,0
IMU,167298,-79,320,1019,-6,-4,0
IMU,167308,-81,320,1018,-6,-4,0
IMU,167318,-79,320,1017,-6,-4,0
IMU,167328,-78,320,1020,-6,-4,0
IMU,167337,-78,319,1019,-6,-4,0
IMU,167347,-80,319,1021,-6,-4,0
IMU,167357,-79,319,1019,-6,-4,0
IMU,167367,-79,319,1019,-6,-4,0
IMU,167376,-80,321,1018,-6,-4,0
IMU,167387,-81,320,1015,-6,-4,0
IMU,167396,-78,320,1016,-6,-4,0
IMU,167406,-80,320,1017,-6,-4,0
IMU,167416,-79,318,1019,-6,-4,0
IMU,167425,-79,318,1017,-6,-4,0
IMU,167435,-80,319,1015,-6,-4,0
IMU,167446,-80,320,1018,-6,-4,0
IMU,167455,-79,320,1020,-6,-4,0
IMU,167464,-80,319,1017,-6,-4,0
IMU,167474,-80,319,1019,-6,-4,0
IMU,167484,-81,319,1020,-6,-4,0
IMU,167494,-79,321,1019,-6,-4,0
IMU,167503,-78,320,1020,-6,-4,0
IMU,167513,-78,322,1017,-6,-4,0
IMU,167523,-78,322,1018,-6,-4,0
IMU,167533,-78,322,1015,-6,-4,0
IMU,167542,-78,320,1016,-6,-4,0
IMU,167552,-81,321,1019,-6,-4,0
IMU,167562,-78,322,1017,-6,-4,0
IMU,167572,-79,322,1018,-6,-4,0
IMU,167582,-79,321,1020,-6,-4,0
IMU,167591,-78,319,1017,-6,-4,0
IMU,167601,-79,320,1019,-6,-4,0
IMU,167611,-79,320,1018,-6,-4,0
IMU,167621,-77,321,1015,-6,-4,0
IMU,167630,-79,320,1015,-6,-4,0
IMU,167640,-79,321,1018,-6,-4,0
IMU,167650,-79,321,1018,-6,-4,0
IMU,167660,-81,320,1015,-6,-4,0
IMU,167669,-79,321,1018,-6,-4,0
IMU,167679,-79,320,1017,-6,-4,0
IMU,167689,-80,320,1019,-6,-4,0
IMU,167699,-80,321,1018,-6,-4,0
IMU,167708,-80,322,1018,-6,-4,0
IMU,167718,-79,321,1018,-6,-4,0
IMU,167728,-79,320,1015,-6,-4,0
IMU,167738,-80,320,1017,-6,-4,0
IMU,167748,-78,319,1016,-6,-4,0
IMU,167757,-80,320,1018,-6,-4,0
IMU,167767,-79,320,1020,-6,-4,0
IMU,167777,-80,322,1019,-6,-4,0
IMU,167787,-81,322,1018,-6,-4,0
IMU,167796,-78,320,1016,-6,-4,0
IMU,167806,-80,321,1017,-6,-4,0
IMU,167816,-80,320,1018,-6,-4,0
IMU,167826,-79,318,1017,-6,-4,0
IMU,167835,-79,321,1018,-6,-4,0
IMU,167845,-79,322,1018,-6,-4,0
IMU,167855,-79,322,1017,-6,-4,0
IMU,167865,-77,320,1017,-6,-4,0
IMU,167875,-79,318,1019,-6,-4,0
IMU,167884,-77,321,1015,-6,-4,0
IMU,167894,-81,320,1016,-6,-4,0
IMU,167905,-82,319,1017,-6,-4,0
IMU,167914,-79,319,1016,-6,-4,0
IMU,167923,-78,321,1018,-6,-4,0
IMU,167933,-80,321,1016,-6,-4,0
IMU,167943,-80,320,1015,-6,-4,0
IMU,167954,-79,318,1015,-6,-4,0
IMU,167963,-79,320,1018,-6,-4,0
IMU,167972,-78,320,1019,-6,-4,0
IMU,167982,-79,320,1019,-6,-4,0
IMU,167992,-79,320,1018,-6,-4,0
IMU,168001,-79,323,1019,-6,-4,0
IMU,168011,-77,320,1020,-6,-4,0
IMU,168021,-77,321,1018,-6,-4,0
IMU,168031,-79,320,1018,-6,-4,0
IMU,168041,-81,320,1017,-6,-4,0
IMU,168050,-79,320,1018,-6,-4,0
IMU,168060,-79,319,1020,-6,-4,0
IMU,168070,-80,319,1019,-6,-4,0
IMU,168080,-80,319,1018,-6,-4,0
IMU,168089,-82,319,1018,-6,-4,0
IMU,168099,-80,319,1018,-6,-4,0
IMU,168109,-80,322,1017,-6,-4,0
IMU,168119,-83,320,1018,-6,-4,0
IMU,168128,-81,320,1018,-6,-4,0
IMU,168138,-79,320,1017,-6,-4,0
IMU,168148,-79,320,1017,-6,-4,0
IMU,168158,-80,321,1018,-6,-4,0
IMU,168167,-78,319,1018,-6,-4,0
IMU,168177,-77,321,1019,-6,-4,0
IMU,168187,-79,320,1018,-6,-4,0
IMU,168197,-79,319,1018,-6,-4,0
IMU,168207,-80,320,1016,-6,-4,0
IMU,168216,-79,320,1015,-6,-4,0
IMU,168226,-80,321,1015,-6,-4,0
IMU,168236,-80,320,1018,-6,-4,0
IMU,168246,-79,320,1018,-6,-4,0
IMU,168255,-79,318,1018,-6,-4,0
IMU,168265,-81,319,1020,-6,-4,0
IMU,168275,-82,320,1018,-6,-4,0
IMU,168285,-80,319,1016,-6,-4,0
IMU,168294,-79,322,1018,-6,-4,0
IMU,168305,-79,321,1017,-6,-4,0
IMU,168314,-79,320,1017,-6,-4,0
IMU,168325,-81,320,1018,-6,-4,0
IMU,168333,-81,321,1019,-6,-4,0
IMU,168343,-79,323,1018,-6,-4,0
IMU,168353,-79,321,1017,-6,-4,0
IMU,168363,-79,319,1017,-6,-4,0
IMU,168373,-80,320,1021,-6,-4,0
IMU,168383,-78,319,1019,-6,-4,0
IMU,168392,-79,319,1017,-6,-4,0
IMU,168402,-79,320,1020,-6,-4,0
IMU,168412,-80,321,1015,-6,-4,0
IMU,168421,-79,320,1018,-6,-4,0
IMU,168431,-79,321,1018,-6,-4,0
IMU,168441,-79,320,1016,-6,-4,0
IMU,168451,-80,321,1018,-6,-4,0
IMU,168460,-79,322,1019,-6,-4,0
IMU,168470,-79,321,1018,-6,-4,0
IMU,168480,-79,321,1017,-6,-4,0
IMU,168490,-79,319,1019,-6,-4,0
IMU,168500,-80,320,1014,-6,-4,0
IMU,168509,-79,321,1014,-6,-4,0
IMU,168519,-80,319,1016,-6,-4,0
IMU,168529,-80,319,1017,-6,-4,0
IMU,168539,-80,320,1018,-6,-4,0
IMU,168548,-80,320,1019,-6,-4,0
IMU,168558,-79,320,1017,-6,-4,0
IMU,168568,-81,320,1017,-6,-4,0
IMU,168578,-82,322,1020,-6,-4,0
IMU,168587,-80,320,1018,-6,-4,0
IMU,168597,-81,321,1017,-6,-4,0
IMU,168607,-82,321,1018,-6,-4,0
IMU,168617,-80,320,1017,-6,-4,0
IMU,168626,-78,321,1018,-6,-4,0
IMU,168636,-80,319,1017,-6,-4,0
IMU,168646,-80,318,1016,-6,-4,0
IMU,168656,-80,318,1018,-6,-4,0
IMU,168666,-79,320,1017,-6,-4,0
IMU,168675,-80,320,1018,-6,-4,0
IMU,168685,-80,319,1019,-6,-4,0
IMU,168695,-80,321,1018,-6,-4,0
IMU,168705,-80,319,1019,-6,-4,0
IMU,168714,-80,321,1016,-6,-4,0
IMU,168724,-79,320,1018,-6,-4,0
IMU,168734,-79,321,1019,-6,-4,0
IMU,168744,-78,320,1020,-6,-4,0
IMU,168753,-77,320,1018,-6,-4,0
IMU,168763,-80,322,1017,-6,-4,0
IMU,168773,-80,321,1015,-6,-4,0
IMU,168783,-79,321,1017,-6,-4,0
IMU,168793,-81,321,1018,-6,-4,0
IMU,168802,-80,321,1018,-6,-4,0
IMU,168813,-78,321,1017,-6,-4,0
IMU,168823,-78,322,1017,-6,-4,0
IMU,168832,-78,320,1019,-6,-4,0
IMU,168841,-79,322,1017,-6,-4,0
IMU,168851,-79,321,1017,-6,-4,0
IMU,168861,-79,319,1018,-6,-4,0
IMU,168872,-79,319,1015,-6,-4,0
IMU,168880,-79,319,1015,-6,-4,0
IMU,168890,-80,320,1017,-6,-4,0
IMU,168900,-80,321,1016,-6,-4,0
IMU,168910,-78,320,1018,-6,-4,0
IMU,168919,-78,320,1014,-6,-4,0
IMU,168929,-80,319,1016,-6,-4,0
IMU,168939,-79,321,1018,-6,-4,0
IMU,168949,-78,320,1016,-6,-4,0
IMU,168958,-79,320,1019,-6,-4,0
IMU,168968,-80,320,1017,-6,-4,0
IMU,168978,-82,321,1019,-6,-4,0
IMU,168988,-80,321,1018,-6,-4,0
IMU,168998,-79,320,1018,-6,-4,0
IMU,169007,-79,322,1020,-6,-4,0
IMU,169017,-80,320,1018,-6,-4,0
IMU,169027,-81,318,1017,-6,-4,0
IMU,169037,-81,321,1018,-6,-4,0
IMU,169046,-79,320,1017,-6,-4,0
IMU,169056,-80,320,1018,-6,-4,0
IMU,169066,-79,320,1018,-6,-4,0
IMU,169076,-80,320,1017,-6,-4,0
IMU,169085,-80,320,1016,-6,-4,0
IMU,169095,-79,321,1017,-6,-4,0
IMU,169105,-79,321,1017,-6,-4,0
IMU,169115,-80,320,1018,-6,-4,0
IMU,169125,-80,319,1016,-6,-4,0
IMU,169134,-78,319,1018,-6,-4,0
IMU,169144,-78,320,1017,-6,-4,0
IMU,169154,-80,321,1016,-6,-4,0
IMU,169164,-79,321,1017,-6,-4,0
IMU,169173,-82,320,1016,-6,-4,0
IMU,169183,-81,320,1017,-6,-4,0
IMU,169193,-79,321,1017,-6,-4,0
IMU,169203,-81,320,1015,-6,-4,0
IMU,169212,-78,320,1019,-6,-4,0
IMU,169222,-79,321,1015,-6,-4,0
IMU,169232,-80,322,1015,-6,-4,0
IMU,169242,-80,321,1017,-6,-4,0
IMU,169251,-79,321,1018,-6,-4,0
IMU,169261,-79,322,1019,-6,-4,0
IMU,169271,-80,320,1018,-6,-4,0
IMU,169281,-81,319,1017,-6,-4,0
IMU,169291,-80,320,1016,-6,-4,0
IMU,169300,-79,320,1015,-6,-4,0
IMU,169310,-80,320,1016,-6,-4,0
IMU,169320,-80,320,1015,-6,-4,0
IMU,169330,-80,320,1017,-6,-4,0
IMU,169339,-82,320,1017,-6,-4,0
IMU,169349,-81,321,1017,-6,-4,0
IMU,169359,-79,320,1017,-6,-4,0
IMU,169369,-79,321,1015,-6,-4,0
IMU,169378,-79,321,1017,-6,-4,0
IMU,169388,-80,323,1018,-6,-4,0
IMU,169398,-82,321,1016,-6,-4,0
IMU,169408,-80,322,1018,-6,-4,0
IMU,169417,-81,322,1019,-6,-4,0
IMU,169427,-79,321,1019,-6,-4,0
IMU,169437,-79,321,1017,-6,-4,0
IMU,169447,-80,322,1015,-6,-4,0
IMU,169457,-78,323,1016,-6,-4,0
IMU,169466,-80,323,1017,-6,-4,0
IMU,169476,-80,322,1015,-6,-4,0
IMU,169486,-78,322,1018,-6,-4,0
IMU,169496,-78,318,1018,-6,-4,0
IMU,169505,-79,315,1019,-6,-4,0
IMU,169515,-79,316,1020,-6,-4,0
IMU,169525,-79,317,1019,-6,-4,0
IMU,169535,-81,318,1017,-6,-4,0
IMU,169544,-80,320,1018,-6,-4,0
IMU,169555,-81,322,1017,-6,-4,0
IMU,169564,-81,322,1019,-6,-4,0
IMU,169575,-79,322,1019,-6,-4,0
IMU,169584,-78,320,1019,-6,-4,0
IMU,169593,-79,322,1021,-6,-4,0
IMU,169604,-78,321,1016,-6,-4,0
IMU,169613,-80,318,1016,-6,-4,0
IMU,169623,-80,320,1020,-6,-4,0
IMU,169632,-80,321,1018,-6,-4,0
IMU,169642,-81,321,1018,-6,-4,0
IMU,169652,-81,323,1019,-6,-4,0
IMU,169662,-81,322,1019,-6,-4,0
IMU,169671,-81,322,1019,-6,-4,0
IMU,169681,-78,320,1017,-6,-4,0
IMU,169691,-79,319,1017,-6,-4,0
IMU,169701,-78,319,1020,-6,-4,0
IMU,169710,-79,319,1022,-6,-4,0
IMU,169720,-79,319,1018,-6,-4,0
IMU,169730,-80,319,1017,-6,-4,0
IMU,169740,-80,321,1016,-6,-4,0
IMU,169750,-81,321,1017,-6,-4,0
IMU,169759,-79,322,1016,-6,-4,0
IMU,169769,-80,322,1017,-6,-4,0
IMU,169779,-80,320,1018,-6,-4,0
IMU,169789,-80,319,1020,-6,-4,0
IMU,169798,-79,321,1017,-6,-4,0
IMU,169808,-80,320,1018,-6,-4,0
IMU,169818,-78,321,1017,-6,-4,0
IMU,169828,-80,322,1017,-6,-4,0
IMU,169837,-82,322,1018,-6,-4,0
IMU,169847,-81,321,1015,-6,-4,0
IMU,169857,-81,321,1019,-6,-4,0
IMU,169867,-81,318,1018,-6,-4,0
IMU,169876,-81,318,1020,-6,-4,0
IMU,169886,-79,318,1021,-6,-4,0
IMU,169896,-75,318,1021,-6,-4,0
IMU,169906,-77,322,1021,-6,-4,0
IMU,169916,-79,322,1019,-6,-4,0
IMU,169925,-78,323,1022,-6,-4,0
IMU,169935,-80,322,1018,-6,-4,0
IMU,169945,-80,323,1018,-6,-4,0
IMU,169955,-82,320,1018,-6,-4,0
IMU,169964,-81,317,1018,-6,-4,0
IMU,169974,-78,317,1019,-6,-4,0
IMU,169984,-79,319,1017,-6,-4,0
IMU,169994,-80,322,1017,-6,-4,0
IMU,170003,-82,324,1015,-6,-4,0
IMU,170013,-84,326,1018,-6,-4,0
IMU,170023,-84,325,1017,-6,-4,0
IMU,170033,-84,326,1016,-6,-4,0
IMU,170042,-84,324,1017,-6,-4,0
IMU,170052,-82,323,1016,-6,-4,0
IMU,170062,-80,322,1015,-6,-4,0
IMU,170072,-78,321,1015,-6,-4,0
IMU,170082,-77,321,1018,-6,-4,0
IMU,170091,-75,322,1019,-6,-4,0
IMU,170101,-73,320,1017,-6,-4,0
IMU,170111,-74,317,1019,-6,-4,0
IMU,170121,-75,314,1018,-6,-4,0
IMU,170130,-76,313,1022,-6,-4,0
IMU,170140,-77,314,1021,-6,-4,0
IMU,170150,-78,317,1020,-6,-4,0
IMU,170160,-81,321,1020,-6,-4,0
IMU,170169,-83,321,1017,-6,-4,0
IMU,170179,-83,320,1016,-6,-4,0
IMU,170189,-85,321,1019,-6,-4,0
IMU,170199,-85,320,1018,-6,-4,0
IMU,170208,-82,319,1017,-6,-4,0
IMU,170218,-82,318,1018,-6,-4,0
IMU,170228,-79,320,1018,-6,-4,0
IMU,170238,-77,321,1015,-6,-4,0
IMU,170248,-78,326,1015,-6,-4,0
IMU,170257,-78,322,1016,-6,-4,0
IMU,170267,-79,323,1017,-6,-4,0
IMU,170277,-81,321,1018,-6,-4,0
IMU,170287,-83,320,1019,-6,-4,0
IMU,170296,-81,321,1019,-6,-4,0
IMU,170306,-79,321,1017,-6,-4,0
IMU,170316,-80,320,1017,-6,-4,0
IMU,170326,-78,320,1019,-6,-4,0
IMU,170335,-80,320,1020,-6,-4,0
IMU,170345,-78,319,1018,-6,-4,0
IMU,170355,-79,320,1018,-6,-4,0
IMU,170365,-80,322,1018,-6,-4,0
IMU,170375,-81,322,1018,-6,-4,0
IMU,170384,-78,317,1018,-6,-4,0
IMU,170394,-78,316,1020,-6,-4,0
IMU,170404,-80,318,1020,-6,-4,0
IMU,170414,-78,320,1018,-6,-4,0
IMU,170423,-78,320,1017,-6,-4,0
IMU,170433,-79,322,1018,-6,-4,0
IMU,170443,-80,322,1020,-6,-4,0
IMU,170453,-78,319,1019,-6,-4,0
IMU,170463,-79,319,1018,-6,-4,0
IMU,170472,-80,319,1020,-6,-4,0
IMU,170482,-79,318,1018,-6,-4,0
IMU,170492,-79,319,1022,-6,-4,0
IMU,170501,-81,319,1023,-6,-4,0
IMU,170512,-80,319,1018,-6,-4,0
IMU,170522,-80,320,1019,-6,-4,0
IMU,170531,-82,319,1019,-6,-4,0
IMU,170541,-79,319,1018,-6,-4,0
IMU,170550,-81,321,1017,-6,-4,0
IMU,170560,-80,320,1019,-6,-4,0
IMU,170570,-80,321,1020,-6,-4,0
IMU,170580,-79,321,1022,-6,-4,0
IMU,170589,-80,321,1020,-6,-4,0
IMU,170599,-81,320,1018,-6,-4,0
IMU,170609,-80,321,1018,-6,-4,0
IMU,170619,-80,321,1021,-6,-4,0
IMU,170628,-79,320,1019,-6,-4,0
IMU,170638,-79,323,1019,-6,-4,0
IMU,170648,-79,320,1018,-6,-4,0
IMU,170658,-80,321,1019,-6,-4,0
IMU,170667,-79,321,1016,-6,-4,0
IMU,170677,-80,319,1018,-6,-4,0
IMU,170687,-80,319,1018,-6,-4,0
IMU,170697,-79,320,1017,-6,-4,0
IMU,170707,-79,318,1019,-6,-4,0
IMU,170716,-79,319,1019,-6,-4,0
IMU,170726,-78,318,1020,-6,-4,0
IMU,170736,-79,318,1017,-6,-4,0
IMU,170746,-77,319,1019,-6,-4,0
IMU,170755,-79,319,1018,-6,-4,0
IMU,170765,-81,320,1017,-6,-4,0
IMU,170775,-81,320,1018,-6,-4,0
IMU,170785,-80,322,1017,-6,-4,0
IMU,170794,-80,322,1018,-6,-4,0
IMU,170804,-80,321,1017,-6,-4,0
IMU,170814,-79,319,1017,-6,-4,0
IMU,170824,-80,318,1020,-6,-4,0
IMU,170833,-80,318,1018,-6,-4,0
IMU,170843,-78,321,1019,-6,-4,0
IMU,170853,-79,322,1017,-6,-4,0
IMU,170863,-78,321,1018,-6,-4,0
IMU,170873,-79,321,1018,-6,-4,0
IMU,170882,-80,320,1015,-6,-4,0
IMU,170892,-79,320,1015,-6,-4,0
IMU,170902,-79,318,1014,-6,-4,0
IMU,170912,-80,320,1018,-6,-4,0
IMU,170921,-80,319,1017,-6,-4,0
IMU,170931,-79,318,1018,-6,-4,0
IMU,170941,-80,320,1019,-6,-4,0
IMU,170951,-80,321,1020,-6,-4,0
IMU,170960,-80,320,1018,-6,-4,0
IMU,170970,-80,321,1017,-6,-4,0
IMU,170980,-79,321,1019,-6,-4,0
IMU,170991,-79,320,1018,-6,-4,0
IMU,171000,-79,320,1017,-6,-4,0
IMU,171009,-80,322,1015,-6,-4,0
IMU,171019,-79,321,1018,-6,-4,0
IMU,171029,-78,322,1016,-6,-4,0
IMU,171039,-80,320,1020,-6,-4,0
IMU,171048,-81,321,1017,-6,-4,0
IMU,171058,-79,320,1016,-6,-4,0
IMU,171068,-80,320,1018,-6,-4,0
IMU,171078,-82,321,1021,-6,-4,0
IMU,171087,-80,319,1019,-6,-4,0
IMU,171097,-80,319,1021,-6,-4,0
IMU,171107,-80,321,1021,-6,-4,0
IMU,171117,-79,322,1021,-6,-4,0
IMU,171126,-79,322,1019,-6,-4,0
IMU,171136,-80,319,1016,-6,-4,0
IMU,171146,-79,319,1019,-6,-4,0
IMU,171156,-79,318,1017,-6,-4,0
IMU,171166,-79,318,1018,-6,-4,0
IMU,171175,-80,319,1019,-6,-4,0
IMU,171185,-80,320,1018,-6,-4,0
IMU,171195,-78,319,1018,-6,-4,0
IMU,171205,-79,318,1017,-6,-4,0
IMU,171214,-79,319,1019,-6,-4,0
IMU,171224,-80,320,1019,-6,-4,0
IMU,171234,-79,321,1018,-6,-4,0
IMU,171244,-79,322,1019,-6,-4,0
IMU,171253,-79,321,1019,-6,-4,0
IMU,171263,-79,320,1021,-6,-4,0
IMU,171273,-80,321,1020,-6,-4,0
IMU,171283,-79,322,1017,-6,-4,0
IMU,171292,-79,320,1017,-6,-4,0
IMU,171302,-80,321,1016,-6,-4,0
IMU,171313,-79,321,1019,-6,-4,0
IMU,171322,-80,319,1018,-6,-4,0
IMU,171333,-80,321,1020,-6,-4,0
IMU,171341,-80,318,1019,-6,-4,0
IMU,171351,-80,319,1019,-6,-4,0
IMU,171362,-79,321,1018,-6,-4,0
IMU,171371,-80,320,1020,-6,-4,0
IMU,171381,-80,321,1020,-6,-4,0
IMU,171391,-80,321,1021,-6,-4,0
IMU,171400,-79,321,1018,-6,-4,0
IMU,171410,-79,319,1018,-6,-4,0
IMU,171419,-79,320,1018,-6,-4,0
IMU,171429,-79,320,1017,-6,-4,0
IMU,171439,-80,321,1016,-6,-4,0
IMU,171449,-78,322,1019,-6,-4,0
IMU,171458,-79,321,1019,-6,-4,0
IMU,171468,-80,319,1018,-6,-4,0
IMU,171478,-82,319,1018,-6,-4,0
IMU,171488,-79,320,1019,-6,-4,0
IMU,171498,-79,321,1017,-6,-4,0
IMU,171507,-82,319,1017,-6,-4,0
IMU,171517,-80,321,1017,-6,-4,0
IMU,171527,-80,322,1019,-6,-4,0
IMU,171537,-80,320,1019,-6,-4,0
IMU,171546,-80,319,1016,-6,-4,0
IMU,171556,-79,321,1019,-6,-4,0
IMU,171566,-77,319,1016,-6,-4,0
IMU,171576,-79,320,1019,-6,-4,0
IMU,171585,-80,320,1018,-6,-4,0
IMU,171595,-80,321,1018,-6,-4,0
IMU,171605,-80,320,1016,-6,-4,0
IMU,171615,-81,317,1019,-6,-4,0
IMU,171625,-79,319,1020,-6,-4,0
IMU,171634,-78,318,1021,-6,-4,0
IMU,171644,-78,319,1019,-6,-4,0
IMU,171654,-78,321,1019,-6,-4,0
IMU,171664,-78,322,1016,-6,-4,0
IMU,171673,-78,320,1015,-6,-4,0
IMU,171683,-79,317,1016,-6,-4,0
IMU,171693,-79,319,1018,-6,-4,0
IMU,171703,-80,320,1017,-6,-4,0
IMU,171712,-79,320,1017,-6,-4,0
IMU,171722,-81,320,1018,-6,-4,0
IMU,171732,-79,321,1018,-6,-4,0
IMU,171742,-79,321,1020,-6,-4,0
IMU,171751,-79,322,1018,-6,-4,0
IMU,171761,-79,320,1014,-6,-4,0
IMU,171771,-79,322,1015,-6,-4,0
IMU,171781,-80,321,1018,-6,-4,0
IMU,171791,-81,322,1018,-6,-4,0
IMU,171800,-80,322,1019,-6,-4,0
IMU,171810,-79,319,1020,-6,-4,0
IMU,171820,-77,319,1020,-6,-4,0
IMU,171830,-79,321,1016,-6,-4,0
IMU,171839,-80,322,1018,-6,-4,0
IMU,171849,-79,321,1018,-6,-4,0
IMU,171860,-79,322,1016,-6,-4,0
IMU,171869,-79,321,1014,-6,-4,0
IMU,171879,-79,322,1016,-6,-4,0
IMU,171888,-79,320,1016,-6,-4,0
IMU,171898,-79,321,1015,-6,-4,0
IMU,171909,-78,322,1017,-6,-4,0
IMU,171917,-79,319,1018,-6,-4,0
IMU,171927,-81,321,1016,-6,-4,0
IMU,171938,-80,320,1015,-6,-4,0
IMU,171947,-78,319,1017,-6,-4,0
IMU,171957,-80,319,1019,-6,-4,0
IMU,171966,-78,321,1017,-6,-4,0
IMU,171976,-79,318,1022,-6,-4,0
IMU,171986,-79,319,1018,-6,-4,0
IMU,171996,-79,320,1021,-6,-4,0
IMU,172005,-80,321,1020,-6,-4,0
IMU,172015,-79,321,1018,-6,-4,0
IMU,172025,-80,321,1016,-6,-4,0
IMU,172035,-80,320,1017,-6,-4,0
IMU,172044,-79,320,1017,-6,-4,0
IMU,172054,-80,321,1016,-6,-4,0
IMU,172064,-79,319,1013,-6,-4,0
IMU,172074,-78,319,1015,-6,-4,0
IMU,172083,-81,318,1017,-6,-4,0
IMU,172093,-82,318,1018,-6,-4,0
IMU,172103,-80,319,1018,-6,-4,0
IMU,172113,-81,320,1017,-6,-4,0
IMU,172123,-80,321,1018,-6,-4,0
IMU,172132,-80,321,1021,-6,-4,0
IMU,172142,-80,320,1020,-6,-4,0
IMU,172152,-80,319,1018,-6,-4,0
IMU,172162,-79,320,1017,-6,-4,0
IMU,172171,-80,320,1017,-6,-4,0
IMU,172181,-79,320,1017,-6,-4,0
IMU,172191,-78,320,1018,-6,-4,0
IMU,172201,-79,320,1019,-6,-4,0
IMU,172210,-79,318,1018,-6,-4,0
IMU,172220,-79,320,1017,-6,-4,0
IMU,172230,-77,320,1018,-6,-4,0
IMU,172240,-78,321,1018,-6,-4,0
IMU,172250,-79,320,1019,-6,-4,0
IMU,172259,-81,320,1017,-6,-4,0
IMU,172269,-80,319,1020,-6,-4,0
IMU,172279,-79,320,1019,-6,-4,0
IMU,172289,-80,321,1020,-6,-4,0
IMU,172298,-78,318,1017,-6,-4,0
IMU,172308,-79,322,1016,-6,-4,0
IMU,172318,-79,322,1016,-6,-4,0
IMU,172328,-79,322,1016,-6,-4,0
IMU,172337,-79,320,1017,-6,-4,0
IMU,172347,-80,321,1016,-6,-4,0
IMU,172357,-80,320,1019,-6,-4,0
IMU,172367,-79,320,1017,-6,-4,0
IMU,172376,-80,321,1015,-6,-4,0
IMU,172386,-79,320,1018,-6,-4,0
IMU,172396,-77,320,1020,-6,-4,0
IMU,172406,-79,319,1019,-6,-4,0
IMU,172416,-79,320,1018,-6,-4,0
IMU,172425,-79,320,1019,-6,-4,0
IMU,172435,-80,320,1019,-6,-4,0
IMU,172445,-80,321,1019,-6,-4,0
IMU,172455,-79,321,1021,-6,-4,0
IMU,172464,-78,321,1018,-6,-4,0
IMU,172474,-78,321,1017,-6,-4,0
IMU,172484,-78,319,1018,-6,-4,0
IMU,172494,-81,318,1018,-6,-4,0
IMU,172503,-79,318,1017,-6,-4,0
IMU,172513,-78,318,1016,-6,-4,0
IMU,172523,-80,318,1017,-6,-4,0
IMU,172533,-80,320,1014,-6,-4,0
IMU,172542,-80,321,1018,-6,-4,0
IMU,172552,-82,320,1018,-6,-4,0
IMU,172562,-81,320,1018,-6,-4,0
IMU,172572,-81,319,1018,-6,-4,0
IMU,172582,-81,319,1020,-6,-4,0
IMU,172591,-78,320,1017,-6,-4,0
IMU,172601,-80,320,1016,-6,-4,0
IMU,172611,-80,319,1016,-6,-4,0
IMU,172621,-79,318,1018,-6,-4,0
IMU,172630,-81,321,1017,-6,-4,0
IMU,172640,-80,320,1016,-6,-4,0
IMU,172650,-79,319,1017,-6,-4,0
IMU,172660,-79,320,1017,-6,-4,0
IMU,172669,-79,320,1018,-6,-4,0
IMU,172680,-78,318,1017,-6,-4,0
IMU,172689,-81,320,1017,-6,-4,0
IMU,172699,-81,319,1015,-6,-4,0
IMU,172708,-79,320,1017,-6,-4,0
IMU,172718,-79,321,1016,-6,-4,0
IMU,172729,-80,321,1016,-6,-4,0
IMU,172738,-79,318,1017,-6,-4,0
IMU,172748,-80,319,1018,-6,-4,0
IMU,172758,-80,320,1020,-6,-4,0
IMU,172767,-79,320,1016,-6,-4,0
IMU,172777,-82,321,1018,-6,-4,0
IMU,172787,-80,321,1017,-6,-4,0
IMU,172796,-78,321,1018,-6,-4,0
IMU,172806,-79,321,1018,-6,-4,0
IMU,172816,-78,320,1017,-6,-4,0
IMU,172826,-78,322,1016,-6,-4,0
IMU,172835,-79,321,1016,-6,-4,0
IMU,172845,-80,321,1017,-6,-4,0
IMU,172855,-83,322,1017,-6,-4,0
IMU,172865,-81,322,1017,-6,-4,0
IMU,172875,-81,321,1016,-6,-4,0
IMU,172884,-79,321,1015,-6,-4,0
IMU,172894,-79,321,1020,-6,-4,0
IMU,172904,-81,320,1018,-6,-4,0
IMU,172914,-79,319,1020,-6,-4,0
IMU,172923,-80,322,1018,-6,-4,0
IMU,172933,-79,321,1018,-6,-4,0
IMU,172943,-80,321,1020,-6,-4,0
IMU,172953,-80,320,1019,-6,-4,0
IMU,172962,-80,319,1017,-6,-4,0
IMU,172972,-79,321,1019,-6,-4,0
IMU,172982,-79,321,1018,-6,-4,0
IMU,172992,-80,318,1018,-6,-4,0
IMU,173001,-78,318,1018,-6,-4,0
IMU,173011,-79,321,1017,-6,-4,0
IMU,173021,-79,320,1016,-6,-4,0
IMU,173031,-79,319,1016,-6,-4,0
IMU,173041,-79,321,1017,-6,-4,0
IMU,173050,-80,321,1018,-6,-4,0
IMU,173060,-81,319,1016,-6,-4,0
IMU,173070,-80,319,1017,-6,-4,0
IMU,173080,-80,320,1019,-6,-4,0
IMU,173089,-80,319,1016,-6,-4,0
IMU,173099,-79,320,1019,-6,-4,0
IMU,173109,-80,322,1020,-6,-4,0
IMU,173119,-80,321,1018,-6,-4,0
IMU,173128,-79,319,1016,-6,-4,0
IMU,173138,-80,317,1016,-6,-4,0
IMU,173148,-80,320,1014,-6,-4,0
IMU,173158,-81,321,1016,-6,-4,0
IMU,173167,-80,320,1020,-6,-4,0
IMU,173177,-78,321,1018,-6,-4,0
IMU,173187,-78,320,1018,-6,-4,0
IMU,173197,-80,320,1020,-6,-4,0
IMU,173207,-79,320,1016,-6,-4,0
IMU,173216,-77,320,1018,-6,-4,0
IMU,173226,-79,319,1021,-6,-4,0
IMU,173236,-79,321,1018,-6,-4,0
IMU,173246,-79,320,1019,-6,-4,0
IMU,173255,-79,319,1020,-6,-4,0
IMU,173265,-80,320,1018,-6,-4,0
IMU,173275,-79,319,1018,-6,-4,0
IMU,173285,-80,320,1020,-6,-4,0
IMU,173294,-79,322,1017,-6,-4,0
IMU,173304,-80,320,1017,-6,-4,0
IMU,173314,-80,320,1017,-6,-4,0
IMU,173324,-79,319,1017,-6,-4,0
IMU,173333,-79,319,1015,-6,-4,0
IMU,173343,-78,319,1018,-6,-4,0
IMU,173353,-79,318,1017,-6,-4,0
IMU,173363,-79,317,1020,-6,-4,0
IMU,173373,-80,318,1020,-6,-4,0
IMU,173382,-78,320,1019,-6,-4,0
IMU,173392,-80,320,1018,-6,-4,0
IMU,173402,-82,320,1018,-6,-4,0
IMU,173412,-79,319,1017,-6,-4,0
IMU,173421,-79,320,1019,-6,-4,0
IMU,173431,-79,321,1017,-6,-4,0
IMU,173441,-79,318,1017,-6,-4,0
IMU,173451,-80,321,1019,-6,-4,0
IMU,173460,-79,319,1019,-6,-4,0
IMU,173470,-78,316,1018,-6,-4,0
IMU,173480,-79,320,1017,-6,-4,0
IMU,173490,-79,318,1017,-6,-4,0
IMU,173500,-80,318,1018,-6,-4,0
IMU,173509,-79,319,1019,-6,-4,0
IMU,173519,-78,320,1020,-6,-4,0
IMU,173529,-80,319,1018,-6,-4,0
IMU,173539,-79,321,1018,-6,-4,0
IMU,173548,-79,319,1018,-6,-4,0
IMU,173558,-79,319,1016,-6,-4,0
IMU,173568,-80,320,1018,-6,-4,0
IMU,173578,-79,320,1019,-6,-4,0
IMU,173587,-80,321,1019,-6,-4,0
IMU,173597,-79,320,1019,-6,-4,0
IMU,173607,-81,320,1019,-6,-4,0
IMU,173617,-79,321,1015,-6,-4,0
IMU,173626,-77,321,1017,-6,-4,0
IMU,173636,-78,321,1018,-6,-4,0
IMU,173646,-79,319,1017,-6,-4,0
IMU,173656,-79,318,1015,-6,-4,0
IMU,173666,-81,319,1018,-6,-4,0
IMU,173675,-79,319,1017,-6,-4,0
IMU,173685,-79,321,1018,-6,-4,0
IMU,173695,-79,321,1018,-6,-4,0
IMU,173705,-78,320,1016,-6,-4,0
IMU,173715,-80,320,1017,-6,-4,0
IMU,173724,-79,318,1017,-6,-4,0
IMU,173735,-79,318,1018,-6,-4,0
IMU,173744,-78,319,1016,-6,-4,0
IMU,173753,-77,320,1018,-6,-4,0
IMU,173764,-79,319,1019,-6,-4,0
IMU,173773,-81,321,1018,-6,-4,0
IMU,173784,-81,319,1016,-6,-4,0
IMU,173793,-81,321,1019,-6,-4,0
IMU,173802,-80,319,1018,-6,-4,0
IMU,173812,-81,318,1019,-6,-4,0
IMU,173822,-82,320,1020,-6,-4,0
IMU,173832,-80,320,1018,-6,-4,0
IMU,173841,-80,320,1016,-6,-4,0
IMU,173851,-79,321,1019,-6,-4,0
IMU,173861,-79,322,1020,-6,-4,0
IMU,173871,-80,322,1018,-6,-4,0
IMU,173880,-80,321,1017,-6,-4,0
IMU,173890,-80,319,1017,-6,-4,0
IMU,173900,-82,319,1019,-6,-4,0
IMU,173910,-79,319,1020,-6,-4,0
IMU,173919,-80,319,1020,-6,-4,0
IMU,173929,-80,321,1018,-6,-4,0
IMU,173939,-80,322,1018,-6,-4,0
IMU,173949,-78,322,1018,-6,-4,0
IMU,173958,-78,320,1015,-6,-4,0
IMU,173968,-79,321,1018,-6,-4,0
IMU,173978,-79,321,1017,-6,-4,0
IMU,173988,-79,320,1020,-6,-4,0
IMU,173998,-79,321,1017,-6,-4,0
IMU,174007,-79,321,1019,-6,-4,0
IMU,174017,-80,320,1019,-6,-4,0
IMU,174027,-80,320,1018,-6,-4,0
IMU,174037,-79,318,1016,-6,-4,0
IMU,174046,-77,320,1015,-6,-4,0
IMU,174056,-77,320,1018,-6,-4,0
IMU,174066,-78,319,1016,-6,-4,0
IMU,174076,-79,317,1016,-6,-4,0
IMU,174085,-79,318,1016,-6,-4,0
IMU,174095,-80,318,1019,-6,-4,0
IMU,174105,-80,319,1020,-6,-4,0
IMU,174115,-79,321,1020,-6,-4,0
IMU,174125,-79,320,1018,-6,-4,0
IMU,174134,-78,320,1019,-6,-4,0
IMU,174144,-79,322,1016,-6,-4,0
IMU,174154,-81,320,1019,-6,-4,0
IMU,174164,-78,320,1017,-6,-4,0
IMU,174173,-78,320,1019,-6,-4,0
IMU,174183,-81,322,1017,-6,-4,0
IMU,174193,-80,321,1017,-6,-4,0
IMU,174203,-81,320,1018,-6,-4,0
IMU,174212,-81,321,1018,-6,-4,0
IMU,174222,-81,319,1018,-6,-4,0
IMU,174232,-79,320,1018,-6,-4,0
IMU,174242,-81,319,1019,-6,-4,0
IMU,174251,-79,320,1018,-6,-4,0
IMU,174261,-80,319,1018,-6,-4,0
IMU,174271,-79,321,1018,-6,-4,0
IMU,174281,-79,319,1019,-6,-4,0
IMU,174291,-80,320,1021,-6,-4,0
IMU,174300,-81,320,1020,-6,-4,0
IMU,174310,-81,321,1017,-6,-4,0
SPM,164429,0.00
SPM,167432,0.00
SPM,170439,0.00
SPM,173449,0.00
SPM,176492,0.00
SPM,179535,0.00
SPM,182554,0.00